-- phpMyAdmin SQL Dump
-- version 4.5.1
-- http://www.phpmyadmin.net
--
-- Host: 127.0.0.1
-- Generation Time: 09 Des 2016 pada 17.09
-- Versi Server: 10.1.13-MariaDB
-- PHP Version: 5.6.21

SET SQL_MODE = "NO_AUTO_VALUE_ON_ZERO";
SET time_zone = "+00:00";


/*!40101 SET @OLD_CHARACTER_SET_CLIENT=@@CHARACTER_SET_CLIENT */;
/*!40101 SET @OLD_CHARACTER_SET_RESULTS=@@CHARACTER_SET_RESULTS */;
/*!40101 SET @OLD_COLLATION_CONNECTION=@@COLLATION_CONNECTION */;
/*!40101 SET NAMES utf8mb4 */;

--
-- Database: `skripsi1`
--

-- --------------------------------------------------------

--
-- Struktur dari tabel `dosen_makalah`
--

CREATE TABLE `dosen_makalah` (
  `id_user` int(11) DEFAULT NULL,
  `id_makalah` int(11) DEFAULT NULL,
  `id_jenis_dosen` int(11) DEFAULT NULL
) ENGINE=InnoDB DEFAULT CHARSET=latin1;

--
-- Dumping data untuk tabel `dosen_makalah`
--

INSERT INTO `dosen_makalah` (`id_user`, `id_makalah`, `id_jenis_dosen`) VALUES
(7, 7, 1),
(5, 7, 2),
(5, 11, 1),
(4, 11, 2),
(12, 13, 1),
(7, 13, 2),
(5, 21, 1),
(7, 21, 2),
(4, 8, 1),
(17, 8, 2),
(17, 18, 1),
(7, 18, 2),
(19, 28, 1),
(26, 28, 2),
(19, 1, 1),
(21, 1, 2);

-- --------------------------------------------------------

--
-- Struktur dari tabel `history_plagiat`
--

CREATE TABLE `history_plagiat` (
  `id_plagiat` int(11) NOT NULL,
  `id_makalah_uji` int(11) DEFAULT NULL,
  `id_makalah_ref` int(11) DEFAULT NULL,
  `form` varchar(500) DEFAULT NULL,
  `persentase` double DEFAULT NULL,
  `waktu` datetime NOT NULL
) ENGINE=InnoDB DEFAULT CHARSET=latin1;

--
-- Dumping data untuk tabel `history_plagiat`
--

INSERT INTO `history_plagiat` (`id_plagiat`, `id_makalah_uji`, `id_makalah_ref`, `form`, `persentase`, `waktu`) VALUES
(1, 9, 7, 'judul', 25, '2016-05-17 19:47:17'),
(2, 9, 7, 'abstrak', 50, '2016-05-17 19:47:17'),
(3, 9, 7, 'permasalahan', 75, '2016-05-17 19:47:17'),
(4, 15, 7, 'judul', 48, '2016-05-20 19:47:49'),
(5, 15, 8, 'judul', 89, '2016-05-20 19:47:49'),
(6, 15, 10, 'judul', 89, '2016-05-20 19:47:49'),
(7, 15, 11, 'judul', 94, '2016-05-20 19:47:49'),
(8, 15, 13, 'judul', 63, '2016-05-20 19:47:49'),
(9, 15, 7, 'judul', 47, '2016-05-23 19:48:10'),
(10, 15, 8, 'judul', 88, '2016-05-23 19:48:10'),
(11, 15, 10, 'judul', 88, '2016-05-23 19:48:10'),
(12, 15, 11, 'judul', 93, '2016-05-23 19:48:10'),
(13, 15, 13, 'judul', 62, '2016-05-23 19:48:10'),
(14, 16, 7, 'judul', 38, '2016-05-25 19:48:41'),
(15, 16, 7, 'abstrak', 77, '2016-05-25 19:48:41'),
(16, 16, 8, 'judul', 47, '2016-05-25 19:48:41'),
(17, 16, 8, 'abstrak', 77, '2016-05-25 19:48:41'),
(18, 16, 10, 'judul', 47, '2016-05-25 19:48:41'),
(19, 16, 10, 'abstrak', 74, '2016-05-25 19:48:41'),
(20, 16, 11, 'judul', 48, '2016-05-25 19:48:41'),
(21, 16, 11, 'abstrak', 77, '2016-05-25 19:48:41'),
(22, 16, 13, 'judul', 46, '2016-05-25 19:48:41'),
(23, 16, 13, 'abstrak', 59, '2016-05-25 19:48:41'),
(24, 17, 7, 'judul', 38, '2016-05-27 19:49:20'),
(25, 17, 7, 'abstrak', 77, '2016-05-27 19:49:20'),
(26, 17, 8, 'judul', 47, '2016-05-27 19:49:20'),
(27, 17, 8, 'abstrak', 77, '2016-05-27 19:49:20'),
(28, 17, 10, 'judul', 47, '2016-05-27 19:49:20'),
(29, 17, 10, 'abstrak', 74, '2016-05-27 19:49:20'),
(30, 17, 11, 'judul', 48, '2016-05-27 19:49:20'),
(31, 17, 11, 'abstrak', 77, '2016-05-27 19:49:20'),
(32, 17, 13, 'judul', 46, '2016-05-27 19:49:20'),
(33, 17, 13, 'abstrak', 59, '2016-05-27 19:49:20'),
(34, 20, 7, 'abstrak', 77, '2016-05-28 19:51:11'),
(35, 20, 8, 'abstrak', 77, '2016-05-28 19:51:11'),
(36, 20, 10, 'abstrak', 74, '2016-05-28 19:51:11'),
(37, 20, 11, 'abstrak', 77, '2016-05-28 19:51:11'),
(38, 20, 13, 'abstrak', 59, '2016-05-28 19:51:11'),
(39, 20, 18, 'judul', 93, '2016-05-28 19:51:11'),
(40, 20, 19, 'judul', 54, '2016-05-28 19:51:11'),
(41, 20, 7, 'abstrak', 77, '2016-05-28 20:51:11'),
(42, 20, 8, 'abstrak', 77, '2016-05-28 20:51:11'),
(43, 20, 10, 'abstrak', 74, '2016-05-28 20:51:11'),
(44, 20, 11, 'abstrak', 77, '2016-05-28 20:51:11'),
(45, 20, 13, 'abstrak', 59, '2016-05-28 20:51:11'),
(46, 20, 18, 'judul', 93, '2016-05-28 20:51:11'),
(47, 20, 19, 'judul', 54, '2016-05-28 20:51:11'),
(48, 20, 7, 'abstrak', 77, '2016-05-28 22:51:11'),
(49, 20, 8, 'abstrak', 77, '2016-05-28 22:51:11'),
(50, 20, 10, 'abstrak', 74, '2016-05-28 22:51:11'),
(51, 20, 11, 'abstrak', 77, '2016-05-28 22:51:11'),
(52, 20, 13, 'abstrak', 59, '2016-05-28 22:51:11'),
(53, 20, 18, 'judul', 93, '2016-05-28 22:51:11'),
(54, 20, 19, 'judul', 54, '2016-05-28 22:51:11'),
(55, 20, 18, 'judul', 95.698924731183, '2016-05-31 19:55:49'),
(56, 20, 19, 'judul', 50.406504065041, '2016-05-31 19:55:49'),
(57, 20, 18, 'judul', 95.698924731183, '2016-05-31 20:12:03'),
(58, 20, 19, 'judul', 50.406504065041, '2016-05-31 20:12:03'),
(59, 20, 18, 'judul', 95.7, '2016-05-31 20:14:15'),
(60, 20, 19, 'judul', 50.41, '2016-05-31 20:14:15'),
(61, 21, 18, 'judul', 83.72, '2016-05-31 22:27:48'),
(62, 21, 18, 'judul', 78.05, '2016-05-31 22:28:30'),
(63, 21, 18, 'judul', 57.58, '2016-05-31 22:29:11'),
(64, 21, 18, 'abstrak', 85.79, '2016-05-31 22:29:53'),
(65, 19, 18, 'judul', 56.49, '2016-05-31 22:37:41'),
(66, 8, 7, 'abstrak', 80, '0000-00-00 00:00:00'),
(67, 8, 10, 'judul', 57.14, '0000-00-00 00:00:00'),
(68, 8, 10, 'abstrak', 80, '0000-00-00 00:00:00'),
(69, 8, 11, 'judul', 57.14, '0000-00-00 00:00:00'),
(70, 8, 10, 'judul', 57.14, '0000-00-00 00:00:00'),
(71, 8, 11, 'judul', 57.14, '0000-00-00 00:00:00'),
(72, 8, 10, 'judul', 57.14, '2016-06-01 00:10:45'),
(73, 8, 11, 'judul', 57.14, '2016-06-01 00:10:45'),
(74, 22, 18, 'judul', 50, '2016-06-01 11:27:00'),
(75, 10, 7, 'abstrak', 80, '2016-06-01 16:54:26'),
(76, 10, 11, 'judul', 66.67, '2016-06-01 16:54:26'),
(77, 10, 13, 'abstrak', 47.06, '2016-06-01 16:54:26'),
(78, 10, 7, 'abstrak', 66.67, '2016-06-01 16:55:50'),
(79, 10, 13, 'abstrak', 42.11, '2016-06-01 16:55:50'),
(80, 23, 21, 'abstrak', 100, '2016-06-01 17:03:13'),
(81, 25, 18, 'judul', 88.76, '2016-06-01 18:51:33'),
(82, 26, 18, 'judul', 48.39, '2016-06-01 18:51:54'),
(83, 28, 21, 'judul', 88.48, '2016-06-03 05:48:56'),
(84, 28, 18, 'judul', 85.53, '2016-06-03 05:59:51'),
(85, 28, 18, 'judul', 67.07, '2016-06-03 06:01:53'),
(86, 28, 13, 'judul', 100, '2016-06-03 06:02:26'),
(87, 28, 18, 'judul', 67.07, '2016-06-03 06:02:41'),
(88, 28, 10, 'judul', 38.1, '2016-06-03 06:17:52'),
(89, 29, 27, 'abstrak', 94.12, '2016-06-05 16:37:25'),
(90, 31, 18, 'judul', 41.27, '2016-06-08 04:25:37'),
(91, 33, 32, 'judul', 100, '2016-07-14 22:03:03'),
(92, 33, 32, 'abstrak', 100, '2016-07-14 22:03:03'),
(93, 35, 34, 'judul', 100, '2016-07-14 22:04:13'),
(94, 35, 34, 'abstrak', 100, '2016-07-14 22:04:13'),
(95, 35, 34, 'abstrak', 100, '2016-07-14 22:06:01'),
(96, 5, 4, 'judul', 100, '2016-11-09 14:59:31');

-- --------------------------------------------------------

--
-- Struktur dari tabel `jenis_dosen`
--

CREATE TABLE `jenis_dosen` (
  `id_jenis_dosen` int(11) NOT NULL,
  `jenis_dosen` varchar(50) DEFAULT NULL
) ENGINE=InnoDB DEFAULT CHARSET=latin1;

--
-- Dumping data untuk tabel `jenis_dosen`
--

INSERT INTO `jenis_dosen` (`id_jenis_dosen`, `jenis_dosen`) VALUES
(1, 'utama'),
(2, 'pengembang');

-- --------------------------------------------------------

--
-- Struktur dari tabel `katadasar`
--

CREATE TABLE `katadasar` (
  `kata` varchar(20) NOT NULL
) ENGINE=MyISAM DEFAULT CHARSET=utf8;

--
-- Dumping data untuk tabel `katadasar`
--

INSERT INTO `katadasar` (`kata`) VALUES
('aba'),
('aba-aba'),
('abad'),
('abadi'),
('abadiah'),
('abah'),
('abai'),
('abaimana'),
('abaka'),
('abaktinal'),
('abakus'),
('abal-abal'),
('aban'),
('abang'),
('abangan'),
('abangga'),
('abar'),
('abatoar'),
('abau'),
('abdas'),
('abdi'),
('abdikasi'),
('abdomen'),
('abdominal'),
('abdu'),
('abduksi'),
('abduktor'),
('abece'),
('aben'),
('aberasi'),
('abet'),
('abian'),
('abid'),
('abidin'),
('abiogenesis'),
('abiosfer'),
('abiotik'),
('abis'),
('abisal'),
('abiseka'),
('abiturien'),
('abjad'),
('abjadiah'),
('ablasi'),
('ablaut'),
('ablepsia'),
('abnormal'),
('abnormalitas'),
('abnus'),
('aboi'),
('abolisi'),
('abonemen'),
('aborsi'),
('abortif'),
('abortus'),
('abrak'),
('abrakadabra'),
('abrar'),
('abras'),
('abrasi'),
('abreaksi'),
('abrek'),
('abreviasi'),
('absah'),
('absen'),
('absensi'),
('absente'),
('absenteisme'),
('abses'),
('absis'),
('absolut'),
('absolutisme'),
('absorben'),
('absorpsi'),
('absorptif'),
('abstain'),
('abstinensi'),
('abstrak'),
('abstraksi'),
('absurd'),
('absurdisme'),
('abtar'),
('abu'),
('abu-abu'),
('abuan'),
('abuh'),
('abuk'),
('abuk-abuk'),
('abul'),
('abulhayat'),
('abulia'),
('abur'),
('abus'),
('acah'),
('acak'),
('acala'),
('acan'),
('acang'),
('acap'),
('acapkali'),
('acar'),
('acara'),
('acaram'),
('acat'),
('acau'),
('acawi'),
('aci'),
('aci-aci'),
('acik'),
('aco'),
('acu'),
('acuh'),
('acum'),
('acung'),
('ada'),
('adab'),
('adad'),
('adagio'),
('adagium'),
('adakala'),
('adakan'),
('adaks'),
('adalah'),
('adan'),
('adang'),
('adap'),
('adaptabilitas'),
('adaptasi'),
('adaptif'),
('adaptor'),
('adapun'),
('adar'),
('adas'),
('adat'),
('adati'),
('adegan'),
('adeh'),
('adekuat'),
('adem'),
('adempauze'),
('adendum'),
('adenoid'),
('adenoma'),
('adhesi'),
('adhesif'),
('adiabatik'),
('adib'),
('adibintang'),
('adiboga'),
('adibusana'),
('adidaya'),
('adigang'),
('adiguna'),
('adigung'),
('adik'),
('adika'),
('adikara'),
('adikarya'),
('adikodrati'),
('adiksi'),
('adiktif'),
('adikuasa'),
('adil'),
('adiluhung'),
('adimarga'),
('adinda'),
('adipati'),
('adipenghantar'),
('adiposa'),
('adipositas'),
('adipura'),
('adiraja'),
('adiratna'),
('adisi'),
('adisional'),
('aditif'),
('aditokoh'),
('adiwangsa'),
('adiwarna'),
('adjektif'),
('adjektiva'),
('adjektival'),
('adjuvan'),
('adlibitum'),
('administrasi'),
('administratif'),
('administrator'),
('admiral'),
('admitans'),
('adnan'),
('adolesens'),
('adon'),
('adopsi'),
('adoptif'),
('adpertensi'),
('adrenal'),
('adrenalin'),
('adrenergik'),
('adres'),
('adsorben'),
('adsorpsi'),
('adstringen'),
('adu'),
('adudomba'),
('aduhai'),
('aduk'),
('aduksi'),
('aduktor'),
('adun'),
('aduuntung'),
('adveksi'),
('adventisia'),
('adventisius'),
('adverbia'),
('adverbial'),
('advertensi'),
('advis'),
('advokasi'),
('advokat'),
('aerasi'),
('aerator'),
('aerob'),
('aerobatik'),
('aerobik'),
('aerobika'),
('aerodinamik'),
('aerodinamika'),
('aerofon'),
('aerogram'),
('aerolit'),
('aerometer'),
('aeromovel'),
('aeronautika'),
('aeroplankton'),
('aeroskop'),
('aerosol'),
('aerostatika'),
('aestetika'),
('afair'),
('afal'),
('afasia'),
('afdal'),
('afdeling'),
('afdruk'),
('afek'),
('afeksi'),
('afektif'),
('aferesis'),
('afiat'),
('afidavit'),
('afiks'),
('afiksasi'),
('afiliasi'),
('afinitas'),
('afirmasi'),
('afirmatif'),
('afonia'),
('aforisme'),
('afotik'),
('afrasia'),
('afrikat'),
('afrodisiak'),
('afsun'),
('agak'),
('agal'),
('agalaksia'),
('agam'),
('agama'),
('agamais'),
('agamawi'),
('agamen'),
('agamet'),
('agami'),
('agamogenesis'),
('agar'),
('agas'),
('agen'),
('agenda'),
('agentif'),
('agih'),
('agil'),
('agio'),
('agiria'),
('agitasi'),
('agitatif'),
('agitator'),
('aglikon'),
('aglomerasi'),
('aglomerat'),
('aglutinasi'),
('aglutinat'),
('aglutinatif'),
('aglutinin'),
('agnosia'),
('agnostik'),
('agnostisisme'),
('agogo'),
('agon'),
('agonia'),
('agonis'),
('agonistik'),
('agorafobia'),
('agradasi'),
('agrafia'),
('agraria'),
('agraris'),
('agregasi'),
('agregat'),
('agregatif'),
('agresi'),
('agresif'),
('agresivitas'),
('agresor'),
('agripnia'),
('agrobisnis'),
('agroekonomi'),
('agroekosistem'),
('agroindustri'),
('agrokimia'),
('agronom'),
('agronomi'),
('agrostologi'),
('agrowisata'),
('aguk'),
('agul'),
('agun'),
('agung'),
('agus'),
('Agustus'),
('agut'),
('Ahad'),
('ahimsa'),
('ahistoris'),
('ahkam'),
('ahli'),
('ahlusuluk'),
('ahmak'),
('aho'),
('ahwal'),
('aib'),
('ain'),
('air'),
('aja'),
('ajaib'),
('ajak'),
('ajal'),
('ajang'),
('ajar'),
('ajar-ajar'),
('ajek'),
('ajektiva'),
('aji'),
('aji-aji'),
('ajir'),
('ajnabi'),
('ajojing'),
('aju'),
('ajudan'),
('ajuk'),
('ajun'),
('ajung'),
('akad'),
('akademi'),
('akademik'),
('akademikus'),
('akademis'),
('akademisi'),
('akal'),
('akan'),
('akang'),
('akapela'),
('akar'),
('akas'),
('akasia'),
('akbar'),
('akene'),
('akeo'),
('akh'),
('akhir'),
('akhirat'),
('akhirulkalam'),
('akhlak'),
('aki'),
('akibat'),
('akidah'),
('akikah'),
('akil'),
('aklamasi'),
('aklasia'),
('akli'),
('aklimasi'),
('aklimatisasi'),
('akmal'),
('akolade'),
('akomodasi'),
('akomodatif'),
('akor'),
('akordeon'),
('akrab'),
('akreditasi'),
('akriflavina'),
('akrilat'),
('akrilik'),
('akrobat'),
('akrobatik'),
('akrofobia'),
('akromegali'),
('akrometer'),
('akromion'),
('akronim'),
('aksa'),
('aksara'),
('aksarawan'),
('aksarawati'),
('akseleran'),
('akselerasi'),
('akselerator'),
('akselerometer'),
('aksen'),
('aksentologi'),
('aksentuasi'),
('aksep'),
('akseptabel'),
('akseptabilitas'),
('akseptasi'),
('akseptor'),
('akses'),
('aksesibilitas'),
('aksesori'),
('aksi'),
('aksidental'),
('aksila'),
('aksiologi'),
('aksioma'),
('aksiomatis'),
('aksis'),
('akson'),
('aksostil'),
('akta'),
('aktif'),
('aktinida'),
('aktinik'),
('aktinium'),
('aktinolit'),
('aktinometer'),
('aktiva'),
('aktivis'),
('aktivisme'),
('aktivitas'),
('aktor'),
('aktris'),
('aktual'),
('aktualisasi'),
('aktuaria'),
('aktuaris'),
('aku'),
('akua'),
('akuades'),
('akuaduk'),
('akuakultur'),
('akualung'),
('akuamarin'),
('akuarel'),
('akuarium'),
('Akuarius'),
('akuatik'),
('akuifer'),
('akuisisi'),
('akuk'),
('akulturasi'),
('akumulasi'),
('akumulatif'),
('akumulator'),
('akun'),
('akuntabel'),
('akuntabilitas'),
('akuntan'),
('akuntansi'),
('akupunktur'),
('akur'),
('akurasi'),
('akurat'),
('akusatif'),
('akustik'),
('akustika'),
('akut'),
('akwal'),
('ala'),
('alaf'),
('alah'),
('alam'),
('alamak'),
('alamas'),
('alamat'),
('alamatulhayat'),
('alami'),
('alamiah'),
('alang'),
('alang-alang'),
('alangkah'),
('alantois'),
('alap'),
('alap-alap'),
('alarm'),
('alas'),
('alat'),
('alau'),
('alawar'),
('albas'),
('albatros'),
('albedo'),
('albedometer'),
('albinisme'),
('albino'),
('albit'),
('albuginea'),
('album'),
('albumen'),
('albumin'),
('albuminometer'),
('albuminuria'),
('aldehida'),
('alegori'),
('alegoris'),
('aleksia'),
('alel'),
('alem'),
('alergen'),
('alergi'),
('alfa'),
('alfabet'),
('alfabetis'),
('alfanumerik'),
('alga'),
('algojo'),
('algologi'),
('algoritme'),
('alhamdulillah'),
('alhasil'),
('ali'),
('ali-ali'),
('aliansi'),
('alias'),
('aliase'),
('alibi'),
('alienasi'),
('alifatik'),
('alih'),
('alihaksara'),
('alihfungsi'),
('alihragam'),
('alik'),
('alikuot'),
('alim'),
('alimentasi'),
('alimenter'),
('alinea'),
('aling'),
('alir'),
('alis'),
('alisiklik'),
('alit'),
('aliterasi'),
('alizarin'),
('aljabar'),
('alkali'),
('alkalinitas'),
('alkalis'),
('alkaloid'),
('alkalometri'),
('alkana'),
('alkausar'),
('alkena'),
('alkil'),
('alkimia'),
('alkisah'),
('Alkitab'),
('alkohol'),
('alkoholisme'),
('alku'),
('alkuna'),
('almamater'),
('almanak'),
('almandin'),
('almandit'),
('almarhum'),
('almarhumah'),
('alobar'),
('alofon'),
('alograf'),
('aloi'),
('alokasi'),
('alomerisme'),
('alomorf'),
('alonim'),
('alopesia'),
('alot'),
('alotropi'),
('alpa'),
('alpaka'),
('alperes'),
('Alquran'),
('altar'),
('alterego'),
('alternasi'),
('alternatif'),
('alternator'),
('altimeter'),
('alto'),
('altokumulus'),
('altostratus'),
('altruis'),
('altruisme'),
('altruistis'),
('alu'),
('alu-alu'),
('alum'),
('alumina'),
('aluminium'),
('alumni'),
('alumnus'),
('alun'),
('alun-alun'),
('alung'),
('alup'),
('alur'),
('alusi'),
('aluvial'),
('aluvium'),
('alveolar'),
('alveolum'),
('alveolus'),
('alwah'),
('ama'),
('amah'),
('amal'),
('amalgam'),
('amalgamasi'),
('amalgamator'),
('aman'),
('amanah'),
('amanat'),
('amandel'),
('amandemen'),
('amang'),
('amanitin'),
('amar'),
('amat'),
('amatir'),
('amatirisme'),
('ambah'),
('ambak'),
('ambal'),
('ambalela'),
('ambang'),
('ambar'),
('ambasador'),
('ambek'),
('ambekparamaarta'),
('ambergris'),
('ambet'),
('ambigu'),
('ambiguitas'),
('ambil'),
('ambilalih'),
('ambilingual'),
('ambin'),
('ambing'),
('ambisi'),
('ambisius'),
('ambivalen'),
('ambivalensi'),
('amblas'),
('ambles'),
('amboi'),
('ambring'),
('ambrol'),
('ambruk'),
('ambulans'),
('ambulatori'),
('ambur'),
('amburadul'),
('ameba'),
('amebiasis'),
('ameboid'),
('amebosit'),
('ameliorasi'),
('amelioratif'),
('amendemen'),
('amenorea'),
('amensalisme'),
('amerisium'),
('amerospora'),
('amerta'),
('ametabola'),
('ametis'),
('amfetamin'),
('amfiartrosis'),
('amfibi'),
('amfibol'),
('amfibolisme'),
('amfiteater'),
('amfoterik'),
('ami'),
('amigdalin'),
('amikal'),
('amil'),
('amilase'),
('amilopektin'),
('amin'),
('amina'),
('aminisasi'),
('amino'),
('amir'),
('amirulbahar'),
('amirulmukminin'),
('amis'),
('amit'),
('amko'),
('ammeter'),
('amnesia'),
('amnesti'),
('amnion'),
('amniotik'),
('amoi'),
('amonia'),
('amonifikasi'),
('amonium'),
('amor'),
('amoral'),
('amorf'),
('amortisasi'),
('ampai'),
('ampang'),
('ampas'),
('ampat'),
('ampe'),
('ampean'),
('ampek'),
('ampel'),
('ampela'),
('ampelas'),
('ampere'),
('amperemeter'),
('amperometri'),
('ampisilin'),
('amplas'),
('amplifikasi'),
('amplitudo'),
('amplop'),
('ampo'),
('amprok'),
('amprung'),
('ampu'),
('ampuh'),
('ampuk'),
('ampul'),
('ampula'),
('ampun'),
('amput'),
('amputasi'),
('amril'),
('amsal'),
('amtenar'),
('amuba'),
('amuk'),
('amulet'),
('amung'),
('amunisi'),
('ana'),
('anabasis'),
('anabiosis'),
('anabolisme'),
('anadrom'),
('anaerob'),
('anaerobik'),
('anafilaksis'),
('anafora'),
('anaforis'),
('anaglif'),
('anai-anai'),
('anak'),
('anakemas'),
('anakoluton'),
('anakronisme'),
('anaksungai'),
('anaktiri'),
('anal'),
('analekta'),
('analeptik'),
('analgesik'),
('analis'),
('analisis'),
('analitis'),
('analog'),
('analogi'),
('analsit'),
('anamel'),
('anamnesis'),
('anamorfosis'),
('ananda'),
('anang'),
('anapes'),
('anarki'),
('anarkis'),
('anarkisme'),
('anarkistis'),
('anasir'),
('anastomosis'),
('anatase'),
('anatomi'),
('anatomis'),
('anca'),
('ancam'),
('ancang'),
('ancol'),
('Anda'),
('andai'),
('andal'),
('andalusit'),
('andam'),
('andan'),
('andang'),
('andapita'),
('andesit'),
('andewi'),
('andika'),
('andiko'),
('andil'),
('andilau'),
('andong'),
('andragogi'),
('andrawina'),
('androgen'),
('androgini'),
('andrologi'),
('anduh'),
('aneh'),
('aneka'),
('anekaragam'),
('anekdot'),
('aneksasi'),
('anemia'),
('anemofili'),
('anemograf'),
('anemogram'),
('anemometer'),
('aneroid'),
('anestesi'),
('anestesia'),
('aneuploid'),
('aneurisme'),
('angan'),
('angel'),
('angga'),
('anggap'),
('anggar'),
('anggara'),
('anggit'),
('anggota'),
('anggrek'),
('anggrekwan'),
('angguk'),
('anggul'),
('anggun'),
('anggur'),
('anggut'),
('angin'),
('angina'),
('angiogenesis'),
('angiologi'),
('angiosperma'),
('angit'),
('angka'),
('angkak'),
('angkara'),
('angkasa'),
('angkat'),
('angkel'),
('angker'),
('angket'),
('angklung'),
('angkuh'),
('angkuk'),
('angkup'),
('angkur'),
('angkusa'),
('angkut'),
('angkut-angkut'),
('angler'),
('anglo'),
('angot'),
('angpau'),
('angsa'),
('angsana'),
('angsoka'),
('angsur'),
('anhidrosis'),
('ani'),
('ani-ani'),
('aniaya'),
('anil'),
('anilina'),
('animasi'),
('animis'),
('animisme'),
('animo'),
('anion'),
('aniridia'),
('anis'),
('anisogamet'),
('anisogami'),
('anisokoria'),
('anja'),
('anjak'),
('anjal'),
('anjang'),
('anjangsana'),
('anjing'),
('anjlok'),
('anjung'),
('ankilosis'),
('anoa'),
('anode'),
('anofeles'),
('anoksemia'),
('anoksik'),
('anom'),
('anomali'),
('anomi'),
('anonim'),
('anonimitas'),
('anoreksia'),
('anorganik'),
('anosmia'),
('anotasi'),
('ansa'),
('ansambel'),
('ansar'),
('anta'),
('antagonis'),
('antagonisme'),
('antagonistis'),
('antah'),
('antamir'),
('antan'),
('antap'),
('antar'),
('antara'),
('antarbangsa'),
('antarbenua'),
('antardaerah'),
('antari'),
('antariksa'),
('antariksawan'),
('antariksawati'),
('antarkelompok'),
('antarlingkungan'),
('antarmaster'),
('antarmolekul'),
('antarmuka'),
('antarnegara'),
('antarplanet'),
('antarpribadi'),
('antarpulau'),
('antarras'),
('antarruang'),
('antarsel'),
('antarsuku'),
('antartika'),
('antarwilayah'),
('antasid'),
('antasida'),
('antawacana'),
('antediluvium'),
('antefiks'),
('antek'),
('anteken'),
('antelas'),
('anteliks'),
('antelmintik'),
('antelop'),
('antem'),
('antemeridiem'),
('antena'),
('antenatal'),
('anteng'),
('antenul'),
('antep'),
('antera'),
('anteridium'),
('anterior'),
('antero'),
('anteseden'),
('anti'),
('antianemia'),
('antiartritik'),
('antibarion'),
('antibeku'),
('antibiosis'),
('antibiotik'),
('antibodi'),
('antidepresan'),
('antidioksida'),
('antidiuretik'),
('antidot'),
('antienzim'),
('antiflogistik'),
('antigen'),
('antigravitasi'),
('antih'),
('antihistamin'),
('antijasad'),
('antik'),
('antikarat'),
('antikatalis'),
('antiklimaks'),
('antiklin'),
('antiklinal'),
('antiklor'),
('antikonsepsi'),
('antikristus'),
('antikuari'),
('antikuariat'),
('antimateri'),
('antimonium'),
('antimuntah'),
('anting'),
('antinomi'),
('antinovel'),
('antipartikel'),
('antipati'),
('antipenawar'),
('antipiretik'),
('antipode'),
('antiproton'),
('antipruritik'),
('antisemitisme'),
('antisepsis'),
('antiseptik'),
('antisiklogenesis'),
('antisiklon'),
('antisiklonal'),
('antisiklonis'),
('antisimpul'),
('antisipasi'),
('antisipatif'),
('antitank'),
('antitesis'),
('antitoksin'),
('antitragus'),
('antiwirawan'),
('antizarah'),
('antoi'),
('antologi'),
('antonim'),
('antonimi'),
('antop'),
('antosian'),
('antraknosa'),
('antraks'),
('antrasena'),
('antrasian'),
('antrasit'),
('antre'),
('antri'),
('antromorfis'),
('antropobiologi'),
('antropoda'),
('antropofagi'),
('antropogeografi'),
('antropoid'),
('antropolog'),
('antropologi'),
('antropometer'),
('antropomorfisme'),
('antroponimi'),
('antroposentris'),
('antroposentrisme'),
('antroposofi'),
('antuk'),
('antul'),
('antun'),
('anturium'),
('antusias'),
('antusiasme'),
('anu'),
('anual'),
('anugerah'),
('anuitas'),
('anulir'),
('anulus'),
('anumerta'),
('anunasika'),
('anuresis'),
('anuria'),
('anus'),
('anuswara'),
('anut'),
('anyam'),
('anyang'),
('anyar'),
('anyelir'),
('anyir'),
('aorta'),
('apa'),
('apabila'),
('apak'),
('apakah'),
('apakala'),
('apalagi'),
('apam'),
('apanase'),
('apar'),
('aparat'),
('aparatur'),
('aparatus'),
('apartemen'),
('apartemenisasi'),
('apartheid'),
('apartotel'),
('apas'),
('apatah'),
('apati'),
('apatis'),
('apatride'),
('ape'),
('apek'),
('apel'),
('apelativa'),
('apendektomi'),
('apendiks'),
('apendisitis'),
('apepsi'),
('apersepsi'),
('apes'),
('aphelion'),
('apheliotropisme'),
('api'),
('apik'),
('apikal'),
('apikultur'),
('apilan'),
('apion'),
('apit'),
('apium'),
('apkir'),
('aplasi'),
('aplaus'),
('aplikasi'),
('aplikatif'),
('aplus'),
('apnea'),
('apodal'),
('apoenzim'),
('apogami'),
('apoge'),
('apograf'),
('apok'),
('apokalips'),
('apokaliptik'),
('apokope'),
('apokrifa'),
('apokrin'),
('apokromatik'),
('apolitis'),
('apologetika'),
('apologetis'),
('apologi'),
('apologia'),
('apomiksis'),
('apomorfin'),
('apopleksi'),
('aposematik'),
('aposiopesis'),
('aposisi'),
('aposisional'),
('apositif'),
('apostasi'),
('apostel'),
('aposteriori'),
('apostolik'),
('apostrof'),
('apotek'),
('apoteker'),
('apotik'),
('apraksi'),
('apraksia'),
('apresiasi'),
('apresiatif'),
('apresorium'),
('April'),
('apriori'),
('aprit'),
('apron'),
('apsara'),
('aptasi'),
('apu'),
('apuh'),
('apung'),
('apuran'),
('ara'),
('Arab'),
('arababu'),
('arabes'),
('arabika'),
('aragonit'),
('arah'),
('arai'),
('arak'),
('araknitis'),
('araknoid'),
('aral'),
('aram'),
('aramba'),
('arang'),
('aransemen'),
('ararut'),
('arasy'),
('arau'),
('arbab'),
('arbei'),
('arbiter'),
('arbitrase'),
('arbitrer'),
('arboreal'),
('arboretum'),
('arborikultur'),
('arca'),
('arcas'),
('ardi'),
('are'),
('area'),
('areal'),
('arek'),
('aren'),
('arena'),
('areografi'),
('areola'),
('areometer'),
('arerut'),
('ares'),
('arestasi'),
('areta'),
('argari'),
('argentit'),
('argentum'),
('argirodit'),
('argol'),
('argometer'),
('argon'),
('argot'),
('argumen'),
('argumentasi'),
('argumentatif'),
('ari'),
('Aries'),
('arif'),
('arifin'),
('arih'),
('arik'),
('aril'),
('arip'),
('aris'),
('arisan'),
('aristokrasi'),
('aristokrat'),
('aristokratis'),
('aristotipe'),
('arit'),
('aritenoid'),
('aritmetika'),
('arja'),
('arkade'),
('arkais'),
('arkaisme'),
('arkati'),
('arkegonium'),
('arkeolog'),
('arkeologi'),
('arkeologis'),
('arkeozoikum'),
('arketipe'),
('arkian'),
('arkifonem'),
('arkileksem'),
('arkitraf'),
('arktika'),
('arku'),
('arloji'),
('armada'),
('arnal'),
('arogan'),
('arogansi'),
('aroma'),
('aromatik'),
('arombai'),
('aron'),
('arpus'),
('arsenal'),
('arsenik'),
('arsenikum'),
('arsip'),
('arsipelago'),
('arsir'),
('arsis'),
('arsitek'),
('arsitektur'),
('arta'),
('artefak'),
('arteri'),
('arteriografi'),
('arteriola'),
('arteriosklerosis'),
('artesis'),
('artetis'),
('arti'),
('articok'),
('artifisial'),
('artikel'),
('artikulasi'),
('artikulator'),
('artileri'),
('artiodaktil'),
('artis'),
('artisan'),
('artistik'),
('artisyok'),
('artona'),
('artotek'),
('artrobrankium'),
('artropoda'),
('aru'),
('aruan'),
('aruda'),
('aruk'),
('arumba'),
('arun'),
('arung'),
('arus'),
('arwah'),
('arwana'),
('arya'),
('aryaduta'),
('arzak'),
('asa'),
('asabat'),
('asabiah'),
('asad'),
('asah'),
('asai'),
('asak'),
('asal'),
('asali'),
('asam'),
('asan'),
('asana'),
('asap'),
('asar'),
('asas'),
('asasi'),
('asbak'),
('asbes'),
('asbut'),
('ase'),
('aseksual'),
('asepsis'),
('aseptik'),
('aseran'),
('asese'),
('aset'),
('asetabulum'),
('asetat'),
('asetilena'),
('asetimeter'),
('aseton'),
('asfal'),
('asfar'),
('asfiksia'),
('asi'),
('asibilan'),
('asibilasi'),
('asid'),
('asidimeter'),
('asidosis'),
('asih'),
('asiklik'),
('asil'),
('asilabis'),
('asimetris'),
('asimilasi'),
('asimilatif'),
('asimtot'),
('asimus'),
('asin'),
('asindeton'),
('asing'),
('asinyor'),
('asiri'),
('asisten'),
('asistensi'),
('askar'),
('askariasis'),
('askarid'),
('askese'),
('asket'),
('asketisisme'),
('askon'),
('askriptif'),
('asli'),
('asma'),
('asmara'),
('asmaradanta'),
('asmaragama'),
('asmaraloka'),
('asmarandana'),
('asnad'),
('aso'),
('asoi'),
('asonansi'),
('asong'),
('asortimen'),
('asosial'),
('asosiasi'),
('asosiatif'),
('aspal'),
('asparaga'),
('asparagus'),
('aspartame'),
('aspek'),
('asperses'),
('aspiran'),
('aspirasi'),
('aspirasional'),
('aspirat'),
('aspiratif'),
('aspirator'),
('aspirin'),
('asprak'),
('asrama'),
('asrar'),
('asri'),
('assalamualaikum'),
('astadikpala'),
('astaga'),
('astagfirullah'),
('astaka'),
('astakona'),
('astasia'),
('astatik'),
('astatin'),
('astenia'),
('astenik'),
('astenopia'),
('asteositoma'),
('aster'),
('asteroid'),
('astigmatis'),
('astral'),
('astringen'),
('astrofisika'),
('astrolab'),
('astrolog'),
('astrologi'),
('astronaut'),
('astronautika'),
('astronom'),
('astronomi'),
('astronomis'),
('astrosit'),
('asu'),
('asuh'),
('asumsi'),
('asumtif'),
('asung'),
('asurador'),
('asuransi'),
('asusila'),
('aswa'),
('aswad'),
('aswasada'),
('Asyera'),
('asyik'),
('Asytoret'),
('Asyura'),
('atak'),
('ataksia'),
('atap'),
('atar'),
('atas'),
('atase'),
('atasnama'),
('atau'),
('atavisme'),
('ateis'),
('ateisme'),
('ateistis'),
('atelir'),
('atensi'),
('atenuasi'),
('ateret'),
('ati'),
('atlas'),
('atlet'),
('atletik'),
('atma'),
('atman'),
('atmolisis'),
('atmologi'),
('atmometer'),
('atmosfer'),
('atmosferis'),
('atok'),
('atol'),
('atom'),
('atomisasi'),
('atomistis'),
('atowa'),
('atraksi'),
('atraktan'),
('atraktif'),
('atresia'),
('atribut'),
('atributif'),
('atrisi'),
('atrium'),
('atrofi'),
('atropin'),
('atung'),
('atur'),
('atus'),
('aubade'),
('audiensi'),
('audio'),
('audiofil'),
('audiofon'),
('audiograf'),
('audiogram'),
('audiolingual'),
('audiologi'),
('audiometer'),
('audiovisual'),
('audit'),
('auditor'),
('auditorium'),
('augmentatif'),
('auk'),
('auksanometer'),
('auksi'),
('auksin'),
('aula'),
('aulia'),
('aum'),
('aung'),
('aur'),
('aura'),
('aural'),
('aurat'),
('aurikularia'),
('aurora'),
('aurum'),
('aus'),
('auskultasi'),
('autad'),
('autarki'),
('autarkis'),
('autentik'),
('autentikasi'),
('autentisitas'),
('autisme'),
('autistik'),
('auto'),
('autobiograf'),
('autobiografi'),
('autodidak'),
('autodidaktik'),
('autodin'),
('autogami'),
('autogen'),
('autograf'),
('autografi'),
('autogram'),
('autoklaf'),
('autoklastik'),
('autokrasi'),
('autokrat'),
('autokton'),
('autolisis'),
('autolitograf'),
('automaton'),
('automobil'),
('automotif'),
('autopsi'),
('autosom'),
('autotoksin'),
('autotrof'),
('autotrofik'),
('avalans'),
('aven'),
('aversi'),
('avertebrata'),
('Avesta'),
('avgas'),
('aviari'),
('aviasi'),
('aviator'),
('avifauna'),
('avikultur'),
('avirulen'),
('avitaminosis'),
('avokad'),
('avontur'),
('avonturir'),
('avtur'),
('avunkulokal'),
('awa'),
('awaair'),
('awaarang'),
('awabau'),
('awabeku'),
('awabulu'),
('awabusa'),
('awadara'),
('awah'),
('awahama'),
('awai'),
('awak'),
('awal'),
('awalengas'),
('awam'),
('awamineral'),
('awan'),
('awanama'),
('awang'),
('awar'),
('awaracun'),
('awas'),
('awat'),
('awawarna'),
('awet'),
('awin'),
('awur'),
('awut'),
('ayah'),
('ayahanda'),
('ayak'),
('ayal'),
('ayam'),
('ayan'),
('ayanda'),
('ayap'),
('ayar'),
('ayat'),
('ayatullah'),
('ayem'),
('ayeng'),
('ayit'),
('ayo'),
('ayom'),
('ayu'),
('ayum'),
('ayun'),
('ayunda'),
('ayut'),
('azab'),
('azal'),
('azali'),
('azam'),
('azan'),
('azeotrop'),
('azimat'),
('azimut'),
('aziz'),
('azmat'),
('azoikum'),
('azospermi'),
('azurit'),
('bab'),
('baba'),
('babad'),
('babak'),
('babakan'),
('babal'),
('baban'),
('babang'),
('babas'),
('babat'),
('babatan'),
('babe'),
('babesiasis'),
('Babet'),
('babi'),
('babil'),
('babit'),
('bablas'),
('babon'),
('babu'),
('babun'),
('babur'),
('babut'),
('baca'),
('bacah'),
('bacak'),
('bacang'),
('bacar'),
('bacek'),
('bacem'),
('bacik'),
('bacin'),
('baco'),
('bacok'),
('bacot'),
('bacul'),
('bacut'),
('bad'),
('badai'),
('badak'),
('badal'),
('badam'),
('badan'),
('badang'),
('badani'),
('badar'),
('badari'),
('badasi'),
('badau'),
('bade'),
('badi'),
('badik'),
('badminton'),
('badong'),
('Badui'),
('baduk'),
('badung'),
('badur'),
('badut'),
('baduyut'),
('bafta'),
('bagai'),
('bagaimana'),
('bagak'),
('bagal'),
('bagan'),
('bagang'),
('bagar'),
('bagas'),
('bagasi'),
('bagat'),
('bagau'),
('bagea'),
('bagi'),
('baginda'),
('bagong'),
('bagor'),
('baguk'),
('bagul'),
('bagur'),
('bagus'),
('bah'),
('bahadur'),
('bahaduri'),
('bahagia'),
('bahak'),
('bahala'),
('bahalan'),
('baham'),
('bahan'),
('bahana'),
('bahang'),
('bahar'),
('bahara'),
('bahari'),
('bahariwan'),
('baharu'),
('bahas'),
('bahasa'),
('bahasawan'),
('bahaya'),
('bahenol'),
('baheula'),
('bahimiah'),
('bahkan'),
('bahrulhayat'),
('bahtera'),
('bahu'),
('bahuku'),
('bahwa'),
('bahwasanya'),
('baiat'),
('baid'),
('baiduri'),
('baik'),
('bain'),
('bainah'),
('bais'),
('bait'),
('Baitulharam'),
('Baitullah'),
('Baitulmakdis'),
('Baitulmakmur'),
('baitulmal'),
('Baitulmukadas'),
('baja'),
('bajaj'),
('bajak'),
('bajan'),
('bajang'),
('bajar'),
('bajau'),
('bajetah'),
('baji'),
('bajigur'),
('bajik'),
('bajing'),
('baju'),
('bajul'),
('bak'),
('baka'),
('bakak'),
('bakal'),
('bakalaureat'),
('bakam'),
('bakap'),
('bakar'),
('bakarat'),
('bakaslewu'),
('bakat'),
('bakau'),
('bakda'),
('bakdahu'),
('bakdu'),
('bakdul'),
('bakelit'),
('bakero'),
('bakh'),
('bakhil'),
('baki'),
('bakiak'),
('bakik'),
('bakir'),
('bakmi'),
('bako'),
('bakpao'),
('bakpia'),
('baksi'),
('baksis'),
('bakso'),
('baktau'),
('bakteremia'),
('bakteri'),
('bakterin'),
('bakteriofag'),
('bakteriolisis'),
('bakteriolog'),
('bakteriologi'),
('bakteriostatik'),
('bakterisida'),
('bakti'),
('baku'),
('bakul'),
('bakung'),
('bakup'),
('bakut'),
('bakwan'),
('bal'),
('bala'),
('balabad'),
('balad'),
('balada'),
('balah'),
('balai'),
('balairung'),
('balak'),
('balalaika'),
('balam'),
('balan'),
('balang'),
('balangkep'),
('balans'),
('balap'),
('balar'),
('balas'),
('balasdendam'),
('balau'),
('balela'),
('balen'),
('balerina'),
('balerong'),
('balet'),
('balgam'),
('balian'),
('balig'),
('baliho'),
('balik'),
('baling'),
('balistik'),
('balistika'),
('baliu'),
('balkas'),
('balkon'),
('balneologi'),
('balneoterapi'),
('balok'),
('balon'),
('balong'),
('balot'),
('balsam'),
('balseros'),
('balu'),
('baluarti'),
('baluh'),
('balui'),
('baluk'),
('balun'),
('balung'),
('balur'),
('balut'),
('bam'),
('bambam'),
('bambang'),
('bambu'),
('bambung'),
('ban'),
('bana'),
('banal'),
('banang'),
('banar'),
('banat'),
('bancak'),
('bancang'),
('bancar'),
('bancet'),
('banci'),
('bancik'),
('bancuh'),
('bancut'),
('banda'),
('bandan'),
('bandang'),
('bandar'),
('bandara'),
('bandarsah'),
('bandasrayan'),
('bandea'),
('bandel'),
('bandela'),
('bandeng'),
('bandering'),
('banderol'),
('banding'),
('bandit'),
('banditisme'),
('bando'),
('bandongan'),
('bandos'),
('bandot'),
('bandrek'),
('bandu'),
('bandul'),
('bandung'),
('bandusa'),
('bandut'),
('bang'),
('bangai'),
('bangan'),
('bangang'),
('bangar'),
('bangas'),
('bangat'),
('bangau'),
('bangbung'),
('banget'),
('bangga'),
('banggan'),
('bangir'),
('bangkah'),
('bangkai'),
('bangkal'),
('bangkang'),
('bangkar'),
('bangkas'),
('bangkasan'),
('bangkeh'),
('bangket'),
('bangking'),
('bangkir'),
('bangkis'),
('bangkit'),
('bangkong'),
('bangkot'),
('bangkrut'),
('bangku'),
('bangkut'),
('banglas'),
('bangle'),
('banglo'),
('bangor'),
('bangotolak'),
('bangpak'),
('bangsa'),
('bangsai'),
('bangsal'),
('bangsat'),
('bangsawan'),
('bangsi'),
('bangun'),
('bangus'),
('bani'),
('banian'),
('baning'),
('banir'),
('banjang'),
('banjar'),
('banji'),
('banjir'),
('banjur'),
('bank'),
('bankir'),
('bantah'),
('bantai'),
('bantal'),
('bantam'),
('bantar'),
('bantaran'),
('bantat'),
('bantau'),
('banteng'),
('banter'),
('banting'),
('bantu'),
('bantun'),
('bantut'),
('banua'),
('banyak'),
('banyo'),
('banyol'),
('banyu'),
('banyun'),
('banzai'),
('bao'),
('bap'),
('bapa'),
('bapak'),
('bapakisme'),
('bapanda'),
('bapang'),
('bapet'),
('baplang'),
('baptis'),
('bar'),
('bara'),
('baraat'),
('barah'),
('barai'),
('barak'),
('barakat'),
('barakatuh'),
('baran'),
('barang'),
('barangkali'),
('barap'),
('barat'),
('barbar'),
('barbarisme'),
('barbel'),
('barber'),
('barbital'),
('barbiton'),
('barbiturat'),
('barbur'),
('bardi'),
('barel'),
('bareng'),
('barep'),
('baret'),
('barga'),
('bari'),
('barid'),
('barier'),
('barik'),
('barikade'),
('baring'),
('baringan'),
('barion'),
('baris'),
('barisfer'),
('barit'),
('barita'),
('bariton'),
('barium'),
('barjad'),
('barkas'),
('barkometer'),
('barli'),
('barograf'),
('barogram'),
('barok'),
('barologi'),
('barometer'),
('barometri'),
('baron'),
('barongsai'),
('baroskop'),
('barotermograf'),
('barso'),
('barter'),
('baru'),
('barua'),
('baruh'),
('baruje'),
('Baruna'),
('barunawati'),
('barusan'),
('barut'),
('barzakh'),
('barzanji'),
('bas'),
('basa'),
('basah'),
('basal'),
('basalioma'),
('basanit'),
('basat'),
('basau'),
('basi'),
('basil'),
('basilari'),
('basilika'),
('basilus'),
('basin'),
('basir'),
('basirah'),
('basis'),
('basit'),
('baskara'),
('basket'),
('baskom'),
('basmi'),
('bastar'),
('basuh'),
('basung'),
('basut'),
('bata'),
('batagor'),
('batai'),
('batako'),
('batal'),
('batalion'),
('batang'),
('batara'),
('batari'),
('batas'),
('batekeng'),
('batel'),
('batela'),
('baterai'),
('bati'),
('batih'),
('batik'),
('batil'),
('batila'),
('batimetri'),
('batin'),
('batiplankton'),
('batis'),
('batisfer'),
('batok'),
('batolit'),
('baton'),
('batu'),
('batubara'),
('batuk'),
('batun'),
('batung'),
('bau'),
('baud'),
('bauk'),
('baun'),
('baung'),
('baur'),
('baureksa'),
('bausastra'),
('bausuku'),
('baut'),
('bawa'),
('bawab'),
('bawah'),
('bawak'),
('bawal'),
('bawang'),
('bawasir'),
('bawat'),
('bawel'),
('bawon'),
('baya'),
('bayak'),
('bayam'),
('bayan'),
('bayang'),
('bayangkara'),
('bayangkari'),
('bayar'),
('bayas'),
('bayata'),
('bayati'),
('bayem'),
('bayi'),
('bayonet'),
('bayong'),
('bayu'),
('bayuh'),
('bayun'),
('bayung'),
('bayur'),
('bazar'),
('bazoka'),
('bea'),
('beasiswa'),
('beatifikasi'),
('bebal'),
('beban'),
('bebandos'),
('bebang'),
('bebar'),
('bebaru'),
('bebas'),
('bebasmurni'),
('bebastugas'),
('bebat'),
('bebe'),
('bebek'),
('bebekel'),
('bebekisme'),
('bebel'),
('bebenah'),
('beber'),
('beberapa'),
('beberas'),
('bebesaran'),
('bebi'),
('bebodoran'),
('bebotoh'),
('bebrek'),
('becak'),
('becek'),
('beceng'),
('becuk'),
('becus'),
('beda'),
('bedah'),
('bedak'),
('bedal'),
('bedama'),
('bedan'),
('bedar'),
('bedaru'),
('bedawi'),
('bedaya'),
('bedebah'),
('bedegap'),
('bedegong'),
('bedel'),
('bedeng'),
('bedil'),
('bedinde'),
('bedo'),
('bedol'),
('bedudak'),
('beduk'),
('bedukang'),
('bedung'),
('bega'),
('begadang'),
('begah'),
('begal'),
('begana'),
('begandering'),
('begap'),
('begar'),
('begawan'),
('begini'),
('begitu'),
('bego'),
('begonia'),
('begu'),
('beguk'),
('begundal'),
('beha'),
('behandel'),
('behena'),
('bejana'),
('bejat'),
('bek'),
('beka'),
('bekah'),
('bekakak'),
('bekakas'),
('bekal'),
('bekam'),
('bekantan'),
('bekap'),
('bekas'),
('bekat'),
('bekatul'),
('bekel'),
('beken'),
('beker'),
('bekerma'),
('bekicot'),
('bekil'),
('bekisar'),
('bekleding'),
('bekles'),
('beklit'),
('beksan'),
('beku'),
('bekuk'),
('bekuku'),
('bel'),
('bela'),
('belabas'),
('belacan'),
('belacu'),
('belada'),
('beladau'),
('beladu'),
('belah'),
('belahak'),
('belahong'),
('belai'),
('belak'),
('belaka'),
('belakang'),
('belako'),
('belalah'),
('belalai'),
('belalak'),
('belalang'),
('belam'),
('belambang'),
('belan'),
('belanak'),
('Belanda'),
('belandang'),
('belandar'),
('belandong'),
('belandung'),
('belang'),
('belanga'),
('belangah'),
('belangir'),
('belangkas'),
('belangkin'),
('belangkon'),
('belanja'),
('belantai'),
('belantan'),
('belantara'),
('belantik'),
('belantika'),
('belantuk'),
('belar'),
('belarak'),
('belas'),
('belasah'),
('belasting'),
('belasungkawa'),
('belasut'),
('belat'),
('belater'),
('belati'),
('belatik'),
('belatuk'),
('belatung'),
('belau'),
('belawan'),
('belebas'),
('belebat'),
('belecak'),
('beleda'),
('beledang'),
('beledi'),
('beledu'),
('beleid'),
('belek'),
('belekek'),
('belekok'),
('belel'),
('belelang'),
('belembang'),
('belencong'),
('belendong'),
('belendung'),
('beleng'),
('belenggu'),
('belengket'),
('belengkong'),
('belenting'),
('belentung'),
('belepas'),
('belera'),
('belerang'),
('belerong'),
('beli'),
('belia'),
('beliak'),
('beliau'),
('belibas'),
('belibat'),
('belibis'),
('belida'),
('beligat'),
('beligo'),
('belik'),
('belikan'),
('belikat'),
('beliku'),
('belimbing'),
('belincong'),
('beling'),
('belingkang'),
('belingsat'),
('belingut'),
('belinjo'),
('belintang'),
('belis'),
('belit'),
('belitung'),
('beliung'),
('beliut'),
('belo'),
('beloan'),
('belobor'),
('belodok'),
('beloh'),
('belok'),
('belokok'),
('belolang'),
('belolok'),
('belolong'),
('belon'),
('belonggok'),
('belongkang'),
('belongkeng'),
('belongkot'),
('belongsong'),
('belontang'),
('beloon'),
('belot'),
('belotong'),
('belu'),
('beluam'),
('beluas'),
('belubu'),
('belubur'),
('beludak'),
('beludar'),
('beluhan'),
('beluk'),
('belukap'),
('belukar'),
('beluku'),
('belukut'),
('belulang'),
('beluluk'),
('belulung'),
('belum'),
('belungkang'),
('belungkur'),
('belungsing'),
('beluntas'),
('beluru'),
('belus'),
('belusuk'),
('belut'),
('beluwek'),
('bembam'),
('bemban'),
('bembar'),
('bembarap'),
('bembet'),
('bemo'),
('bemper'),
('bena'),
('benah'),
('benak'),
('benalu'),
('benam'),
('benang'),
('benar'),
('benara'),
('benatu'),
('bencah'),
('bencana'),
('bencat'),
('benci'),
('bencol'),
('bencong'),
('benda'),
('bendahara'),
('bendaharawan'),
('bendahari'),
('bendala'),
('bendang'),
('bendara'),
('bendari'),
('bendawat'),
('bendawi'),
('bende'),
('bendel'),
('bendela'),
('bendera'),
('benderang'),
('benderung'),
('bendesa'),
('bendi'),
('bendir'),
('bendo'),
('bendoro'),
('bendu'),
('benduan'),
('bendul'),
('bendung'),
('benefaktif'),
('bengah'),
('bengal'),
('bengang'),
('bengap'),
('bengawan'),
('bengek'),
('bengep'),
('benggal'),
('benggala'),
('benggang'),
('benggil'),
('benggol'),
('bengis'),
('bengkah'),
('bengkak'),
('bengkal'),
('bengkalai'),
('bengkar'),
('bengkarak'),
('bengkarap'),
('bengkaras'),
('bengkarung'),
('bengkatak'),
('bengkawan'),
('bengkawang'),
('bengkayang'),
('bengkel'),
('bengkelai'),
('bengkeng'),
('bengker'),
('bengkerap'),
('bengkil'),
('bengkok'),
('bengkol'),
('bengkong'),
('bengkos'),
('bengku'),
('bengkuang'),
('bengkunang'),
('bengkung'),
('bengoh'),
('bengok'),
('bengong'),
('bengot'),
('bengu'),
('benguk'),
('bengul'),
('bengung'),
('beni'),
('benian'),
('benih'),
('bening'),
('benitan'),
('benjol'),
('benjut'),
('benkap'),
('bensin'),
('benta'),
('bentak'),
('bentala'),
('bentan'),
('bentang'),
('bentangkan'),
('bentangur'),
('bentar'),
('bentara'),
('bentaus'),
('benteh'),
('benteng'),
('bentes'),
('bentet'),
('bentik'),
('bentoh'),
('bentok'),
('bentol'),
('bentong'),
('bentonit'),
('bentos'),
('bentrok'),
('bentuk'),
('bentul'),
('bentulu'),
('bentur'),
('benturung'),
('bentus'),
('benua'),
('benuang'),
('benuaron'),
('benum'),
('benur'),
('benyai'),
('benyek'),
('benyoh'),
('benyot'),
('benzedrin'),
('benzena'),
('benzil'),
('benzoat'),
('benzoilperoksida'),
('benzoin'),
('benzol'),
('beo'),
('beol'),
('bera'),
('berabe'),
('berahi'),
('berai'),
('berak'),
('berakah'),
('beraksa'),
('beram'),
('berambang'),
('beramin'),
('beranang'),
('beranda'),
('berandal'),
('berandang'),
('berang'),
('berangai'),
('berangan'),
('berangas'),
('berangkal'),
('berangkat'),
('berangta'),
('berangus'),
('berani'),
('beranta'),
('berantak'),
('berantas'),
('berapa'),
('beras'),
('berat'),
('bercak'),
('berdikari'),
('berdus'),
('berebes'),
('beredel'),
('beremban'),
('berembang'),
('berengau'),
('berengos'),
('berengsek'),
('berengut'),
('berentang'),
('bereo'),
('beres'),
('beret'),
('berewok'),
('bergas'),
('berguk'),
('beri'),
('beriang'),
('beriani'),
('berida'),
('berik'),
('beril'),
('berilium'),
('berinda'),
('beringas'),
('beringin'),
('beringsang'),
('berisik'),
('berita'),
('beritahu'),
('beritawan'),
('berkah'),
('berkas'),
('berkat'),
('berkelium'),
('berkik'),
('berkil'),
('berko'),
('berkung'),
('berlau'),
('berlian'),
('berma'),
('bermat'),
('bermi'),
('bernas'),
('bernga'),
('beroci'),
('beroga'),
('berok'),
('beron'),
('beronang'),
('berondong'),
('berong'),
('berongkos'),
('berongsang'),
('berongsong'),
('beronjong'),
('beronok'),
('berontak'),
('berosot'),
('beroti'),
('beroya'),
('bersat'),
('bersih'),
('bersil'),
('bersin'),
('bersit'),
('bersut'),
('bertam'),
('bertih'),
('beru'),
('beruas'),
('berubuh'),
('berui'),
('beruju'),
('berujul'),
('beruk'),
('berumbun'),
('berumbung'),
('berunang'),
('beruntus'),
('beruri'),
('berus'),
('besalen'),
('besan'),
('besar'),
('besaran'),
('besek'),
('besel'),
('besengek'),
('beser'),
('besero'),
('beset'),
('besi'),
('besikal'),
('besing'),
('besit'),
('besitua'),
('beskal'),
('beskap'),
('beslah'),
('beslit'),
('besok'),
('besot'),
('bestari'),
('bestek'),
('bestel'),
('bestialitas'),
('bestir'),
('bestral'),
('besuk'),
('besusu'),
('besut'),
('besuta'),
('bet'),
('beta'),
('betah'),
('betahak'),
('betang'),
('betapa'),
('betara'),
('betari'),
('betas'),
('betatas'),
('betatron'),
('betau'),
('betet'),
('beti'),
('betik'),
('betina'),
('beting'),
('betinga'),
('betis'),
('betok'),
('beton'),
('betonisasi'),
('betot'),
('betul'),
('betung'),
('betutu'),
('bewok'),
('bhayangkara'),
('biadab'),
('biadat'),
('biadi'),
('biah'),
('biak'),
('biang'),
('bianglala'),
('biaperi'),
('biar'),
('biara'),
('biarawan'),
('biarawati'),
('biarpet'),
('biarpun'),
('bias'),
('biasa'),
('biat'),
('biau'),
('biawak'),
('biawan'),
('biawas'),
('biaya'),
('Bibel'),
('bibi'),
('bibinda'),
('bibir'),
('bibit'),
('biblio'),
('bibliografi'),
('bibliomania'),
('bibliotek'),
('bicana'),
('bicara'),
('bicokok'),
('bicu'),
('bida'),
('bidadari'),
('bidah'),
('bidai'),
('bidak'),
('bidal'),
('bidan'),
('bidang'),
('bidar'),
('bidara'),
('bidari'),
('bidas'),
('bidet'),
('bidik'),
('bido'),
('biduan'),
('biduanda'),
('biduanita'),
('biduk'),
('bidur'),
('biduri'),
('bienial'),
('biennale'),
('bifasial'),
('bigair'),
('bigami'),
('bigamis'),
('bihi'),
('bihun'),
('bija'),
('bijak'),
('bijakraja'),
('bijaksana'),
('bijaksanawan'),
('bijan'),
('bijana'),
('biji'),
('bijih'),
('bik'),
('bikameral'),
('bikang'),
('bikarbonat'),
('bikin'),
('bikini'),
('bikir'),
('bikonkaf'),
('bikonveks'),
('bikromat'),
('biksah'),
('biksu'),
('biksuni'),
('biku'),
('bila'),
('bilabial'),
('bilah'),
('bilai'),
('bilakmata'),
('bilal'),
('bilamana'),
('bilamasa'),
('bilang'),
('bilas'),
('bilateral'),
('bilateralisme'),
('bilga'),
('bilhak'),
('biliar'),
('bilik'),
('bilineal'),
('bilingual'),
('bilingualisme'),
('bilis'),
('biliun'),
('billahi'),
('bilokal'),
('bilur'),
('bilyet'),
('bimasakti'),
('bimbang'),
('bimbing'),
('bimbit'),
('bimetal'),
('bin'),
('bina'),
('binal'),
('binar'),
('binara'),
('binaraga'),
('binaragawan'),
('binasa'),
('binatak'),
('binatang'),
('binawah'),
('binayah'),
('bincacak'),
('bincang'),
('bincu'),
('bincul'),
('bincut'),
('bindam'),
('bindeng'),
('binder'),
('bindu'),
('bineka'),
('binen'),
('biner'),
('bingas'),
('bingit'),
('bingka'),
('bingkah'),
('bingkai'),
('bingkas'),
('bingkatak'),
('bingkis'),
('bingung'),
('bini'),
('binjai'),
('binjat'),
('binokular'),
('binomial'),
('bintak'),
('bintal'),
('bintalak'),
('bintan'),
('bintang'),
('bintara'),
('binti'),
('bintik'),
('bintil'),
('bintit'),
('bintul'),
('bintulbahar'),
('bintur'),
('binturung'),
('biodata'),
('biodin'),
('biofera'),
('biofilm'),
('biofilter'),
('biofisik'),
('biofisika'),
('biogas'),
('biogenesis'),
('biogenik'),
('biogeografi'),
('biografi'),
('biokimia'),
('bioklimatologi'),
('biola'),
('biolinguistik'),
('biolit'),
('biolog'),
('biologi'),
('biologis'),
('biologiwan'),
('bioluminesensi'),
('biomassa'),
('biomekani'),
('biometeorologi'),
('biometri'),
('biometrika'),
('bionomika'),
('biopendar'),
('bioplasma'),
('biopsi'),
('bioritme'),
('bioritmik'),
('biosekuen'),
('biosfer'),
('biosida'),
('bioskop'),
('biostatika'),
('biota'),
('biotek'),
('bioteknologi'),
('biotik'),
('biotin'),
('biotoksin'),
('biotron'),
('bipatride'),
('bipolar'),
('bipolaritas'),
('bipolisentrisme'),
('biprisma'),
('bir'),
('birah'),
('birai'),
('biram'),
('birama'),
('birang'),
('biras'),
('birat'),
('biring'),
('birit'),
('biro'),
('birofaks'),
('birokrasi'),
('birokrat'),
('birokratis'),
('birokratisasi'),
('birokratisme'),
('birsam'),
('biru'),
('bis'),
('bisa'),
('bisai'),
('bisawab'),
('bisbol'),
('biseksual'),
('bisektris'),
('biseps'),
('bisik'),
('bising'),
('bisinosis'),
('biskuit'),
('bismillah'),
('bismut'),
('bisnis'),
('bison'),
('bissu'),
('bistik'),
('bisu'),
('bisul'),
('bit'),
('bitgula'),
('biti'),
('biting'),
('bitisik'),
('bitumen'),
('biuku'),
('biumbai'),
('bius'),
('biut'),
('bivak'),
('biverbal'),
('bizurai'),
('blabar'),
('blabitisme'),
('blakblakan'),
('blangko'),
('blantika'),
('blaster'),
('blastostil'),
('blazer'),
('blek'),
('blekek'),
('blekok'),
('blenda'),
('blender'),
('blepot'),
('blewah'),
('blirik'),
('blog'),
('bloger'),
('blok'),
('blokade'),
('blokir'),
('bloknot'),
('blong'),
('blower'),
('bludrek'),
('blues'),
('blus'),
('blustru'),
('bobato'),
('bobok'),
('bobol'),
('bobos'),
('bobot'),
('bobotok'),
('bobrok'),
('bocah'),
('bocok'),
('bocong'),
('bocor'),
('bodhi'),
('bodhisatwa'),
('bodi'),
('bodoh'),
('bodok'),
('bodong'),
('bodor'),
('boga'),
('bogam'),
('bogel'),
('bogem'),
('bogi'),
('bogol'),
('bogor'),
('bogot'),
('bohemian'),
('bohlam'),
('bohong'),
('bohorok'),
('bohsia'),
('boi'),
('boikot'),
('bois'),
('bokar'),
('bokca'),
('bokek'),
('boko'),
('bokoh'),
('bokong'),
('bokop'),
('bokor'),
('boks'),
('boksen'),
('bokser'),
('bokset'),
('boksu'),
('boku'),
('bol'),
('bola'),
('bolak'),
('boleh'),
('bolero'),
('bolide'),
('boling'),
('bolometer'),
('bolong'),
('bolos'),
('bolot'),
('bolotu'),
('bolpoin'),
('bolu'),
('bom'),
('bombai'),
('bombardemen'),
('bombardir'),
('bombas'),
('bombastis'),
('bomber'),
('bomoh'),
('bomseks'),
('bon'),
('bonafide'),
('bonafiditas'),
('bonang'),
('bonanza'),
('bonar'),
('bonbon'),
('boncel'),
('bonceng'),
('boncol'),
('boncong'),
('bondol'),
('bondong'),
('bondot'),
('boneka'),
('bonet'),
('bong'),
('bongak'),
('bonggol'),
('bongkah'),
('bongkar'),
('bongkin'),
('bongko'),
('bongkol'),
('bongkong'),
('bongkor'),
('bongkot'),
('bongkrek'),
('bongmeh'),
('bongo'),
('bongok'),
('bongsang'),
('bongsor'),
('bonjol'),
('bonjor'),
('bonsai'),
('bontak'),
('bonto'),
('bontok'),
('bontot'),
('bonus'),
('bonyok'),
('bopeng'),
('boplang'),
('bopok'),
('bopong'),
('bor'),
('bora'),
('boraks'),
('borang'),
('borat'),
('borci'),
('bordes'),
('bordil'),
('bordir'),
('bordu'),
('boreal'),
('boreh'),
('borek'),
('borgol'),
('borjuasi'),
('borjuis'),
('borok'),
('boron'),
('borong'),
('boros'),
('bortel'),
('bos'),
('bosan'),
('boseta'),
('bosman'),
('boson'),
('bosor'),
('bosun'),
('bot'),
('botak'),
('botang'),
('botani'),
('botanikus'),
('botanis'),
('botelir'),
('boto'),
('botoh'),
('botok'),
('botol'),
('botor'),
('botridium'),
('botulisme'),
('bowo'),
('boya'),
('boyak'),
('boyas'),
('boyong'),
('bozah'),
('bradikardi'),
('Brahma'),
('brahmana'),
('brahmani'),
('brahmi'),
('brahmin'),
('braille'),
('brakiasi'),
('brakilogi'),
('brakisefalik'),
('brakistokron'),
('brakiurus'),
('braktea'),
('bramacorah'),
('brambang'),
('brana'),
('brander'),
('brankar'),
('brankas'),
('branwir'),
('braseri'),
('brata'),
('bratawali'),
('breksi'),
('breksia'),
('brem'),
('bren'),
('brendi'),
('brengsek'),
('bretel'),
('brevet'),
('brigade'),
('brigadir'),
('briket'),
('brilian'),
('briofita'),
('briologi'),
('briozoa'),
('brisan'),
('broiler'),
('brokade'),
('brokat'),
('broker'),
('brokoli'),
('brom'),
('bromat'),
('bromida'),
('bromin'),
('bromisme'),
('brompit'),
('bronkioli'),
('bronkitis'),
('bronkodilator'),
('bronkotomi'),
('bronkus'),
('brontosaurus'),
('bros'),
('brosur'),
('browser'),
('bruder'),
('bruk'),
('brunai'),
('brutal'),
('brutalisme'),
('bruto'),
('buah'),
('buai'),
('buak'),
('bual'),
('buana'),
('buang'),
('buani'),
('buar'),
('buari'),
('buas'),
('buat'),
('buatanah'),
('buaya'),
('bubar'),
('bubo'),
('bubu'),
('bubuh'),
('bubuhan'),
('bubuk'),
('bubul'),
('bubun'),
('bubung'),
('bubur'),
('bubus'),
('bubut'),
('bucu'),
('budak'),
('budanco'),
('budaya'),
('budayawan'),
('Buddha'),
('Buddhis'),
('Buddhisme'),
('bude'),
('budek'),
('budi'),
('budian'),
('budidaya'),
('budiman'),
('budu'),
('buduk'),
('budur'),
('bueng'),
('bufer'),
('bufet'),
('bugar'),
('bugenvil'),
('bugil'),
('buhuk'),
('buhul'),
('bui'),
('buih'),
('buil'),
('bujal'),
('bujam'),
('bujang'),
('bujangga'),
('bujet'),
('bujeter'),
('bujuk'),
('bujur'),
('bujut'),
('buk'),
('buka'),
('bukan'),
('bukat'),
('bukau'),
('buket'),
('bukit'),
('buklet'),
('bukti'),
('buku'),
('bukung'),
('bukur'),
('bukut'),
('bulai'),
('bulak'),
('bulan'),
('bulang'),
('bulangan'),
('bular'),
('bulat'),
('bulbul'),
('buldan'),
('buldog'),
('buldoser'),
('bule'),
('buleng'),
('buletin'),
('bulevar'),
('bulgur'),
('bulian'),
('bulimia'),
('bulir'),
('bulsak'),
('bulu'),
('bulu-bulu'),
('buluh'),
('buluk'),
('bulur'),
('bulus'),
('bulutangkis'),
('bum'),
('bumantara'),
('bumban'),
('bumbu'),
('bumbun'),
('bumbung'),
('bumel'),
('bumerang'),
('bumi'),
('bumiah'),
('bumihangus'),
('bumiputra'),
('bumirata'),
('bumper'),
('bumpet'),
('bumping'),
('bun'),
('buna'),
('bunbunan'),
('buncah'),
('buncak'),
('buncang'),
('buncis'),
('buncit'),
('bunda'),
('bundak'),
('bundar'),
('bundas'),
('bundel'),
('bunduk'),
('bundung'),
('bung'),
('bunga'),
('bungalo'),
('bungar'),
('bungkal'),
('bungkam'),
('bungkang'),
('bungkas'),
('bungker'),
('bungkil'),
('bungking'),
('bungkuk'),
('bungkul'),
('bungkus'),
('bunglai'),
('bunglon'),
('bungsil'),
('bungsu'),
('bungur'),
('buni'),
('bunian'),
('bunjai'),
('buntak'),
('buntal'),
('buntang'),
('buntar'),
('buntat'),
('buntek'),
('buntel'),
('buntet'),
('buntil'),
('bunting'),
('buntu'),
('buntung'),
('buntut'),
('bunuh'),
('bunut'),
('bunyi'),
('bupala'),
('bupati'),
('bupet'),
('bur'),
('bura'),
('burai'),
('burak'),
('burakah'),
('buraksa'),
('buram'),
('buras'),
('burat'),
('burayak'),
('burdah'),
('bureng'),
('buret'),
('burgundi'),
('burhan'),
('burik'),
('burit'),
('burkak'),
('burnout'),
('buron'),
('bursa'),
('buru'),
('buruh'),
('buruj'),
('buruk'),
('burung'),
('burut'),
('bus'),
('busa'),
('busai'),
('busana'),
('buset'),
('bushido'),
('busi'),
('busik'),
('bustan'),
('buster'),
('busuk'),
('busung'),
('busur'),
('busut'),
('buta'),
('butadiena'),
('butala'),
('butana'),
('butang'),
('butarepan'),
('butbut'),
('butek'),
('butik'),
('butir'),
('butirat'),
('butongpai'),
('butuh'),
('butul'),
('butun'),
('butut'),
('buwuh'),
('buya'),
('buyar'),
('buyung'),
('buyur'),
('buyut'),
('caba'),
('cabai'),
('cabak'),
('cabang'),
('cabar'),
('cabau'),
('cabe'),
('cabik'),
('cabir'),
('cabo'),
('cabuh'),
('cabuk'),
('cabul'),
('cabur'),
('cabut'),
('caca'),
('cacah'),
('cacahjiwa'),
('cacak'),
('cacap'),
('cacar'),
('cacat'),
('cacau'),
('caci'),
('cacibar'),
('cacil'),
('cacimaki'),
('cacing'),
('cadai'),
('cadang'),
('cadar'),
('cadas'),
('cadel'),
('cadik'),
('cadok'),
('caduk'),
('cadung'),
('caem'),
('cagak'),
('cagar'),
('cagil'),
('cagu'),
('caguh'),
('cagun'),
('cagut'),
('cah'),
('cahang'),
('cahar'),
('cahari'),
('cahaya'),
('cahi'),
('cailah'),
('caima'),
('caing'),
('cair'),
('cais'),
('caisim'),
('cak'),
('cakah'),
('cakak'),
('cakalang'),
('cakalele'),
('cakap'),
('cakar'),
('cakawari'),
('cakela'),
('cakep'),
('caki'),
('cakiak'),
('cakil'),
('cakmar'),
('cako'),
('cakra'),
('Cakrabirawa'),
('cakrabuana'),
('cakram'),
('cakrawala'),
('cakrawati'),
('cakruk'),
('cakup'),
('cakus'),
('cal'),
('calabikang'),
('caladi'),
('calak'),
('calang'),
('calar'),
('calecer'),
('calempong'),
('caling'),
('calir'),
('calit'),
('calo'),
('calon'),
('calui'),
('caluk'),
('calung'),
('cam'),
('camar'),
('camat'),
('camau'),
('cambahan'),
('cambang'),
('cambuk'),
('cambul'),
('cambung'),
('camca'),
('camil'),
('campa'),
('campah'),
('campak'),
('campang'),
('campin'),
('camping'),
('camplungan'),
('campuh'),
('campung'),
('campur'),
('campuraduk'),
('campurbaur'),
('camuk'),
('camur'),
('canai'),
('canak'),
('canang'),
('cancanbulan'),
('cancang'),
('cancut'),
('canda'),
('candai'),
('candak'),
('candala'),
('candang'),
('candat'),
('candi'),
('candik'),
('candit'),
('candra'),
('candradimuka'),
('candramawa'),
('candrasa'),
('candrasengkala'),
('candu'),
('candung'),
('cang'),
('cangah'),
('cangak'),
('cangam'),
('cangap'),
('cangar'),
('cangcang'),
('canggaan'),
('canggah'),
('canggai'),
('canggal'),
('cangget'),
('canggih'),
('canggu'),
('canggung'),
('cangkang'),
('cangkat'),
('cangkel'),
('cangkih'),
('cangking'),
('cangkir'),
('cangklong'),
('cangkok'),
('cangkol'),
('cangkrang'),
('cangkriman'),
('cangkring'),
('cangkul'),
('cangkum'),
('cangkung'),
('cangkup'),
('canguk'),
('cangut'),
('cantas'),
('cantel'),
('canteng'),
('cantik'),
('canting'),
('cantol'),
('cantrik'),
('cantum'),
('caos'),
('cap'),
('capa'),
('capah'),
('capai'),
('capak'),
('capal'),
('capang'),
('capar'),
('capcai'),
('cape'),
('capek'),
('capelin'),
('capgome'),
('capik'),
('capil'),
('caping'),
('capit'),
('capjiki'),
('caplak'),
('caplok'),
('capuk'),
('capung'),
('cara'),
('carah'),
('carak'),
('caraka'),
('carakawati'),
('caram'),
('caran'),
('carang'),
('caren'),
('cari'),
('carik'),
('caring'),
('carter'),
('caruk'),
('carut'),
('cas'),
('casciscus'),
('cat'),
('catat'),
('catek'),
('catu'),
('catuk'),
('catur'),
('caturjalma'),
('caturlarik'),
('caturtunggal'),
('caturwangsa'),
('caturwarga'),
('caturwarna'),
('caturwulan'),
('catut'),
('caul'),
('caung'),
('cawai'),
('cawak'),
('cawan'),
('cawangan'),
('cawat'),
('cawi'),
('cawis'),
('cebak'),
('ceban'),
('cebik'),
('cebikas'),
('cebil'),
('cebir'),
('cebis'),
('cebok'),
('cebol'),
('cebong'),
('cebur'),
('cecah'),
('cecak'),
('cecap'),
('cecar'),
('cecawi'),
('cece'),
('ceceh'),
('ceceng'),
('cecer'),
('cecere'),
('cecok'),
('cecongor'),
('cecunguk'),
('cedal'),
('cedayam'),
('cedera'),
('ceding'),
('cedok'),
('cedong'),
('ceduk'),
('cegah'),
('cegak'),
('cegar'),
('cegat'),
('ceguk'),
('cek'),
('cekah'),
('cekak'),
('cekakan'),
('cekal'),
('cekam'),
('cekang'),
('cekarau'),
('cekat'),
('cekau'),
('cekcekcek'),
('cekcok'),
('cekdam'),
('cekdel'),
('cekek'),
('cekel'),
('ceker'),
('ceki'),
('cekibar'),
('cekih'),
('cekik'),
('cekikik'),
('ceking'),
('cekit'),
('ceklek'),
('cekluk'),
('cekok'),
('cekrem'),
('cekres'),
('ceku'),
('cekuh'),
('cekuk'),
('cekung'),
('cekup'),
('cekur'),
('cekut'),
('cela'),
('celaga'),
('celah'),
('celak'),
('celaka'),
('celampak'),
('celana'),
('celang'),
('celangak'),
('celangap'),
('celapak'),
('celar'),
('celari'),
('celas'),
('celat'),
('celatuk'),
('cele'),
('celebuk'),
('celek'),
('celekeh'),
('celemek'),
('celemotan'),
('celempong'),
('celempung'),
('celeng'),
('celengkang'),
('celentang'),
('celep'),
('celepik'),
('celepuk'),
('celetuk'),
('celi'),
('celih'),
('celik'),
('celinguk'),
('celingus'),
('celis'),
('celomes'),
('celomok'),
('celonok'),
('celopar'),
('celorot'),
('celoteh'),
('Celsius'),
('celuk'),
('celum'),
('celung'),
('celup'),
('celupak'),
('celur'),
('celuring'),
('celurit'),
('celurut'),
('celus'),
('celutak'),
('celutuk'),
('cema'),
('cemani'),
('cemar'),
('cemara'),
('cemas'),
('cemat'),
('cembeng'),
('cemberut'),
('cembul'),
('cembung'),
('cemburu'),
('cemeeh'),
('cemeh'),
('cemek'),
('cemekian'),
('cemer'),
('cemerlang'),
('cemeti'),
('cemetuk'),
('cemomot'),
('cemong'),
('cemooh'),
('cempa'),
('cempaka'),
('cempal'),
('cempala'),
('cempana'),
('cempe'),
('cempedak'),
('cempek'),
('cempelik'),
('cempelung'),
('cempeng'),
('cempera'),
('cemperai'),
('cemperling'),
('cempiang'),
('cempin'),
('cemping'),
('cemplang'),
('cemplung'),
('cempor'),
('cempreng'),
('cempres'),
('cempung'),
('cempurit'),
('cemuas'),
('cemuk'),
('cena'),
('cenak'),
('cenangau'),
('cenangga'),
('cenangkas'),
('cenayang'),
('cencala'),
('cencaluk'),
('cencaru'),
('cencawan'),
('cencawi'),
('cendala'),
('cendana'),
('cendang'),
('cendawan'),
('cendekia'),
('cendekiawan'),
('cenderai'),
('cenderasa'),
('cenderawasih'),
('cenderung'),
('cendok'),
('cendol'),
('cenduai'),
('cenela'),
('ceng'),
('cengal'),
('cengam'),
('cengang'),
('cengap'),
('cengbeng'),
('cengeh'),
('cengek'),
('cengeng'),
('cengengesan'),
('cenggek'),
('cengger'),
('cenggeret'),
('cengi'),
('cengis'),
('cengkal'),
('cengkam'),
('cengkar'),
('cengkaruk'),
('cengkau'),
('cengkedi'),
('cengkeh'),
('cengkek'),
('cengkelong'),
('cengkeram'),
('cengkerama'),
('cengkerawak'),
('cengkerik'),
('cengkering'),
('cengkerung'),
('cengki'),
('cengkiak'),
('cengkih'),
('cengking'),
('cengkir'),
('cengkiwing'),
('cengkok'),
('cengkol'),
('cengkong'),
('cengkung'),
('cengkurai'),
('cengli'),
('cengung'),
('cengut'),
('centang'),
('centangan'),
('centeng'),
('centet'),
('centong'),
('centung'),
('cenung'),
('cepak'),
('cepal'),
('cepat'),
('cepek'),
('cepeng'),
('cepengan'),
('ceper'),
('cepiau'),
('ceples'),
('ceplok'),
('ceplos'),
('cepo'),
('cepol'),
('cepu'),
('cepuk'),
('cerabah'),
('cerabih'),
('cerabut'),
('ceracak'),
('ceracam'),
('ceracap'),
('ceracau'),
('cerah'),
('cerai'),
('cerak'),
('ceraka'),
('cerakin'),
('ceramah'),
('cerana'),
('cerancang'),
('cerang'),
('ceranggah'),
('cerangka'),
('cerap'),
('cerat'),
('ceratai'),
('ceratuk'),
('cerau'),
('cerawat'),
('cerbak'),
('cerca'),
('cercah'),
('cercak'),
('cercap'),
('cerdas'),
('cerdik'),
('cere'),
('cerecek'),
('cerek'),
('ceremai'),
('cerempung'),
('cerepu'),
('ceret'),
('cerewet'),
('cergas'),
('ceri'),
('ceria'),
('cericap'),
('cericau'),
('cericip'),
('ceriga'),
('cerih'),
('cerita'),
('ceriwis'),
('cerkam'),
('cerkau'),
('cerlang'),
('cerlih'),
('cerling'),
('cermai'),
('cermat'),
('cermin'),
('cerna'),
('ceroboh'),
('cerobong'),
('cerocok'),
('cerocos'),
('cerompong'),
('ceronggah'),
('ceropong'),
('ceroteh'),
('cerowok'),
('cerpelai'),
('cerpen'),
('cerpenis'),
('cerpu'),
('cerucuh'),
('cerucup'),
('ceruh'),
('ceruk'),
('cerun'),
('cerup'),
('cerut'),
('cerutu'),
('cespleng'),
('cetai'),
('cetak'),
('cetar'),
('cetek'),
('ceteng'),
('ceter'),
('cetera'),
('ceteri'),
('ceteria'),
('ceti'),
('cetok'),
('cetus'),
('ceuki'),
('cewang'),
('cewek'),
('ciak'),
('cialat'),
('ciap'),
('ciar'),
('cibir'),
('cibit'),
('ciblon'),
('cibuk'),
('cicik'),
('cicil'),
('cicinda'),
('cicip'),
('cicit'),
('cidomo'),
('ciduk'),
('cigak'),
('cih'),
('cihui'),
('cik'),
('cika'),
('cikadas'),
('cikal'),
('cikar'),
('cikok'),
('cikrak'),
('ciku'),
('cikun'),
('cikut'),
('cilap'),
('cilawagi'),
('cili'),
('cilik'),
('ciling'),
('cilok'),
('cilukba'),
('cimplong'),
('Cina'),
('cincang'),
('cincau'),
('cincin'),
('cincong'),
('cincu'),
('cinda'),
('cindai'),
('cindaku'),
('cinde'),
('cindil'),
('cindur'),
('cing'),
('cingak'),
('cingam'),
('cingangah'),
('cingge'),
('cingkat'),
('cingkeh'),
('cingkrang'),
('cingur'),
('cinta'),
('cintamani'),
('cinteng'),
('cintrong'),
('cip'),
('cipai'),
('cipan'),
('ciplak'),
('cipok'),
('ciprat'),
('cipta'),
('cir'),
('circir'),
('ciri'),
('cirit'),
('ciriwangi'),
('cis'),
('cit'),
('cita'),
('citra'),
('citraleka'),
('ciu'),
('cium'),
('ciut'),
('coak'),
('coang'),
('coba'),
('coban'),
('cobek'),
('coblos'),
('cocok'),
('cocoktanam'),
('cocol'),
('cocor'),
('codak'),
('codet'),
('codot'),
('cogah'),
('cogan'),
('cogok'),
('cok'),
('cokar'),
('cokek'),
('cokelat'),
('coket'),
('coklat'),
('cokmar'),
('coko'),
('cokok'),
('cokol'),
('Cokorda'),
('colek'),
('coleng'),
('colet'),
('coli'),
('colok'),
('colong'),
('colot'),
('comberan'),
('comblang'),
('combong'),
('comek'),
('comel'),
('comor'),
('comot'),
('compeng'),
('compes'),
('compoh'),
('compreng'),
('comro'),
('concong'),
('condong'),
('conet'),
('congak'),
('congeh'),
('congek'),
('congget'),
('conggok'),
('congkak'),
('congki'),
('congklak'),
('congklang'),
('congkok'),
('congkong'),
('congo'),
('congok'),
('congol'),
('congor'),
('congsam'),
('contek'),
('conteng'),
('contoh'),
('contong'),
('cop'),
('copet'),
('coplok'),
('copot'),
('cor'),
('corak'),
('corek'),
('coreng'),
('coret'),
('coro'),
('corob'),
('corong'),
('corot'),
('cotet'),
('cotok'),
('cowok'),
('cowokan'),
('criping'),
('cua'),
('cuaca'),
('cuai'),
('cuak'),
('cual'),
('cuang'),
('cuar'),
('cuat'),
('cubit'),
('cublik'),
('cubung'),
('cuca'),
('cucakrawa'),
('cuci'),
('cucu'),
('cucuh'),
('cucuk'),
('cucun'),
('cucunda'),
('cucung'),
('cucup'),
('cucur'),
('cucurut'),
('cucut'),
('cudang'),
('cuek'),
('cugat'),
('cuh'),
('cuik'),
('cuil'),
('cuit'),
('cuk'),
('cuka'),
('cukai'),
('cuki'),
('cukil'),
('cukimai'),
('cukin'),
('cukit'),
('cukong'),
('cuku'),
('cukup'),
('cukur'),
('cula'),
('culak'),
('culan'),
('culas'),
('culiah'),
('culik'),
('culika'),
('culim'),
('culun'),
('cuma'),
('cuman'),
('cumbu'),
('cumengkling'),
('cumepak'),
('cumil'),
('cuming'),
('cun'),
('cunam'),
('cundang'),
('cundrik'),
('cunduk'),
('cung'),
('cungap'),
('cungkil'),
('cungkup'),
('cungo'),
('cungul'),
('cungur'),
('cunia'),
('cup'),
('cupai'),
('cupak'),
('cupang'),
('cupar'),
('cupet'),
('cuping'),
('cuplik'),
('cupu'),
('cupul'),
('cur'),
('cura'),
('curah'),
('curai'),
('curam'),
('curang'),
('curat'),
('cureng'),
('curi'),
('curiah'),
('curiga'),
('curik'),
('curna'),
('curu'),
('cus'),
('cut'),
('cutak'),
('cutbrai'),
('cutel'),
('cuti'),
('daayah'),
('dab'),
('daba'),
('dabak'),
('dabal'),
('dabat'),
('dabih'),
('dabik'),
('dabing'),
('dabir'),
('dabit'),
('dablek'),
('dabol'),
('dabung'),
('dabus'),
('dacin'),
('dad'),
('dada'),
('dadah'),
('dadaisme'),
('dadak'),
('dadal'),
('dadali'),
('dadap'),
('dadar'),
('dadaruah'),
('dadek'),
('dadi'),
('dadih'),
('dading'),
('dadu'),
('daduh'),
('daduk'),
('dadung'),
('daeng'),
('daerah'),
('daerahisme'),
('dafnah'),
('daftar'),
('daftarhitam'),
('daga'),
('dagang'),
('dage'),
('dagel'),
('dagi'),
('daging'),
('dagu'),
('dah'),
('dahaga'),
('dahagi'),
('dahak'),
('daham'),
('dahan'),
('dahanam'),
('dahar'),
('dahi'),
('dahiat'),
('dahina'),
('dahlia'),
('dahriah'),
('dahsyat'),
('dahulu'),
('dai'),
('daidan'),
('daidanco'),
('daif'),
('daim'),
('daiman'),
('daing'),
('daitia'),
('dajal'),
('daka'),
('dakah'),
('dakaik'),
('dakar'),
('dakhil'),
('daki'),
('dakik'),
('dakocan'),
('dakon'),
('dakron'),
('daksa'),
('daksina'),
('daktil'),
('daktilitis'),
('daktilologi'),
('daktiloskopi'),
('daku'),
('dakwa'),
('dakwah'),
('dalal'),
('dalalah'),
('dalalat'),
('dalam'),
('dalang'),
('daldaru'),
('dalem'),
('dalfin'),
('dalih'),
('dalil'),
('daltonisme'),
('dalu'),
('daluang'),
('dalung'),
('dam'),
('damah'),
('damai'),
('damak'),
('damal'),
('daman'),
('damar'),
('damaru'),
('damas'),
('damat'),
('damba'),
('dambin'),
('dambir'),
('dame'),
('damen'),
('dami'),
('damik'),
('damotin'),
('dampak'),
('dampal'),
('dampan'),
('dampar'),
('dampeng'),
('dampil'),
('damping'),
('dampit'),
('damprat'),
('dampung'),
('dan'),
('dana'),
('danau'),
('danawa'),
('danda'),
('dandan'),
('dandang'),
('dandanggula'),
('dandapati'),
('dandi'),
('dang'),
('dangai'),
('dangar'),
('dangau'),
('dangdut'),
('dange'),
('danghyang'),
('dangir'),
('dangka'),
('dangkal'),
('dangkap'),
('dangkar'),
('dangkung'),
('danguk'),
('dansa'),
('dansanak'),
('danta'),
('Danuh'),
('danur'),
('danyang'),
('dap'),
('dapa'),
('dapar'),
('dapat'),
('dapra'),
('dapur'),
('dar'),
('dara'),
('darab'),
('darah'),
('daras'),
('darat'),
('darau'),
('dargah'),
('dari'),
('darimana'),
('daripada'),
('darisana'),
('darisini'),
('darisitu'),
('darji'),
('darma'),
('darmabakti'),
('darmakelana'),
('darmasiswa'),
('darmatirta'),
('darmawisata'),
('daro'),
('darpana'),
('darulaitam'),
('darulakhirat'),
('darulbaka'),
('darulfana'),
('daruljalal'),
('darun'),
('darunu'),
('darurat'),
('darusalam'),
('darwis'),
('das'),
('dasalomba'),
('dasar'),
('dasarian'),
('dasasila'),
('dasatitah'),
('dasawarsa'),
('dasbor'),
('dasi'),
('dasin'),
('daster'),
('dasun'),
('data'),
('datang'),
('datar'),
('datatamak'),
('dati'),
('datif'),
('datu'),
('datuk'),
('datum'),
('datung'),
('datupetinggi'),
('dauk'),
('daulat'),
('daun'),
('daunnasi'),
('daur'),
('daurulang'),
('dawai'),
('dawan'),
('dawat'),
('dawet'),
('daya'),
('dayaguna'),
('dayah'),
('dayang'),
('dayaupaya'),
('dayu'),
('dayuh'),
('dayuk'),
('dayung'),
('dayus'),
('dealat'),
('deaneksasi'),
('debah'),
('debak'),
('debam'),
('debap'),
('debar'),
('debarkasi'),
('debas'),
('debat'),
('debet'),
('debik'),
('debil'),
('debing'),
('debirokratisasi'),
('debit'),
('debitase'),
('debitor'),
('debitur'),
('debris'),
('debu'),
('debug'),
('debuk'),
('debum'),
('debun'),
('debung'),
('debup'),
('debur'),
('debus'),
('debut'),
('decak'),
('decap'),
('deceh'),
('decing'),
('decit'),
('decup'),
('decur'),
('decut'),
('dedah'),
('dedai'),
('dedak'),
('dedal'),
('dedalu'),
('dedap'),
('dedar'),
('dedara'),
('dedare'),
('dedas'),
('dedau'),
('dedek'),
('dedel'),
('dedemit'),
('dedengkot'),
('deder'),
('dederuk'),
('dedes'),
('dedikasi'),
('dedikatif'),
('deduksi'),
('deduktif'),
('dedulang'),
('deeskalasi'),
('defaitisme'),
('defekasi'),
('defender'),
('defensi'),
('defensif'),
('deferens');
INSERT INTO `katadasar` (`kata`) VALUES
('defile'),
('definisi'),
('definit'),
('definitif'),
('defisien'),
('defisit'),
('deflagrasi'),
('deflagrator'),
('deflasi'),
('defleksi'),
('deflorasi'),
('defoliasi'),
('defonologisasi'),
('deforestasi'),
('deformasi'),
('deformatif'),
('deg'),
('degam'),
('degan'),
('degap'),
('degar'),
('degen'),
('degenerasi'),
('degeneratif'),
('degil'),
('deging'),
('degradasi'),
('degresi'),
('deguk'),
('degum'),
('degung'),
('degup'),
('deh'),
('deham'),
('dehem'),
('dehidrasi'),
('dehidrat'),
('dehidrogenasi'),
('dehumanisasi'),
('deideologisasi'),
('deifikasi'),
('deiksis'),
('deiktis'),
('deislamisasi'),
('deisme'),
('dek'),
('dekade'),
('dekaden'),
('dekadensi'),
('dekagram'),
('dekah'),
('dekak'),
('dekak-dekak'),
('dekaliter'),
('dekam'),
('dekameter'),
('dekan'),
('dekanal'),
('dekantasi'),
('dekap'),
('dekapoda'),
('dekar'),
('dekare'),
('dekat'),
('dekik'),
('dekil'),
('deklamasi'),
('deklamator'),
('deklarasi'),
('deklaratif'),
('deklasifikasi'),
('deklerer'),
('deklinasi'),
('deklinometer'),
('dekode'),
('dekoder'),
('dekolonisasi'),
('dekomposer'),
('dekomposisi'),
('dekompresi'),
('dekongestan'),
('dekonsentrasi'),
('dekontekstualisasi'),
('dekor'),
('dekorasi'),
('dekoratif'),
('dekorator'),
('dekosistem'),
('dekremeter'),
('dekreolisasi'),
('dekret'),
('dekriminalisasi'),
('deksa'),
('dekstrin'),
('dekstrosa'),
('deksura'),
('deku'),
('dekunci'),
('dekung'),
('dekus'),
('dekut'),
('delabialisasi'),
('delah'),
('delamak'),
('delan'),
('delap'),
('delapan'),
('delas'),
('delat'),
('delegasi'),
('delegat'),
('delegitimasi'),
('delepak'),
('deler'),
('delik'),
('delikan'),
('delikat'),
('delikates'),
('delima'),
('delineasi'),
('delinkuen'),
('delinkuensi'),
('delirium'),
('delman'),
('delong'),
('delta'),
('deltoid'),
('Delu'),
('delusi'),
('delusif'),
('demabrasi'),
('demagog'),
('demagogi'),
('demagogis'),
('demah'),
('demam'),
('demang'),
('demap'),
('demarkasi'),
('dembai'),
('dembam'),
('dembun'),
('demek'),
('demen'),
('demes'),
('demi'),
('demik'),
('demikian'),
('demiliterisasi'),
('demineralisasi'),
('demisioner'),
('demo'),
('demobilisan'),
('demobilisasi'),
('demograf'),
('demografi'),
('demografis'),
('demokrasi'),
('demokrat'),
('demokratis'),
('demokratisasi'),
('demon'),
('demoniak'),
('demonopolisasi'),
('demonstran'),
('demonstrasi'),
('demonstratif'),
('demonstrativa'),
('demoralisasi'),
('demosi'),
('dempak'),
('dempam'),
('dempang'),
('demper'),
('dempet'),
('dempir'),
('demplon'),
('dempok'),
('dempul'),
('dempung'),
('demung'),
('den'),
('dena'),
('denah'),
('denai'),
('denak'),
('denasalisasi'),
('denasionalisasi'),
('denawa'),
('dencang'),
('dencing'),
('denda'),
('dendam'),
('dendang'),
('dendeng'),
('dendi'),
('dendrokronologi'),
('dendrologi'),
('denervasi'),
('dengak'),
('dengan'),
('dengap'),
('dengar'),
('dengih'),
('denging'),
('dengkang'),
('dengkel'),
('dengki'),
('dengkik'),
('dengking'),
('dengkol'),
('dengkul'),
('dengkung'),
('dengkur'),
('dengkus'),
('dengu'),
('dengue'),
('denguk'),
('dengung'),
('dengus'),
('dengut'),
('denim'),
('denok'),
('denominal'),
('denominasi'),
('denotasi'),
('denotatif'),
('densimeter'),
('densitas'),
('densitometer'),
('densitometri'),
('densometer'),
('dental'),
('dentam'),
('dentang'),
('dentat'),
('dentin'),
('denting'),
('dentum'),
('dentung'),
('dentur'),
('denudasi'),
('denuklirisasi'),
('denyar'),
('denyit'),
('denyut'),
('deodoran'),
('deoknumisasi'),
('deontologi'),
('dep'),
('depa'),
('depak'),
('depalatalisasi'),
('depan'),
('depang'),
('depap'),
('deparpolisasi'),
('departemen'),
('departemental'),
('departementalisasi'),
('dependen'),
('dependensi'),
('depersonalisasi'),
('depersonifikasi'),
('depigmentasi'),
('depilasi'),
('deplesi'),
('depolarisasi'),
('depolitisasi'),
('deponir'),
('depopulasi'),
('deportasi'),
('deposan'),
('deposit'),
('deposito'),
('depot'),
('depresi'),
('depresiasi'),
('depresor'),
('deprok'),
('deprotonasi'),
('depun'),
('depus'),
('deputasi'),
('deputi'),
('dera'),
('deragem'),
('derai'),
('derajah'),
('derajang'),
('derajat'),
('derak'),
('deram'),
('deran'),
('derana'),
('derang'),
('derap'),
('deras'),
('derau'),
('derawa'),
('derebar'),
('deregulasi'),
('derel'),
('derep'),
('deres'),
('deresi'),
('deret'),
('dergama'),
('derik'),
('dering'),
('deris'),
('derit'),
('derita'),
('derivasi'),
('derivat'),
('derivatif'),
('derji'),
('derma'),
('dermaga'),
('derman'),
('dermatitis'),
('dermatofitosis'),
('dermatolog'),
('dermatologi'),
('dermatom'),
('dermawan'),
('dermis'),
('dermoid'),
('dersana'),
('dersik'),
('deru'),
('deruk'),
('derum'),
('derung'),
('derup'),
('derus'),
('desa'),
('desah'),
('desain'),
('desainer'),
('desak'),
('desakralisasi'),
('desalinasi'),
('desar'),
('desau'),
('desegregasi'),
('deselerasi'),
('Desember'),
('desensitisasi'),
('desentralisasi'),
('deserebrasi'),
('desersi'),
('desertir'),
('desibel'),
('desidua'),
('desigram'),
('desih'),
('desik'),
('desikan'),
('desikator'),
('desil'),
('desiliter'),
('desiliun'),
('desimal'),
('desimeter'),
('desinens'),
('desinfeksi'),
('desinfektan'),
('desing'),
('desir'),
('desis'),
('desit'),
('deskripsi'),
('deskriptif'),
('deskuamasi'),
('desmonem'),
('desmoplasia'),
('desmosom'),
('desorientasi'),
('desorpsi'),
('despot'),
('despotik'),
('despotisme'),
('destabilisasi'),
('destar'),
('destinasi'),
('destroyer'),
('destruksi'),
('destruktif'),
('destruktor'),
('desuk'),
('desulfurisasi'),
('desup'),
('desur'),
('desus'),
('desut'),
('detail'),
('detak'),
('detap'),
('detar'),
('detas'),
('detasemen'),
('detasering'),
('detasir'),
('deteksi'),
('detektif'),
('detektofon'),
('detektor'),
('detenidos'),
('detensi'),
('detente'),
('detergen'),
('deteriorasi'),
('determinan'),
('determinasi'),
('determinatif'),
('determinator'),
('determinis'),
('determinisme'),
('detik'),
('deting'),
('detoksifikasi'),
('detonasi'),
('detonator'),
('detritus'),
('detrusor'),
('detup'),
('detus'),
('deuterium'),
('Deuterokanonika'),
('deuteron'),
('deutranomalopia'),
('deutranopia'),
('devaluasi'),
('developer'),
('deverbal'),
('deviasi'),
('devisa'),
('devosi'),
('dewa'),
('dewadaru'),
('dewala'),
('dewan'),
('dewana'),
('dewanagari'),
('dewangga'),
('dewasa'),
('dewata'),
('dewi'),
('dia'),
('diabetes'),
('diad'),
('diadem'),
('diafon'),
('diaforetik'),
('diafragma'),
('diagenesis'),
('diagnosis'),
('diagnostik'),
('diagometer'),
('diagonal'),
('diagram'),
('diaken'),
('diakon'),
('diakones'),
('diakonia'),
('diakritik'),
('diakronis'),
('dialek'),
('dialektal'),
('dialektik'),
('dialektika'),
('dialektis'),
('dialektologi'),
('dialinguistik'),
('dialisis'),
('dialog'),
('dialogis'),
('diam'),
('diamagnetisme'),
('diameter'),
('diametral'),
('diamorf'),
('dian'),
('diang'),
('diaper'),
('diapositif'),
('diar'),
('diare'),
('dias'),
('diasistem'),
('diaspora'),
('diastase'),
('diastole'),
('diat'),
('diaterman'),
('diatermi'),
('diatermik'),
('diatesis'),
('diatipe'),
('diatom'),
('diatomit'),
('diatonik'),
('diatopik'),
('diayah'),
('dibasa'),
('didaktik'),
('didaktikus'),
('didaktis'),
('didih'),
('didik'),
('didis'),
('didong'),
('dielektrik'),
('diensefalon'),
('diesel'),
('diesnatalis'),
('diet'),
('dietetika'),
('difabel'),
('diferensial'),
('diferensiasi'),
('difluens'),
('difluensi'),
('difraksi'),
('difteri'),
('diftong'),
('difusi'),
('digdaya'),
('digenesis'),
('digestif'),
('digit'),
('digital'),
('digitalin'),
('digitalis'),
('digitalisasi'),
('diglosia'),
('digraf'),
('digresi'),
('Digul'),
('dihedral'),
('dihidroksil'),
('dik'),
('dikara'),
('dikau'),
('dikit'),
('diklorida'),
('dikotil'),
('dikotomi'),
('dikroisme'),
('dikromat'),
('dikromatik'),
('diksa'),
('diksi'),
('diktat'),
('diktator'),
('diktatorial'),
('diktatoris'),
('dikte'),
('diktum'),
('dil'),
('dila'),
('dilak'),
('dilam'),
('dilasi'),
('dilatasi'),
('dilatometer'),
('dilema'),
('dilematik'),
('diler'),
('diletan'),
('diluvium'),
('dim'),
('dimana'),
('dimensi'),
('dimer'),
('diminutif'),
('dimorfik'),
('dimorfisme'),
('din'),
('dina'),
('dinamik'),
('dinamika'),
('dinamis'),
('dinamisator'),
('dinamisme'),
('dinamit'),
('dinamo'),
('dinamometer'),
('dinar'),
('dinas'),
('dinasti'),
('dinding'),
('dingin'),
('dingkis'),
('dingkit'),
('dingklang'),
('dingklik'),
('dingo'),
('dini'),
('diniah'),
('dinosaurus'),
('diode'),
('dioesis'),
('dioksida'),
('dioksin'),
('diopsida'),
('dioptase'),
('dioptri'),
('diorama'),
('diorit'),
('dioses'),
('dipan'),
('diplo'),
('diploid'),
('diploma'),
('diplomasi'),
('diplomat'),
('diplomatik'),
('diplomatis'),
('dipsomania'),
('diptera'),
('diptotos'),
('dirah'),
('diraja'),
('direk'),
('direksi'),
('direktorat'),
('direktorium'),
('direktris'),
('direktur'),
('dirgahayu'),
('dirgantara'),
('dirham'),
('diri'),
('dirigen'),
('diris'),
('dirus'),
('disagio'),
('disakarida'),
('disana'),
('disastria'),
('disbursemen'),
('disdrometer'),
('disekuilibrium'),
('disensus'),
('disentri'),
('disertasi'),
('disfonia'),
('disfungsi'),
('disharmoni'),
('disiden'),
('disilabik'),
('disimilasi'),
('disinfektan'),
('disinformasi'),
('disini'),
('disinsentif'),
('disintegrasi'),
('disiplin'),
('disitu'),
('disjoki'),
('disjungsi'),
('disjungtif'),
('diska'),
('disket'),
('diskiasis'),
('disklimaks'),
('disko'),
('diskoid'),
('diskon'),
('diskontinu'),
('diskontinuitas'),
('diskonto'),
('diskordans'),
('diskorobik'),
('diskotek'),
('diskredit'),
('diskrepansi'),
('diskresi'),
('diskriminasi'),
('diskriminatif'),
('diskriminator'),
('diskualifikasi'),
('diskulpasi'),
('diskursif'),
('diskus'),
('diskusi'),
('dislalia'),
('disleksia'),
('dislokasi'),
('dismembrasio'),
('dismenorea'),
('dismutasi'),
('disolventia'),
('disonansi'),
('disoperasi'),
('disorder'),
('disorganisasi'),
('disorientasi'),
('disosiasi'),
('dispareunia'),
('disparitas'),
('dispensasi'),
('dispenser'),
('dispepsia'),
('dispersal'),
('dispersi'),
('disposisi'),
('disposotio'),
('disprosium'),
('disrupsi'),
('distabilitas'),
('distal'),
('distansi'),
('distikiasis'),
('distikon'),
('distilasi'),
('distilator'),
('distingsi'),
('distingtif'),
('distoma'),
('distorsi'),
('distosia'),
('distribusi'),
('distributor'),
('distrik'),
('disuasi'),
('disuria'),
('dito'),
('ditransitif'),
('diuresis'),
('diuretik'),
('diurnal'),
('divergen'),
('divergensi'),
('diversifikasi'),
('diversitas'),
('divestasi'),
('dividen'),
('divisi'),
('doa'),
('doang'),
('dobel'),
('dobi'),
('doblangan'),
('doble'),
('dobol'),
('dobolo'),
('dobrak'),
('dodekagon'),
('dodekahedron'),
('dodet'),
('dodok'),
('dodol'),
('dodong'),
('dodor'),
('dodos'),
('dodot'),
('doeloe'),
('dogel'),
('dogeng'),
('doger'),
('dogma'),
('dogmatik'),
('dogmatis'),
('dogmatisme'),
('dogol'),
('dohok'),
('dohyo'),
('doi'),
('dok'),
('dokar'),
('doko'),
('dokoh'),
('doksologi'),
('dokter'),
('doktor'),
('doktoranda'),
('doktorandus'),
('doktrin'),
('doku'),
('dokumen'),
('dokumentasi'),
('dokumenter'),
('dol'),
('dolan'),
('dolar'),
('doldrum'),
('dolfin'),
('dolikosepalik'),
('dolmen'),
('dolok'),
('dolomit'),
('dom'),
('domain'),
('domba'),
('domblong'),
('domein'),
('domestik'),
('domestikasi'),
('dominan'),
('dominansi'),
('dominasi'),
('domine'),
('dominggo'),
('dominion'),
('domino'),
('domisili'),
('domot'),
('dompak'),
('dompet'),
('domplang'),
('dompleng'),
('dompol'),
('donasi'),
('donat'),
('donatur'),
('doncang'),
('dondang'),
('donder'),
('dondon'),
('dong'),
('dongak'),
('dongan'),
('dongbret'),
('dongeng'),
('dongkak'),
('dongkel'),
('dongkok'),
('dongkol'),
('dongkrak'),
('dongkrok'),
('dongok'),
('dongpan'),
('dongsok'),
('doni'),
('donjuan'),
('donor'),
('donto'),
('dop'),
('dopis'),
('dor'),
('dorang'),
('dorbi'),
('dorman'),
('dormansi'),
('dorna'),
('dorong'),
('dorsal'),
('dorslah'),
('dorsopalatal'),
('dorsovelar'),
('dorsum'),
('dortrap'),
('dosa'),
('dosen'),
('dosir'),
('dosis'),
('dot'),
('dowel'),
('dower'),
('doyak'),
('doyan'),
('doyang'),
('doyo'),
('doyong'),
('draf'),
('dragon'),
('drai'),
('drainase'),
('drakula'),
('dram'),
('drama'),
('dramatik'),
('dramatikus'),
('dramatis'),
('dramatisasi'),
('dramaturg'),
('dramaturgi'),
('dramawan'),
('draperi'),
('drastis'),
('drat'),
('drel'),
('dresoar'),
('dresur'),
('dribel'),
('drif'),
('dril'),
('drip'),
('drop'),
('dropsi'),
('drum'),
('drumben'),
('drumer'),
('druwe'),
('dua'),
('duafa'),
('duai'),
('duaja'),
('dualis'),
('dualisme'),
('dualistis'),
('duane'),
('dub'),
('dubalang'),
('dubelir'),
('dubes'),
('dubila'),
('dubing'),
('dubius'),
('duble'),
('dublir'),
('dubuk'),
('dubur'),
('duda'),
('dudu'),
('duduk'),
('dudur'),
('dudus'),
('duel'),
('duet'),
('duga'),
('dugal'),
('dugang'),
('dugas'),
('dugdeng'),
('dugder'),
('duh'),
('duha'),
('duhai'),
('duhe'),
('duhu'),
('duilah'),
('duit'),
('duk'),
('duka'),
('dukacarita'),
('dukacita'),
('dukan'),
('dukana'),
('dukat'),
('dukaten'),
('duktulus'),
('duktus'),
('duku'),
('dukuh'),
('dukun'),
('dukung'),
('dula'),
('dulag'),
('dulang'),
('duli'),
('dulur'),
('dum'),
('dumdum'),
('dumi'),
('dumping'),
('dumung'),
('dunah'),
('dunak'),
('dung'),
('dungas'),
('dungkelan'),
('dungkul'),
('dungu'),
('dungun'),
('dunia'),
('duniawi'),
('duodenum'),
('duodesimal'),
('duodrama'),
('duopoli'),
('dup'),
('dupa'),
('dupak'),
('dupleks'),
('duplik'),
('duplikasi'),
('duplikat'),
('duplikator'),
('duplisitas'),
('duplo'),
('dur'),
('dura'),
('duralumin'),
('duramater'),
('durasi'),
('durat'),
('duratif'),
('duren'),
('dureng'),
('durhaka'),
('duri'),
('durian'),
('durias'),
('duriat'),
('durja'),
('durjana'),
('durjasa'),
('durkarsa'),
('durma'),
('durno'),
('durnois'),
('durnoisme'),
('durometer'),
('dursila'),
('duru'),
('duruwiksa'),
('dus'),
('dusin'),
('dusta'),
('dustur'),
('dusun'),
('duta'),
('duwet'),
('duyun'),
('duyung'),
('dwiarti'),
('dwibahasa'),
('dwibahasawan'),
('dwidarma'),
('dwidasawarsa'),
('dwifungsi'),
('dwiganda'),
('dwiguna'),
('dwilingga'),
('dwimatra'),
('dwiminggu'),
('dwimuka'),
('dwiperan'),
('dwipurwa'),
('dwisegi'),
('dwitarung'),
('dwitunggal'),
('dwiwarna'),
('ebam'),
('eban'),
('ebek'),
('ebi'),
('eboni'),
('ebonit'),
('ebro'),
('eburina'),
('ecek'),
('eceng'),
('ecer'),
('eco'),
('edafik'),
('edafit'),
('edafologi'),
('edafon'),
('edan'),
('edar'),
('edema'),
('edentat'),
('edisi'),
('edit'),
('editor'),
('editorial'),
('edukasi'),
('edukatif'),
('efedrina'),
('efek'),
('efektif'),
('efektivitas'),
('efektor'),
('efelis'),
('efendi'),
('efisien'),
('efisiensi'),
('efloresensi'),
('eforus'),
('efusi'),
('egah'),
('egalisasi'),
('egalitarian'),
('egalitarianisme'),
('egalitarisme'),
('egaliter'),
('egat'),
('ego'),
('egois'),
('egoisme'),
('egoistis'),
('egol'),
('egomania'),
('egos'),
('egosentris'),
('egosentrisitas'),
('egosentrisme'),
('egrang'),
('egresif'),
('Ehe'),
('eidetik'),
('eigendom'),
('eikosan'),
('einsteinium'),
('eja'),
('ejakulasi'),
('ejan'),
('ejawantah'),
('ejek'),
('ejektif'),
('ejektor'),
('ekabahasa'),
('ekabahasawan'),
('ekad'),
('ekajati'),
('ekakarsa'),
('ekamatra'),
('ekang'),
('ekaristi'),
('ekatantri'),
('ekbalium'),
('ekdemik'),
('ekderon'),
('ekdisis'),
('ekeh'),
('ekimosis'),
('ekiofit'),
('eklektik'),
('eklektikus'),
('eklektis'),
('eklektisisme'),
('eklips'),
('ekliptika'),
('ekliptis'),
('eklosi'),
('ekofisiologi'),
('ekofraksia'),
('ekografi'),
('ekogrup'),
('ekoklimat'),
('ekoklimatologi'),
('ekokronologi'),
('ekolabel'),
('ekolalia'),
('ekologi'),
('ekologis'),
('ekon'),
('ekonom'),
('ekonometri'),
('ekonomi'),
('ekonomis'),
('ekopolitik'),
('ekopraksia'),
('ekor'),
('ekornia'),
('ekosfer'),
('ekosistem'),
('ekosistematika'),
('ekospesies'),
('ekostratigrafi'),
('ekotipe'),
('ekotipifikasi'),
('ekoturisme'),
('ekozona'),
('ekrin'),
('ekrinologi'),
('eks'),
('eksak'),
('eksakta'),
('eksaltasi'),
('eksamen'),
('eksaminasi'),
('eksaminator'),
('eksantem'),
('eksantropus'),
('eksarasi'),
('eksegesis'),
('ekseget'),
('eksekusi'),
('eksekutif'),
('eksekutor'),
('eksem'),
('eksemplar'),
('eksenterasi'),
('eksentrik'),
('eksepsi'),
('ekseptor'),
('ekses'),
('eksesif'),
('eksfoliasi'),
('ekshalasi'),
('ekshibisi'),
('ekshibisionis'),
('ekshibisionisme'),
('ekshibitum'),
('eksikator'),
('eksin'),
('eksipien'),
('eksisi'),
('eksistensi'),
('eksistensialis'),
('eksistensialisme'),
('eksit'),
('eksitasi'),
('eksitus'),
('ekskavasi'),
('ekskavator'),
('eksklave'),
('eksklusif'),
('eksklusivisme'),
('ekskomunikasi'),
('ekskresi'),
('ekskreta'),
('ekskursi'),
('ekskursif'),
('eksobiologi'),
('eksobiotik'),
('eksodermis'),
('eksodos'),
('eksodus'),
('eksoenzim'),
('eksoergik'),
('eksofasia'),
('eksofora'),
('eksoftalmia'),
('eksoftalmos'),
('eksoftalmus'),
('eksogam'),
('eksogami'),
('eksogen'),
('eksogin'),
('eksoisogami'),
('eksordium'),
('eksorsis'),
('eksosfer'),
('eksospora'),
('eksostosis'),
('eksoterik'),
('eksotermik'),
('eksotik'),
('eksotis'),
('eksotisme'),
('ekspansi'),
('ekspansif'),
('ekspansionis'),
('ekspansionisme'),
('ekspansionistis'),
('ekspatriasi'),
('ekspatriat'),
('ekspedisi'),
('ekspeditor'),
('ekspektoran'),
('eksper'),
('eksperimen'),
('eksperimental'),
('ekspirasi'),
('eksplan'),
('eksplikasi'),
('eksplisit'),
('eksploit'),
('eksploitasi'),
('eksploitir'),
('eksplorasi'),
('eksploratif'),
('eksplorator'),
('eksplosi'),
('eksplosif'),
('ekspo'),
('eksponen'),
('eksponensial'),
('ekspor'),
('eksportir'),
('ekspos'),
('ekspose'),
('eksposisi'),
('ekspres'),
('ekspresi'),
('ekspresif'),
('ekspresionisme'),
('ekspresionistik'),
('ekspresivitas'),
('ekstase'),
('ekstasi'),
('ekstensi'),
('ekstensif'),
('ekstensifikasi'),
('ekstensor'),
('eksterior'),
('eksteriorisasi'),
('eksteritorialitas'),
('ekstern'),
('eksternal'),
('ekstin'),
('ekstra'),
('ekstradisi'),
('ekstrak'),
('ekstrakardial'),
('ekstraksi'),
('ekstraktif'),
('ekstrakurikuler'),
('ekstralinguistis'),
('ekstramarital'),
('ekstranei'),
('ekstraparlementer'),
('ekstrapolasi'),
('ekstraseluler'),
('ekstraterestrial'),
('ekstrateritorialitas'),
('ekstrauterin'),
('ekstraversi'),
('ekstrem'),
('ekstremis'),
('ekstremitas'),
('ekstrinsik'),
('ekstrospeksi'),
('ekstrover'),
('ekstrusi'),
('eksudasi'),
('eksudat'),
('ektoblas'),
('ektoderm'),
('ektohormon'),
('ektoparasit'),
('ektoplasma'),
('ektoterm'),
('ektotermik'),
('ekualitas'),
('ekuatif'),
('ekuator'),
('ekuilibrium'),
('ekuinoks'),
('ekuitas'),
('ekuiti'),
('ekuivalen'),
('ekuivalensi'),
('ekuivokasi'),
('ekumene'),
('ekumenis'),
('ekumenisme'),
('ela'),
('elaborasi'),
('elak'),
('elan'),
('elang'),
('elastik'),
('elastin'),
('elastis'),
('elastisitas'),
('elastomer'),
('elatif'),
('elefantiasis'),
('elegan'),
('elegansi'),
('elegi'),
('elektif'),
('elektorat'),
('elektret'),
('elektrifikasi'),
('elektrik'),
('elektris'),
('elektro'),
('elektrode'),
('elektrodinamika'),
('elektroensefalogram'),
('elektroforesis'),
('elektrokardiogram'),
('elektrokimia'),
('elektrokoagulasi'),
('elektrokusi'),
('elektrolisi'),
('elektrolisis'),
('elektrolit'),
('elektromagnet'),
('elektromagnetik'),
('elektromagnetisme'),
('elektrometalurgi'),
('elektromiografi'),
('elektromotif'),
('elektron'),
('elektronegatif'),
('elektronik'),
('elektronika'),
('elektronis'),
('elektropatologi'),
('elektropositif'),
('elektroskop'),
('elektrostatika'),
('elektroteknik'),
('elektroterapeutika'),
('elektroterapi'),
('elektrotipe'),
('elektrum'),
('elemen'),
('elementer'),
('elemi'),
('eleng'),
('elevasi'),
('elevator'),
('eliksir'),
('eliminasi'),
('eliminir'),
('eling'),
('elips'),
('elipsis'),
('elipsoid'),
('elipsometer'),
('elipsometri'),
('eliptis'),
('elite'),
('elitis'),
('elitron'),
('elo'),
('elok'),
('elokuensi'),
('elon'),
('elongasi'),
('elpiji'),
('eltor'),
('elu'),
('eluat'),
('eluen'),
('elung'),
('elus'),
('elusi'),
('elusian'),
('elusif'),
('elutriasi'),
('eluvial'),
('eluviasi'),
('eluvium'),
('email'),
('emanasi'),
('emang'),
('emansipasi'),
('emas'),
('emaskulasi'),
('emat'),
('embacang'),
('embah'),
('embak'),
('embal'),
('embalase'),
('embalau'),
('emban'),
('embar'),
('embara'),
('embarau'),
('embargo'),
('embarkasi'),
('embaru'),
('embat'),
('embek'),
('embel'),
('ember'),
('embih'),
('embik'),
('emblem'),
('embok'),
('embol'),
('emboli'),
('embolisme'),
('embolus'),
('embosur'),
('embrat'),
('embrio'),
('embriogenesis'),
('embriologi'),
('embrionik'),
('embuai'),
('embuh'),
('embun'),
('embung'),
('embus'),
('embut'),
('emendasi'),
('emeraldin'),
('emeritus'),
('emetik'),
('emetina'),
('emfisema'),
('emigran'),
('emigrasi'),
('eminen'),
('eminensi'),
('emir'),
('emirat'),
('emis'),
('emisi'),
('emisivitas'),
('emitans'),
('emiten'),
('emoh'),
('emol'),
('emolumen'),
('emong'),
('emosi'),
('emosional'),
('emosionalisme'),
('emotif'),
('empal'),
('empang'),
('empap'),
('empar'),
('empas'),
('empat'),
('empati'),
('empedal'),
('empedu'),
('empek'),
('empenak'),
('empeng'),
('emper'),
('empet'),
('empiema'),
('empik'),
('emping'),
('empiri'),
('empiris'),
('empirisme'),
('emplasemen'),
('emplek'),
('employe'),
('empo'),
('empoh'),
('empok'),
('emporium'),
('empos'),
('empot'),
('emprak'),
('empu'),
('empuan'),
('empuk'),
('empul'),
('empulur'),
('empunya'),
('emrat'),
('emulasi'),
('emulator'),
('emulsi'),
('emulsifikasi'),
('emut'),
('enak'),
('enam'),
('enamel'),
('enap'),
('enartrosis'),
('enas'),
('enau'),
('encal'),
('encang'),
('enceh'),
('encek'),
('encel'),
('encer'),
('encik'),
('encim'),
('encit'),
('encok'),
('encot'),
('endal'),
('endang'),
('endap'),
('endasan'),
('endemi'),
('endemis'),
('endilau'),
('endoderm'),
('endoderma'),
('endodermis'),
('endofit'),
('endogami'),
('endogen'),
('endokardia'),
('endokrin'),
('endokrinologi'),
('endolimfa'),
('endometriosis'),
('endometrium'),
('endomiksis'),
('endomiokarditis'),
('endomisium'),
('endon'),
('endong'),
('endoparasit'),
('endoplasma'),
('endorfin'),
('endosemen'),
('endosentris'),
('endoskeleton'),
('endoskop'),
('endoskopi'),
('endosmosis'),
('endosperma'),
('endotel'),
('endoterm'),
('endotermal'),
('endotermis'),
('endotoksin'),
('endrin'),
('enduk'),
('endul'),
('enduro'),
('endus'),
('endut'),
('enek'),
('eneng'),
('energetik'),
('energi'),
('energik'),
('enes'),
('enfitotik'),
('engah'),
('engas'),
('enggak'),
('enggan'),
('enggang'),
('engget'),
('enggil'),
('enggok'),
('engkah'),
('engkak'),
('engkang'),
('engkau'),
('engkoh'),
('engkol'),
('engkong'),
('engku'),
('engkuk'),
('engsel'),
('enigma'),
('enjak'),
('enjal'),
('enjambemen'),
('enjelai'),
('enjin'),
('enjut'),
('enkapsulasi'),
('enklave'),
('enklitik'),
('enkode'),
('enkripsi'),
('enkulturasi'),
('enologi'),
('enom'),
('ensambel'),
('ensefalitis'),
('ensefalitogen'),
('ensefalograf'),
('ensefalografi'),
('ensefalogram'),
('ensefalomielitis'),
('ensefalon'),
('ensiform'),
('ensiklik'),
('ensiklopedia'),
('ensiklopedis'),
('ensopor'),
('entah'),
('entak'),
('entalpi'),
('entar'),
('entas'),
('ente'),
('enten'),
('enteng'),
('entente'),
('enteritis'),
('enterograf'),
('enterologi'),
('enteron'),
('enteropati'),
('enterosel'),
('enterostomi'),
('enterotoksin'),
('enterovirus'),
('entit'),
('entitas'),
('entoderm'),
('entogenus'),
('entok'),
('entomofili'),
('entomolog'),
('entomologi'),
('entong'),
('entot'),
('entozoa'),
('entozoik'),
('entre'),
('entrepot'),
('entri'),
('entropi'),
('enukleasi'),
('enumerasi'),
('enuresis'),
('envoi'),
('enyah'),
('enyak'),
('enzim'),
('enzimolisis'),
('enzimologi'),
('enzootik'),
('eolit'),
('eon'),
('eosen'),
('eosin'),
('eozoikum'),
('epak'),
('epek'),
('epentesis'),
('epibentos'),
('epidemi'),
('epidemiologi'),
('epidermis'),
('epidiaskop'),
('epifaring'),
('epifil'),
('epifiotik'),
('epifisis'),
('epifit'),
('epifiton'),
('epifora'),
('epigastrium'),
('epigenesis'),
('epiglotis'),
('epigon'),
('epigraf'),
('epigrafi'),
('epigram'),
('epik'),
('epikotil'),
('epikuris'),
('epilepsi'),
('epileptik'),
('epilog'),
('epimisium'),
('epinasti'),
('epinefrina'),
('epinurim'),
('episentrum'),
('episiklik'),
('episiotomi'),
('episkopal'),
('episkopat'),
('episode'),
('episodik'),
('epispora'),
('epistaksis'),
('epistel'),
('epistemologi'),
('epistola'),
('epitaf'),
('epitaksi'),
('epitel'),
('epitelioma'),
('epitermal'),
('epitet'),
('epizoik'),
('epizootik'),
('epok'),
('epoksi'),
('epolet'),
('eponim'),
('epos'),
('epsilon'),
('era'),
('eradikasi'),
('erak'),
('eram'),
('erang'),
('erat'),
('erata'),
('erbis'),
('erbium'),
('ercis'),
('ereh'),
('ereksi'),
('erektor'),
('ereng'),
('erepsin'),
('eret'),
('erg'),
('ergasiofit'),
('ergonomi'),
('ergonomika'),
('ergonomis'),
('ergosterol'),
('ergot'),
('ergoterapi'),
('erik'),
('ering'),
('erisipelas'),
('eritema'),
('eritroblas'),
('eritrosit'),
('erong'),
('eror'),
('erosentrisme'),
('erosi'),
('erot'),
('erotik'),
('erotika'),
('erotis'),
('erotisisme'),
('erotisme'),
('erpah'),
('erpak'),
('erti'),
('eru'),
('erupsi'),
('esa'),
('esai'),
('esais'),
('esak'),
('esek'),
('eselon'),
('esens'),
('esensi'),
('esensial'),
('esensialitas'),
('eskader'),
('eskadron'),
('eskalasi'),
('eskalator'),
('eskapisme'),
('eskas'),
('eskatologi'),
('eskatologis'),
('esofagus'),
('esok'),
('esot'),
('esoteris'),
('estafet'),
('ester'),
('estesia'),
('estetik'),
('estetika'),
('estetikus'),
('estetis'),
('estimasi'),
('estriol'),
('estrogen'),
('estron'),
('estrus'),
('estuari'),
('estuarin'),
('eta'),
('etalase'),
('etana'),
('etanol'),
('etape'),
('etatisme'),
('etek'),
('eter'),
('eteris'),
('eternit'),
('etik'),
('etika'),
('etiket'),
('etil'),
('etilalkohol'),
('etilena'),
('etimologi'),
('etimologis'),
('etimon'),
('etiolin'),
('etiologi'),
('etis'),
('etmoid'),
('etnik'),
('etnis'),
('etnobotani'),
('etnograf'),
('etnografi'),
('etnografis'),
('etnolinguistik'),
('etnolog'),
('etnologi'),
('etnologis'),
('etnomusikolog'),
('etnomusikologi'),
('etnopolitik'),
('etnosentrisme'),
('etologi'),
('etos'),
('etsa'),
('eudaemonisme'),
('eufemisme'),
('eufemistis'),
('eufoni'),
('eufonium'),
('euforia'),
('euforian'),
('eugenetika'),
('eugenika'),
('eugenol'),
('eukaliptol'),
('eukaliptus'),
('eukarion'),
('eukariota'),
('eulogi'),
('euploid'),
('Eurasia'),
('eurihalin'),
('europium'),
('eurosentris'),
('euseksual'),
('eusinantropus'),
('eutanasia'),
('eutektik'),
('eutenika'),
('eutrofikasi'),
('evakuasi'),
('evaluasi'),
('evaluatif'),
('evangeli'),
('evangelis'),
('evaporasi'),
('evaporator'),
('evaporimeter'),
('evapotranspirasi'),
('eversi'),
('eviden'),
('eviserasi'),
('evokasi'),
('evokatif'),
('evolusi'),
('evolusioner'),
('evolusionisme'),
('eyang'),
('eyel'),
('faal'),
('faali'),
('fabel'),
('fabula'),
('faden'),
('fadihat'),
('fadil'),
('fadilat'),
('faedah'),
('fafa'),
('fagosit'),
('fagositosis'),
('fagot'),
('fahombe'),
('Fahrenheit'),
('fahsya'),
('fail'),
('fajar'),
('fakih'),
('fakir'),
('faks'),
('faksi'),
('faksimile'),
('fakta'),
('faktif'),
('faktitius'),
('faktor'),
('faktual'),
('faktur'),
('fakultas'),
('fakultatif'),
('falah'),
('falaj'),
('falak'),
('falakiah'),
('falsafah'),
('falsafi'),
('fam'),
('famili'),
('familia'),
('familier'),
('familisme'),
('fana'),
('fanatik'),
('fanatisme'),
('fanfare'),
('fani'),
('fantasi'),
('fantastis'),
('fantom'),
('farad'),
('faraid'),
('farak'),
('fardu'),
('farik'),
('faring'),
('faringal'),
('faringalisasi'),
('faringitis'),
('farisi'),
('farji'),
('farmakodinamika'),
('farmakokinetika'),
('farmakolog'),
('farmakologi'),
('farmakologis'),
('farmakope'),
('farmakoseutika'),
('farmasi'),
('farsakh'),
('fasad'),
('fasakh'),
('fase'),
('faset'),
('fasia'),
('fasid'),
('fasih'),
('fasihat'),
('fasik'),
('fasilitas'),
('fasilitator'),
('fasis'),
('fasisme'),
('fatah'),
('fatal'),
('fatala'),
('fatalis'),
('fatalisme'),
('fatalitas'),
('fatamorgana'),
('fatanah'),
('fatihah'),
('fatir'),
('fatom'),
('fatometer'),
('fatri'),
('fatsun'),
('fatur'),
('fatwa'),
('fauna'),
('faunistik'),
('favorit'),
('favoritisme'),
('febrin'),
('Februari'),
('federal'),
('federalis'),
('federalisme'),
('federalistis'),
('federasi'),
('feko'),
('fekundasi'),
('fekunditas'),
('felon'),
('felspar'),
('feminin'),
('feminisme'),
('fenakit'),
('fengsui'),
('fenit'),
('fenol'),
('fenologi'),
('fenomena'),
('fenomenal'),
('fenomenalisme'),
('fenomenologi'),
('fenosis'),
('fenotipe'),
('feodal'),
('feodalisme'),
('feodalistis'),
('feral'),
('feri'),
('feritin'),
('fermen'),
('fermentasi'),
('fermion'),
('fermium'),
('feromagnetik'),
('feromagnetisme'),
('feromon'),
('feronikel'),
('fertil'),
('fertilisasi'),
('fertilitas'),
('fertilizin'),
('ferum'),
('feses'),
('festival'),
('fetis'),
('fetor'),
('fetus'),
('fiasko'),
('fiat'),
('fiber'),
('fibrasi'),
('fibriblas'),
('fibril'),
('fibrilasi'),
('fibrin'),
('fibrinogen'),
('fibrokistik'),
('fidah'),
('fider'),
('fidiah'),
('fidusia'),
('figur'),
('figuran'),
('figuratif'),
('fiil'),
('fikih'),
('fikli'),
('fikologi'),
('fikrah'),
('fiksasi'),
('fiksi'),
('fiktif'),
('fikus'),
('filamen'),
('filantrop'),
('filantropi'),
('filantropis'),
('filaria'),
('filariasis'),
('filateli'),
('filatelik'),
('filatelis'),
('filharmoni'),
('filial'),
('filibuster'),
('film'),
('filmis'),
('filo'),
('filodendron'),
('filogenesis'),
('filogeni'),
('filolog'),
('filologi'),
('filologis'),
('filopur'),
('filosofi'),
('filosofis'),
('filsafat'),
('filsuf'),
('filter'),
('filtrasi'),
('filtrat'),
('filum'),
('fimbria'),
('final'),
('finansial'),
('finir'),
('finis'),
('fiolaks'),
('firajullah'),
('firasat'),
('firauniah'),
('firdaus'),
('firdausi'),
('firkah'),
('firma'),
('firman'),
('firn'),
('fisi'),
('fisibel'),
('fisibilitas'),
('fisik'),
('fisika'),
('fisikawan'),
('fisiognomi'),
('fisiognomis'),
('fisiologi'),
('fisiologis'),
('fisioterapi'),
('fisis'),
('fiskal'),
('fit'),
('fiting'),
('fitnah'),
('fitofag'),
('fitogeni'),
('fitogeografi'),
('fitokimia'),
('fitologi'),
('fitometer'),
('fiton'),
('fitopatologi'),
('fitosanitasi'),
('fitososiologi'),
('fitosterol'),
('fitostrot'),
('fitotoksin'),
('fitotoksoid'),
('fitotopografi'),
('fitotron'),
('fitrah'),
('fitri'),
('flakon'),
('flamboyan'),
('flamingo'),
('flanel'),
('flat'),
('flegma'),
('flegmatis'),
('fleksi'),
('fleksibel'),
('fleksibilitas'),
('fleksor'),
('flensa'),
('flis'),
('floem'),
('flop'),
('flora'),
('floret'),
('flotasi'),
('flu'),
('fluensi'),
('fluida'),
('fluks'),
('fluktuasi'),
('fluktuatif'),
('fluoresen'),
('fluoresens'),
('fluorin'),
('fluorit'),
('fobia'),
('fokimeter'),
('fokstrot'),
('fokus'),
('folder'),
('foli'),
('folikel'),
('folio'),
('folklor'),
('folksong'),
('fon'),
('fonasi'),
('fondasi'),
('fonem'),
('fonemik'),
('fonemis'),
('fonetik'),
('fonetis'),
('fonik'),
('fonis'),
('fonograf'),
('fonografi'),
('fonologi'),
('fonologis'),
('fonon'),
('fonotaktik'),
('fonotipi'),
('foramen'),
('foraminifera'),
('forensik'),
('forklif'),
('formal'),
('formalin'),
('formalistis'),
('formalitas'),
('forman'),
('formasi'),
('format'),
('formatif'),
('formatur'),
('formika'),
('formula'),
('formulasi'),
('formulator'),
('formulir'),
('fornikasi'),
('forsep'),
('forsir'),
('forte'),
('fortifikasi'),
('fortin'),
('forum'),
('fosfat'),
('fosfina'),
('fosfit'),
('fosfor'),
('fosforesens'),
('fosforilase'),
('fosforus'),
('fosgen'),
('fosil'),
('foto'),
('fotodiode'),
('fotoelektron'),
('fotoemisi'),
('fotogenik'),
('fotograf'),
('fotografer'),
('fotografi'),
('fotografis'),
('fotogravur'),
('fotokimia'),
('fotokonduksi'),
('fotokonduktivitas'),
('fotokonduktor'),
('fotokopi'),
('fotokromi'),
('fotokromik'),
('fotolisis'),
('fotolitografi'),
('fotometer'),
('fotometri'),
('fotomikrografi'),
('fotomodel'),
('foton'),
('fotoperiodisme'),
('fotosel'),
('fotosfer'),
('fotosintesis'),
('fotostat'),
('fototaksis'),
('fototropis'),
('fototustel'),
('fovea'),
('foya'),
('fragmen'),
('fragmentaris'),
('fragmentasi'),
('fraksi'),
('fraksinasi'),
('fraktur'),
('fraktus'),
('frambusia'),
('fransium'),
('frasa'),
('fraseologi'),
('frater'),
('fraternitas'),
('freatofit'),
('fregat'),
('frekuen'),
('frekuensi'),
('frekuentatif'),
('frenologi'),
('freon'),
('frib'),
('frigid'),
('frigorigraf'),
('frigorimeter'),
('frikatif'),
('friksi'),
('fron'),
('front'),
('frontal'),
('fruktosa'),
('frustrasi'),
('fuad'),
('fugasitas'),
('fujur'),
('fukaha'),
('fukara'),
('fuksina'),
('fulgurit'),
('fuli'),
('fulminat'),
('fulus'),
('fumarol'),
('fumigan'),
('fumigasi'),
('fumigator'),
('fundamen'),
('fundamental'),
('fundamentalis'),
('fundamentalisme'),
('fundamentalistis'),
('fungi'),
('fungibel'),
('fungisida'),
('fungistatik'),
('fungoid'),
('fungsi'),
('fungsional'),
('fungsionalisasi'),
('fungsionalisme'),
('fungsionalitas'),
('fungsionaris'),
('fungus'),
('furfural'),
('furnitur'),
('furqan'),
('furuk'),
('fusi'),
('fusta'),
('fusuk'),
('futur'),
('futurisme'),
('futuristik'),
('futuristis'),
('futurolog'),
('futurologi'),
('futurologis'),
('fyord'),
('gabah'),
('gabai'),
('gabak'),
('gabardin'),
('gabas'),
('gabir'),
('gablek'),
('gabor'),
('gabro'),
('gabruk'),
('gabuk'),
('gabung'),
('gabus'),
('gaco'),
('gacok'),
('gacong'),
('gada'),
('gadai'),
('gadamala'),
('gadang'),
('gading'),
('gadis'),
('gado'),
('gadolinit'),
('gadolinium'),
('gadon'),
('gaduh'),
('gaduk'),
('gadung'),
('gadungan'),
('gaek'),
('gaet'),
('gafar'),
('gaflah'),
('gaflat'),
('gaftar'),
('gafur'),
('gaga'),
('gagah'),
('gagai'),
('gagak'),
('gagal'),
('gagang'),
('gagap'),
('gagas'),
('gagau'),
('gagu'),
('gaguk'),
('gah'),
('gaham'),
('gahar'),
('gahara'),
('gahari'),
('gaharu'),
('gai'),
('gaib'),
('gail'),
('gain'),
('gaing'),
('gairah'),
('gait'),
('gajah'),
('gajak'),
('gaji'),
('gajih'),
('gajul'),
('gajus'),
('gakang'),
('gakari'),
('gala'),
('galaba'),
('galaganjur'),
('galagasi'),
('galah'),
('galai'),
('galak'),
('galaksi'),
('galaktometer'),
('galaktorea'),
('galaktosa'),
('galaktosemia'),
('galaktosuria'),
('galan'),
('galang'),
('galanggasi'),
('galar'),
('galas'),
('galat'),
('galau'),
('galbani'),
('galeng'),
('galeri'),
('galgal'),
('gali'),
('galias'),
('galib'),
('galibut'),
('galih'),
('galiot'),
('galir'),
('galium'),
('galiung'),
('galon'),
('galuh'),
('Galungan'),
('galur'),
('galvanis'),
('galvanisasi'),
('galvanometer'),
('galvanometri'),
('galvanoskop'),
('galyas'),
('gam'),
('gama'),
('gamak'),
('gamal'),
('gamalisasi'),
('gamam'),
('gaman'),
('gamang'),
('gamat'),
('gambang'),
('gambar'),
('gambas'),
('gambir'),
('gamblang'),
('gambling'),
('gambuh'),
('gambus'),
('gambut'),
('gambyong'),
('gamelan'),
('gamet'),
('gametangium'),
('gametofit'),
('gametogenesis'),
('gametosit'),
('gamik'),
('gamis'),
('gamit'),
('gamma'),
('gamopetal'),
('gampang'),
('gampar'),
('gamparan'),
('gamping'),
('gamuh'),
('gana'),
('ganal'),
('ganang'),
('ganar'),
('ganas'),
('gancang'),
('gancar'),
('ganco'),
('gancu'),
('ganda'),
('gandal'),
('gandapura'),
('gandar'),
('gandaria'),
('gandarukem'),
('gandarusa'),
('gandarwa'),
('gandasturi'),
('gandasuli'),
('gandem'),
('ganden'),
('gandeng'),
('gandes'),
('gandewa'),
('gandi'),
('gandik'),
('gandin'),
('ganding'),
('gandok'),
('gandola'),
('gandos'),
('gandringan'),
('gandrung'),
('gandu'),
('ganduh'),
('gandul'),
('gandum'),
('gandung'),
('gang'),
('ganggang'),
('ganggu'),
('ganggugugat'),
('ganggut'),
('ganglion'),
('gangsa'),
('gangsar'),
('gangsi'),
('gangsir'),
('gangster'),
('gani'),
('ganih'),
('ganimah'),
('ganja'),
('ganjak'),
('ganjal'),
('ganjar'),
('ganjat'),
('ganjen'),
('ganjil'),
('ganjing'),
('ganjling'),
('ganjur'),
('ganoid'),
('gantal'),
('gantang'),
('gantar'),
('gantel'),
('ganteng'),
('ganti'),
('gantih'),
('gantilan'),
('ganting'),
('gantol'),
('gantole'),
('gantung'),
('ganyah'),
('ganyang'),
('ganyar'),
('ganyong'),
('ganyut'),
('gaok'),
('gap'),
('gapah'),
('gapai'),
('gapil'),
('gapit'),
('gaple'),
('gaplek'),
('gaplok'),
('gapuk'),
('gapura'),
('gar'),
('garah'),
('garai'),
('garam'),
('garan'),
('garang'),
('garangan'),
('garansi'),
('garap'),
('garasi'),
('garau'),
('garba'),
('garbarata'),
('garbis'),
('garda'),
('gardan'),
('gardu'),
('garebek'),
('gari'),
('garib'),
('garindin'),
('garing'),
('garis'),
('garisbawah'),
('garit'),
('garizah'),
('garmen'),
('garnet'),
('garnis'),
('garnisun'),
('garong'),
('garpu'),
('garu'),
('garuda'),
('garuk'),
('garung'),
('garut'),
('garwa'),
('gas'),
('gasab'),
('gasak'),
('gasal'),
('gasang'),
('gasifikasi'),
('gasing'),
('gasket'),
('gasolin'),
('gasometer'),
('gaster'),
('gastrektomi'),
('gastrin'),
('gastritis'),
('gastroenteritis'),
('gastroenterolog'),
('gastroenterologi'),
('gastrointestinal'),
('gastronomi'),
('gastrula'),
('gastrulasi'),
('gatal'),
('gatot'),
('gatra'),
('gatrik'),
('gatuk'),
('gauk'),
('gaukang'),
('gaul'),
('gaun'),
('gaung'),
('gaut'),
('gawai'),
('gawal'),
('gawan'),
('gawang'),
('gawar'),
('gawat'),
('gawir'),
('gaya'),
('gayal'),
('gayam'),
('gayang'),
('gayat'),
('gayau'),
('gayeng'),
('gayuh'),
('gayuk'),
('gayun'),
('gayung'),
('gayut'),
('gaz'),
('gazal'),
('gebah'),
('gebang'),
('gebar'),
('gebeng'),
('geber'),
('geblak'),
('geblek'),
('geblok'),
('gebogan'),
('gebok'),
('gebos'),
('gebot'),
('gebrak'),
('gebu'),
('gebuk'),
('gebung'),
('gebyar'),
('gebyur'),
('gecar'),
('gecek'),
('gecer'),
('gecul'),
('gedabah'),
('gede'),
('gedebeg'),
('gedebok'),
('gedebuk'),
('gedebung'),
('gedek'),
('gedembai'),
('gedembal'),
('gedempol'),
('gedeng'),
('gedi'),
('gedik'),
('gedok'),
('gedombak'),
('gedombrongan'),
('gedong'),
('gedor'),
('gedubang'),
('gedung'),
('geduyut'),
('gegabah'),
('gegadan'),
('gegai'),
('gegakgempita'),
('gegala'),
('gegaman'),
('gegana'),
('gegaokan'),
('gegap'),
('gegar'),
('gegares'),
('gegas'),
('gegat'),
('gegau'),
('gegep'),
('geger'),
('gegetar'),
('gegetun'),
('gegisik'),
('gegua'),
('geiger'),
('geiser'),
('gejah'),
('gejala'),
('gejolak'),
('gejos'),
('gejuju'),
('gel'),
('gela'),
('gelabah'),
('gelabir'),
('gelabur'),
('geladak'),
('geladeri'),
('geladi'),
('geladir'),
('geladrah'),
('gelagah'),
('gelagap'),
('gelagar'),
('gelagat'),
('gelak'),
('gelakak'),
('gelalar'),
('gelam'),
('gelama'),
('gelamai'),
('gelambir'),
('gelandang'),
('gelandot'),
('gelang'),
('gelanggang'),
('gelangsar'),
('gelantang'),
('gelanting'),
('gelantung'),
('gelap'),
('gelapung'),
('gelar'),
('gelas'),
('gelasak'),
('gelasir'),
('gelatik'),
('gelatin'),
('gelatuk'),
('gelayangan'),
('gelayar'),
('gelayut'),
('gelebah'),
('gelebap'),
('gelebar'),
('geleber'),
('gelebuk'),
('geleca'),
('gelecik'),
('geledah'),
('geledang'),
('geledek'),
('geleding'),
('geledur'),
('gelegah'),
('gelegak'),
('gelegar'),
('gelegata'),
('gelek'),
('gelekak'),
('gelekek'),
('gelema'),
('gelemat'),
('gelemberan'),
('gelembong'),
('gelembung'),
('gelembur'),
('gelempang'),
('gelemprang'),
('gelenang'),
('gelendo'),
('gelendong'),
('gelendot'),
('geleng'),
('gelenggang'),
('gelentang'),
('gelenting'),
('gelenyar'),
('gelepai'),
('gelepar'),
('gelepek'),
('gelepot'),
('gelepung'),
('gelepur'),
('geler'),
('gelesek'),
('geleser'),
('gelesot'),
('geleta'),
('geletak'),
('geletar'),
('geletek'),
('geletik'),
('geleting'),
('geletis'),
('geletuk'),
('geli'),
('geliang'),
('geliat'),
('gelibir'),
('gelicik'),
('geligi'),
('geligin'),
('geligis'),
('geligit'),
('gelignit'),
('gelimang'),
('gelimantang'),
('gelimbir'),
('gelimir'),
('gelimpang'),
('gelimun'),
('gelincir'),
('gelincuh'),
('gelinding'),
('gelinggam'),
('gelinggaman'),
('gelinggang'),
('gelingsir'),
('gelinjang'),
('gelintang'),
('gelintar'),
('gelintin'),
('gelinting'),
('gelintir'),
('gelipar'),
('gelisah'),
('gelita'),
('gelitar'),
('gelitik'),
('gelo'),
('gelobak'),
('gelobok'),
('gelocak'),
('gelodar'),
('gelodok'),
('gelogok'),
('gelohok'),
('gelojoh'),
('gelombang'),
('gelompar'),
('gelondong'),
('geloneng'),
('gelonggong'),
('gelongsor'),
('gelontor'),
('gelopak'),
('gelora'),
('gelosang'),
('geloso'),
('gelosok'),
('gelotak'),
('geluduk'),
('geluga'),
('gelugu'),
('gelugur'),
('gelugut'),
('geluh'),
('geluk'),
('gelulur'),
('gelumat'),
('geluncur'),
('gelundung'),
('gelung'),
('gelup'),
('gelupur'),
('gelut'),
('gema'),
('gemah'),
('gemak'),
('gemal'),
('geman'),
('gemang'),
('gemap'),
('gemar'),
('gemas'),
('gemaung'),
('gemawan'),
('gembak'),
('gembala'),
('gembel'),
('gembeng'),
('gembil'),
('gembili'),
('gembira'),
('gemblak'),
('gembleng'),
('gemblong'),
('gemblung'),
('gembok'),
('gembol'),
('gembolo'),
('gembong'),
('gembor'),
('gembos'),
('gembreng'),
('gembrot'),
('gembul'),
('gembung'),
('gembur'),
('gembus'),
('gembut'),
('gemebyar'),
('gemelentam'),
('gemeletak'),
('gemeletap'),
('gemeletek'),
('gemelugut'),
('gementam'),
('gemercak'),
('gemercik'),
('gemerencang'),
('gemerencik'),
('gemerencing'),
('gemerencung'),
('gemeresak'),
('gemeresik'),
('gemeretak'),
('gemeretuk'),
('gemeretup'),
('gemerlap'),
('gemertak'),
('gemertuk'),
('gemerusuk'),
('gemetar'),
('gemi'),
('gemik'),
('gemilang'),
('gemilap'),
('geming'),
('Gemini'),
('gemintang'),
('geminte'),
('gemirang'),
('gempa'),
('gempal'),
('gempar'),
('gempil'),
('gempita'),
('gempol'),
('gempor'),
('gempur'),
('gemuk'),
('gemul'),
('gemulai'),
('gemulung'),
('gemuntur'),
('gemuruh'),
('gen'),
('gena'),
('genah'),
('genahar'),
('genang'),
('genap'),
('gencar'),
('gencat'),
('gencel'),
('gencer'),
('gencet'),
('gencir'),
('gendak'),
('gendala'),
('gendam'),
('gendang'),
('gendar'),
('gendarmeri'),
('gendeng'),
('gender'),
('genderang'),
('genderuwo'),
('gendewa'),
('gending'),
('gendis'),
('gendon'),
('gendong'),
('genduk'),
('gendut'),
('genealogi'),
('genealogis'),
('genegin'),
('geneng'),
('generalis'),
('generalisasi'),
('generalisimo'),
('generasi'),
('generatif'),
('generator'),
('generik'),
('genesis'),
('genetika'),
('genetis'),
('geng'),
('genggam'),
('genggang'),
('genggong'),
('gengsah'),
('gengsi'),
('gengsot'),
('genial'),
('genialitas'),
('genikulum'),
('genis'),
('genit'),
('genital'),
('genitalia'),
('genitif'),
('genius'),
('genjah'),
('genjang'),
('genjer'),
('genjik'),
('genjot'),
('genjrang'),
('genjring'),
('genjur'),
('genom'),
('genosida'),
('genotipe'),
('genre'),
('genta'),
('gentala'),
('gentar'),
('gentas'),
('gentat'),
('gentayang'),
('gentel'),
('genteng'),
('gentian'),
('genting'),
('gentong'),
('gentrifikasi'),
('gentur'),
('gentus'),
('genus'),
('genyot'),
('geobotani'),
('geodesi'),
('geofisika'),
('geofisikawan'),
('geofisis'),
('geofon'),
('geognosi'),
('geografi'),
('geografis'),
('geohidrologi'),
('geokimia'),
('geokronologi'),
('geolog'),
('geologi'),
('geologis'),
('geologiwan'),
('geomansi'),
('geometri'),
('geometris'),
('geomorfologi'),
('geonomi'),
('geopolitik'),
('geosentris'),
('geosinkronis'),
('geostasioner'),
('geostatika'),
('geoteknik'),
('geoteknologi'),
('geotermal'),
('geotermi'),
('geotermometer'),
('gepeng'),
('gepit'),
('geplak'),
('gepok'),
('geprak'),
('gepuk'),
('gera'),
('gerabah'),
('gerabang'),
('geradi'),
('geragai'),
('geragap'),
('geragas'),
('geragau'),
('geragih'),
('geraguk'),
('gerah'),
('geraham'),
('gerai'),
('gerak'),
('geram'),
('geraman'),
('geramang'),
('geramsut'),
('geramus'),
('gerang'),
('gerangan'),
('geranggang'),
('geranium'),
('gerantak'),
('gerantang'),
('geranyam'),
('gerapai'),
('gerapu'),
('gerat'),
('geratak'),
('geratih'),
('gerau'),
('gerawan'),
('gerawat'),
('gerayah'),
('gerayang'),
('gerbak'),
('gerbang'),
('gerbera'),
('gerbong'),
('gerbus'),
('gerda'),
('gerdan'),
('gerdum'),
('gerecak'),
('gerecok'),
('gereget'),
('gereh'),
('gereja'),
('gerejani'),
('gerejawi'),
('gerek'),
('geremet'),
('gerempang'),
('gerencang'),
('gerendel'),
('gerendeng'),
('gerenek'),
('gereneng'),
('gerengseng'),
('gerenik'),
('gerenjeng'),
('gerenjet'),
('gerentang'),
('gerenyau'),
('gerenyeng'),
('gerenyet'),
('gerenying'),
('gerenyit'),
('gerenyot'),
('gerepe'),
('gerepek'),
('gerepes'),
('geresek'),
('geret'),
('geretak'),
('geretang'),
('gergaji'),
('gergasi'),
('gergeran'),
('gerha'),
('gerhana'),
('geriak'),
('geriap'),
('geriatrik'),
('geribik'),
('gericau'),
('geridip'),
('geridit'),
('gerigi'),
('gerigik'),
('gerigis'),
('gerih'),
('gerik'),
('gerilya'),
('gerilyawan'),
('gerilyawati'),
('gerim'),
('gerimis'),
('gerincing'),
('gerinda'),
('gerindin'),
('gerinding'),
('gering'),
('geringging'),
('geringsing'),
('gerinjal'),
('gerinjam'),
('gerinting'),
('gerinyau'),
('gerip'),
('geripir'),
('geripis'),
('gerisik'),
('gerising'),
('gerit'),
('geriuk'),
('gerlap'),
('gerlip'),
('germang'),
('germanium'),
('germinal'),
('germisida'),
('germo'),
('germut'),
('gero'),
('geroak'),
('gerobak'),
('gerobok'),
('gerobyak'),
('gerocok'),
('gerodak'),
('gerogol'),
('gerogot'),
('gerohok'),
('gerohong'),
('gerojok'),
('gerombol'),
('gerombong'),
('gerompok'),
('gerong'),
('geronggang'),
('geronium'),
('gerontokrasi'),
('gerontol'),
('gerontologi'),
('geronyot'),
('geropes'),
('geropyok'),
('geros'),
('gerosak'),
('gerowong'),
('gerowot'),
('gerpol'),
('gersak'),
('gersang'),
('gersik'),
('gertak'),
('gertik'),
('gertuk'),
('geru'),
('gerugut'),
('geruh'),
('geruit'),
('gerumit'),
('gerumpung'),
('gerumuk'),
('gerumut'),
('gerun'),
('gerundang'),
('gerundel'),
('gerung'),
('gerunggung'),
('gerunyam'),
('gerup'),
('gerupis'),
('gerupuk'),
('gerus'),
('gerut'),
('gerutu'),
('gerutup'),
('gerutus'),
('gesa'),
('gesek'),
('gesel'),
('geser'),
('gesit'),
('gesper'),
('gestikulasi'),
('geta'),
('getah'),
('getang'),
('getap'),
('getar'),
('getas'),
('getek'),
('getik'),
('getil'),
('getir'),
('getis'),
('getok'),
('getol'),
('getu'),
('getuk'),
('getun'),
('geulis'),
('gewang'),
('gial'),
('giam'),
('giat'),
('gibah'),
('gibang'),
('giblet'),
('gibtah'),
('gidik'),
('gigahertz'),
('gigantisme'),
('gigi'),
('gigih'),
('gigil'),
('gigis'),
('gigit'),
('gigolo'),
('gila'),
('gilang'),
('gilap'),
('gilas'),
('gili'),
('gilik'),
('giling'),
('gilir'),
('gim'),
('gimbal'),
('gimnasium'),
('gimnastik'),
('gimpal'),
('gin'),
('ginang'),
('gincu'),
('ginding'),
('ginekolog'),
('ginekologi'),
('ginekomasti'),
('ginesium'),
('gingivitis'),
('ginglimus'),
('gingsir'),
('gingsul'),
('ginjal'),
('ginjean'),
('ginkang'),
('ginogenesis'),
('ginseng'),
('gips'),
('gipsi'),
('gir'),
('girah'),
('giral'),
('girang'),
('giras'),
('girasol'),
('giri'),
('girik'),
('girikan'),
('giring'),
('giris'),
('giro'),
('giroskop'),
('girostat'),
('girostatika'),
('gisar'),
('gisik'),
('gisil'),
('gita'),
('gitapati'),
('gitar'),
('gitaris'),
('gites'),
('gitik'),
('gitok'),
('giuk'),
('giur'),
('giwang'),
('gizi'),
('glabela'),
('gladiator'),
('gladiol'),
('glamor'),
('glandula'),
('glans'),
('glasial'),
('glasir'),
('glasnos'),
('glaukoma'),
('glegek'),
('glenik'),
('glenoid'),
('gletser'),
('glidik'),
('glikogen'),
('glikogenesis'),
('glikogenolisis'),
('glikol'),
('glikolisis'),
('glikosida'),
('glikosidase'),
('glikosuria'),
('gliserida'),
('gliserol'),
('global'),
('globalisasi'),
('globalisme'),
('globe'),
('globulin'),
('globus'),
('glokidium'),
('glomerulus'),
('glomus'),
('glosarium'),
('glosem'),
('glosematik'),
('glositis'),
('glotal'),
('glotalisasi'),
('glotis'),
('glukagon'),
('glukosa'),
('glukosan'),
('glukosida'),
('gluten'),
('gnomon'),
('goak'),
('gob'),
('goba'),
('gobak'),
('gobang'),
('gobar'),
('gobek'),
('gobet'),
('goblok'),
('gocap'),
('gocek'),
('gocoh'),
('goda'),
('godak'),
('godam'),
('godek'),
('godok'),
('godong'),
('godot'),
('goel'),
('gogoh'),
('gogok'),
('gogos'),
('gogrok'),
('gohok'),
('gohong'),
('gojek'),
('gojlok'),
('gokar'),
('gol'),
('golak'),
('golbi'),
('golek'),
('goleng'),
('goler'),
('golf'),
('golok'),
('golong'),
('golput'),
('gom'),
('gombak'),
('gombal'),
('gombang'),
('gombeng'),
('gombrang'),
('gombroh'),
('gombyok'),
('gompal'),
('gompiok'),
('gonad'),
('gondang'),
('gondok'),
('gondol'),
('gondola'),
('gondong'),
('gondorukem'),
('gondrong'),
('gong'),
('gonggo'),
('gonggok'),
('gonggong'),
('gongli'),
('gongseng'),
('gongyo'),
('goni'),
('gonidium'),
('goniometri'),
('gonjak'),
('gonjang'),
('gonjing'),
('gonjlang'),
('gonjok'),
('gonjong'),
('gonokokus'),
('gonore'),
('gonrang'),
('gontai'),
('gontok'),
('gonyak'),
('gonyeh'),
('gonyel'),
('gonyoh'),
('gopek'),
('gopoh'),
('gorap'),
('gorden'),
('gorek'),
('goreng'),
('gores'),
('gori'),
('gorila'),
('gorilya'),
('goroh'),
('gorok'),
('gosan'),
('gosip'),
('gosok'),
('gosong'),
('gospel'),
('got'),
('gotes'),
('gotik'),
('gotong'),
('gotongroyong'),
('gotri'),
('gotrok'),
('gotun'),
('gowok'),
('goyah'),
('goyak'),
('goyang'),
('grabadan'),
('grad'),
('gradasi'),
('gradien'),
('gradual'),
('gradualisme'),
('graf'),
('grafem'),
('grafemik'),
('grafemis'),
('grafetik'),
('grafik'),
('grafika'),
('grafikawan'),
('grafis'),
('grafit'),
('grafitasi'),
('grafolog'),
('grafologi'),
('graha'),
('grahita'),
('gram'),
('gramatika'),
('gramatikal'),
('grambyang'),
('gramofon'),
('granat'),
('granit'),
('granolitik'),
('granula'),
('granulasi'),
('granulosit'),
('grapyak'),
('grasi'),
('gratak'),
('gratifikasi'),
('gratis'),
('gravel'),
('graver'),
('gravimeter'),
('gravitas'),
('gravitasi'),
('grecok'),
('gregarius'),
('grehon'),
('grempel'),
('gres'),
('gria'),
('grip'),
('griya'),
('grogi'),
('gronjong'),
('gros'),
('grosir'),
('grup'),
('gruwung'),
('gua'),
('gual'),
('guam'),
('guanidina'),
('guanina'),
('guano'),
('guar'),
('gubah'),
('gubal'),
('gubang'),
('gubel'),
('gubernemen'),
('gubernur'),
('gubit'),
('gubris'),
('gubuk'),
('guci'),
('gudang'),
('gudangan'),
('gude'),
('gudeg'),
('guderi'),
('gudi'),
('gudik'),
('gue'),
('gugah'),
('gugat'),
('gugu'),
('guguh'),
('guguk'),
('gugup'),
('gugur'),
('gugus'),
('guit'),
('gujirat'),
('gukakas'),
('gul'),
('gula'),
('gulah'),
('gulai'),
('gulali'),
('gulam'),
('gulambai'),
('gulana'),
('gulat'),
('guli'),
('guliga'),
('guling'),
('gulir'),
('gulita'),
('gulma'),
('gulud'),
('gulung'),
('gulut'),
('gum'),
('guma'),
('gumal'),
('gumam'),
('gumba'),
('gumbaan'),
('gumbang'),
('gumbar'),
('gumboro'),
('gumbuk'),
('gumebruk'),
('gumelaran'),
('gumpal'),
('gumpil'),
('gumuk'),
('gumul'),
('gumun'),
('gun'),
('guna'),
('gunawan'),
('guncang'),
('gunci'),
('gundah'),
('gundal'),
('gundala'),
('gundang'),
('gundar'),
('gundi'),
('gundik'),
('gundu'),
('gunduk'),
('gundul'),
('gung'),
('gunggung'),
('gunjai'),
('gunjing'),
('gunolugu'),
('gunrit'),
('gunseikan'),
('guntai'),
('guntak'),
('guntang'),
('guntil'),
('gunting'),
('guntung'),
('guntur'),
('gunung'),
('gunyam'),
('gup'),
('gurab'),
('gurah'),
('guram'),
('gurami'),
('gurat'),
('gurau'),
('gurdan'),
('gurdi'),
('guri'),
('gurih'),
('gurik'),
('gurindam'),
('guring'),
('gurit'),
('gurita'),
('gurnadur'),
('guru'),
('gurub'),
('guruh'),
('guruk'),
('gurun'),
('gurung'),
('gurur'),
('gus'),
('gusah'),
('gusar'),
('gusel'),
('gusi'),
('gusrek'),
('gusti'),
('gusul'),
('gusur'),
('gutasi'),
('gutik'),
('gutuk'),
('guyon'),
('guyub'),
('guyur'),
('habenula'),
('habib'),
('habibi'),
('habibullah'),
('habis'),
('habitat'),
('habituasi'),
('habitus'),
('habluk'),
('hablun'),
('hablur'),
('Habsyi'),
('habuan'),
('habuk'),
('habung'),
('had'),
('hadanah'),
('hadap'),
('hadas'),
('hadat'),
('hadiah'),
('hadir'),
('hadirat'),
('hadirin'),
('hadis'),
('hadron'),
('hafal'),
('hafiz'),
('hafnium'),
('hagiografi'),
('hahnium'),
('hai'),
('haid'),
('haik'),
('haiking'),
('haiku'),
('hail'),
('hailai'),
('haj'),
('hajah'),
('hajar'),
('hajat'),
('haji'),
('hajib'),
('hajim'),
('hajis'),
('hak'),
('hakaik'),
('hakam'),
('hakikat'),
('hakiki'),
('hakim'),
('hakimah'),
('hakuladam'),
('hakulah'),
('hakulyakin'),
('hal'),
('hala'),
('halaik'),
('halakah'),
('halal'),
('halalbihalal'),
('halaman'),
('halang'),
('halau'),
('halazon'),
('halba'),
('haleluya'),
('halia'),
('halilintar'),
('halim'),
('halimbubu'),
('halimun'),
('halimunan'),
('halipan'),
('halitosis'),
('halkah'),
('halma'),
('halo'),
('halobion'),
('halofili'),
('halofit'),
('halofob'),
('halogen'),
('halogenasi'),
('halotan'),
('halsduk'),
('halte'),
('halter'),
('haluan'),
('halus'),
('halusinasi'),
('halusinogen'),
('halwa'),
('ham'),
('hama'),
('Hamal'),
('hamatum'),
('hamba'),
('Hambali'),
('hambar'),
('hambat'),
('hambur'),
('hamburger'),
('hamdalah'),
('hamdu'),
('hamik'),
('hamil'),
('haminte'),
('hampa'),
('hampang'),
('hampar'),
('hampir'),
('hamud'),
('hamulus'),
('hamun'),
('hamzah'),
('hana'),
('hanacaraka'),
('Hanafi'),
('hancing'),
('hancur'),
('hancurlebur'),
('hancurluluh'),
('handai'),
('handal'),
('handaruan'),
('handasah'),
('handelar'),
('handuk'),
('hang'),
('hangat'),
('hanger'),
('hanggar'),
('hangit'),
('hangus'),
('hanif'),
('hanjuang'),
('hansop'),
('hantai'),
('hantam'),
('hantap'),
('hantar'),
('hantir'),
('hantu'),
('hanya'),
('hanyut'),
('hap'),
('hapetan'),
('haplografi'),
('haploid'),
('haplologi'),
('hapus'),
('hara'),
('harak'),
('harakah'),
('harakat'),
('harakiri'),
('haram'),
('harap'),
('harawan'),
('harbi'),
('hardik'),
('harem'),
('harendong'),
('harfiah'),
('harga'),
('hari'),
('harimau'),
('haring'),
('harini'),
('haris'),
('harisah'),
('harit'),
('harkat'),
('harmoni'),
('harmonik'),
('harmonika'),
('harmonis'),
('harmonisasi'),
('harmonium'),
('harnet'),
('harpa'),
('harpis'),
('harpun'),
('hart'),
('harta'),
('hartal'),
('hartawan'),
('haru'),
('haruan'),
('harubiru'),
('harum'),
('harungguan'),
('harus'),
('has'),
('hasab'),
('hasad'),
('hasai'),
('hasan'),
('hasar'),
('hasib'),
('hasid'),
('hasil'),
('hasrat'),
('hasta'),
('hasud'),
('hasut'),
('hasyiah'),
('hasyis'),
('hati'),
('hatif'),
('hatta'),
('haud'),
('haudah'),
('haukalah'),
('haul'),
('haur'),
('hauri'),
('haus'),
('haustorium'),
('hawa'),
('hawar'),
('hawari'),
('hawiah'),
('hayat'),
('hayati'),
('hayo'),
('heban'),
('hebat'),
('heboh'),
('hebras'),
('hebring'),
('hedonis'),
('hedonisme'),
('hegelianisme'),
('hegemoni'),
('hegemonik'),
('hegemonisme'),
('heiho'),
('heksadesimal'),
('heksagon'),
('heksahedron'),
('heksaklorida'),
('heksameter'),
('heksana'),
('heksapoda'),
('hektar'),
('hektare'),
('hektograf'),
('hektogram'),
('hektoliter'),
('hektometer'),
('hela'),
('helah'),
('helai'),
('helat'),
('helicak'),
('helikopter'),
('heling'),
('heliofit'),
('heliofobi'),
('heliograf'),
('heliogram'),
('heliometer'),
('heliosentrik'),
('helioskop'),
('heliotaksis'),
('helioterapi'),
('heliotrop'),
('heliotropisme'),
('helipad'),
('helium'),
('helm'),
('helmintologi'),
('hem'),
('hemat'),
('hematit'),
('hematite'),
('hematofobia'),
('hematologi'),
('hematom'),
('hematometra'),
('hematuri'),
('hembak'),
('hembalang'),
('hemeralopi'),
('hemikordat'),
('hemiplegia'),
('hemisfer'),
('hemodialisis'),
('hemofilia'),
('hemoglobin'),
('hemolisis'),
('hemopoiesis'),
('hemopteran'),
('hemoragi'),
('hemoroid'),
('hemosit'),
('hemositometer'),
('hemostasis'),
('hemostatik'),
('hempap'),
('hempas'),
('hendak'),
('hendel'),
('heng'),
('hengit'),
('hengkang'),
('hening'),
('henoteisme'),
('henry'),
('hentar'),
('henti'),
('hepar'),
('hepatitis'),
('heptagon'),
('heptahedron'),
('heptameter'),
('heptana'),
('heraldik'),
('heran'),
('herba'),
('herbarium'),
('herbisida'),
('herbivor'),
('herbivora'),
('herder'),
('hereditas'),
('herediter'),
('heregistrasi'),
('heresi'),
('hering'),
('hermafrodit'),
('hermafroditisme'),
('hermetis'),
('hernia'),
('hero'),
('heroik'),
('heroin'),
('heroisme'),
('herpes'),
('herpetolog'),
('herpetologi'),
('hertz'),
('hesperidin'),
('heterodin'),
('heterodoks'),
('heterofemi'),
('heterofil'),
('heterofit'),
('heterogamet'),
('heterogami'),
('heterogen'),
('heterogenitas'),
('heterograf'),
('heterografi'),
('heteroklitus'),
('heteronim'),
('heteronimi'),
('heteronomi'),
('heteroseksual'),
('heteroseksualitas'),
('heterosfer'),
('heterosiklis'),
('heterosis'),
('heterospora'),
('heterostili'),
('heterotrof'),
('heterozigot'),
('heuristis'),
('hewan'),
('hewani'),
('hia'),
('hialin'),
('hialit'),
('hias'),
('hiatus'),
('hibah'),
('hibat'),
('hibernasi'),
('hibiskus'),
('hibob'),
('hibrida'),
('hibridis'),
('hibridisasi'),
('hibuk'),
('hibur'),
('hidang'),
('hidatod'),
('hidayah'),
('hidrasi'),
('hidrat'),
('hidraulika'),
('hidraulis'),
('hidrida'),
('hidrodinamika'),
('hidrofili'),
('hidrofit'),
('hidrofobia'),
('hidrofoil'),
('hidrofon'),
('hidrogen'),
('hidrogenasi'),
('hidrogeologi'),
('hidrograf'),
('hidrografi'),
('hidrogram'),
('hidrokarbon'),
('hidroklorida'),
('hidrokori'),
('hidroksida'),
('hidroksil'),
('hidrolisis'),
('hidrologi'),
('hidrometeorologi'),
('hidrometer'),
('hidrometri'),
('hidromini'),
('hidronan'),
('hidropati'),
('hidroperoksida'),
('hidroponik'),
('hidropsoma'),
('hidrosfer'),
('hidrosiklon'),
('hidroskop'),
('hidrostatika'),
('hidrostatis'),
('hidroterapi'),
('hidrotermal'),
('hidu'),
('hidung'),
('hidup'),
('hiena'),
('hierarki'),
('hierarkis'),
('hieroglif'),
('hifa'),
('higiene'),
('higienis'),
('higrograf'),
('higrogram'),
('higrometer'),
('higrometri'),
('higroskop'),
('higroskopis'),
('higrotermograf'),
('higrotermogram'),
('hijab'),
('hijaiah'),
('hijau'),
('hijaudaun'),
('hijrah'),
('hijriah'),
('hikayat'),
('hikmah'),
('hikmat'),
('hilal'),
('hilang'),
('hilau'),
('hilir'),
('hilofagus'),
('himanga'),
('himar'),
('himen'),
('himenium'),
('himne'),
('himpun'),
('hina'),
('hinadina'),
('hinap'),
('Hinayana'),
('hindar'),
('Hindi'),
('hinduisme'),
('hingga'),
('hinggap'),
('hinggut'),
('hio'),
('hiosiamina'),
('hiosin'),
('hipantium'),
('hiperaktif'),
('hiperamnesi'),
('hiperbarik'),
('hiperbol'),
('hiperbolis'),
('hiperemia'),
('hiperestesia'),
('hipergami'),
('hiperkelas'),
('hiperkinesis'),
('hiperkorek'),
('hiperkritis'),
('hiperlipemia'),
('hipermetropia'),
('hiperon'),
('hiperopia'),
('hiperparasit'),
('hiperplasia'),
('hiperseksual'),
('hipersensitif'),
('hipersonik'),
('hipersonika'),
('hipertensi'),
('hipertonik'),
('hipertradisional'),
('hipertrikosis'),
('hipertrofi'),
('hipervitaminosis'),
('hipnosis'),
('hipnoterapi'),
('hipnotis'),
('hipnotisme'),
('hipoblas'),
('hipodermis'),
('hipodermoklisis'),
('hipodrom'),
('hipofisis'),
('hipofremia'),
('hipogen'),
('hipoglikemia'),
('hipokondria'),
('hipokotil'),
('hipokrisi'),
('hipokrit'),
('hipokritis'),
('hipolimnion'),
('hipomastia'),
('hipomnesia'),
('hiponim'),
('hipopituitarisme'),
('hipoplankton'),
('hipoplasia'),
('hipopotamus'),
('hiposentrum'),
('hipotaksis'),
('hipotek'),
('hipotensi'),
('hipotenusa'),
('hipotermia'),
('hipotesis'),
('hipotetis'),
('hipotiroid'),
('hipotiroidisme'),
('hipotonik'),
('hipovitaminosis'),
('hipsometer'),
('hipui'),
('hirap'),
('hirau'),
('hirsutisme'),
('hirudin'),
('hiruk'),
('hirup'),
('his'),
('hisab'),
('histamina'),
('histerektomi'),
('histeria'),
('histeris'),
('histerisis'),
('histidina'),
('histogeni'),
('histokimia'),
('histologi'),
('histon'),
('histopatologi'),
('histori'),
('historikus'),
('historiografi'),
('historis'),
('historisisme'),
('historisitas'),
('hit'),
('hitam'),
('hitamputih'),
('hitung'),
('hiu'),
('hiyayat'),
('hobi'),
('hobo'),
('hodadoda'),
('hodometer'),
('hoi'),
('hokah'),
('hoki'),
('holi'),
('holisme'),
('holistis'),
('holmium'),
('holobentos'),
('holoenzim'),
('holofit'),
('holofitik'),
('holofrasis'),
('hologamet'),
('hologami'),
('holograf'),
('holografis'),
('hologram'),
('holokrin'),
('holoplankton'),
('holosen'),
('holozoik'),
('homeostasis'),
('homili'),
('hominid'),
('hominoid'),
('homo'),
('homofon'),
('homofoni'),
('homogami'),
('homogen'),
('homogeni'),
('homogenitas'),
('homograf'),
('homografi'),
('homogram'),
('homoiotermal'),
('homolog'),
('homologi'),
('homonim'),
('homonimi'),
('homorgan'),
('homoseks'),
('homoseksual'),
('homoseksualisme'),
('homoseksualitas'),
('homosfer'),
('homospora'),
('homoterm'),
('homozigot'),
('honae'),
('honcoe'),
('honji'),
('honor'),
('honorarium'),
('honorer');
INSERT INTO `katadasar` (`kata`) VALUES
('honorifik'),
('hop'),
('hopagen'),
('hopbiro'),
('hopkantor'),
('hopyes'),
('horas'),
('hore'),
('horizon'),
('horizontal'),
('hormat'),
('hormon'),
('hornblenda'),
('horor'),
('horoskop'),
('hortikultura'),
('hortikulturis'),
('hoskut'),
('hospital'),
('hostel'),
('hostes'),
('hosti'),
('hot'),
('hotdog'),
('hotel'),
('howitzer'),
('huakiau'),
('hububan'),
('hubulwatan'),
('hubung'),
('huda'),
('hudai'),
('hudhud'),
('hudud'),
('hufaz'),
('huh'),
('hujah'),
('hujaj'),
('hujan'),
('hujat'),
('huji'),
('hujin'),
('hujung'),
('hukama'),
('hukum'),
('hulam'),
('huler'),
('hulu'),
('hulubalang'),
('hulul'),
('huma'),
('human'),
('humaniora'),
('humanis'),
('humanisasi'),
('humanisme'),
('humanistis'),
('humanitas'),
('humaniter'),
('humas'),
('humbalang'),
('humektan'),
('humerus'),
('humidifikasi'),
('humiditas'),
('humifikasi'),
('humin'),
('humor'),
('humoris'),
('humoristis'),
('humorolog'),
('humus'),
('hun'),
('huncue'),
('huni'),
('hunjam'),
('hunkue'),
('hunus'),
('hurah'),
('huria'),
('huriah'),
('hurikan'),
('huruf'),
('hus'),
('husnulkhatimah'),
('Hut'),
('hutan'),
('huyung'),
('ialah'),
('iambus'),
('iatrogenik'),
('iba'),
('ibadah'),
('ibadat'),
('ibadurahman'),
('iban'),
('ibarat'),
('ibayuh'),
('ibid'),
('ibidem'),
('ibing'),
('iblis'),
('ibni'),
('ibnu'),
('ibra'),
('ibrit'),
('ibtida'),
('ibtidaiah'),
('ibu'),
('ibul'),
('ibun'),
('ibunda'),
('ibung'),
('ibus'),
('Ida'),
('idah'),
('idam'),
('idap'),
('idarah'),
('idas'),
('ide'),
('ideal'),
('idealis'),
('idealisasi'),
('idealisme'),
('idealistis'),
('idem'),
('identifikasi'),
('identik'),
('identitas'),
('ideofon'),
('ideograf'),
('ideografi'),
('ideografis'),
('ideogram'),
('ideologi'),
('ideologis'),
('idep'),
('idiil'),
('idiolek'),
('idiom'),
('idiomatis'),
('idiomatologi'),
('idiosi'),
('idiosinkrasi'),
('idiot'),
('idola'),
('idrak'),
('idu'),
('Iduladha'),
('Idulfitri'),
('ifah'),
('ifrit'),
('iftar'),
('iftitah'),
('iga'),
('igal'),
('igau'),
('iglo'),
('ihdad'),
('ihram'),
('ihsan'),
('ihsanat'),
('ihsas'),
('ihtifal'),
('ihtikar'),
('ihtimal'),
('ihwal'),
('ijab'),
('ijabat'),
('ijajil'),
('ijarah'),
('ijas'),
('ijazah'),
('ijbar'),
('ijmak'),
('ijmal'),
('ijon'),
('ijtihad'),
('ijtimaiah'),
('ijtimak'),
('ijuk'),
('ikab'),
('ikal'),
('ikamah'),
('ikan'),
('ikat'),
('ikebana'),
('ikhbar'),
('ikhlas'),
('ikhtiar'),
('ikhtiari'),
('ikhtilaf'),
('ikhtiogeografi'),
('ikhtiosarkotoksisme'),
('ikhtiotoksisme'),
('ikhtisar'),
('ikhwan'),
('iklan'),
('iklim'),
('ikon'),
('ikonis'),
('ikonograf'),
('ikonografi'),
('ikonoklasme'),
('ikonometer'),
('ikrab'),
('ikram'),
('ikrar'),
('iktibar'),
('iktidal'),
('iktikad'),
('iktikaf'),
('iktiografi'),
('iktiolit'),
('iktiologi'),
('iktiologis'),
('iktirad'),
('iktiraf'),
('iktisab'),
('ikuh'),
('ikut'),
('ikutserta'),
('ilafi'),
('ilah'),
('Ilahi'),
('ilahiah'),
('ilahiat'),
('ilai'),
('ilak'),
('ilanun'),
('ilar'),
('ilas'),
('ilat'),
('ilegal'),
('iler'),
('iles'),
('ileum'),
('ilham'),
('ili'),
('ilian'),
('iling'),
('ilmiah'),
('ilmu'),
('ilmuwan'),
('ilu'),
('iluminasi'),
('ilusi'),
('ilusif'),
('ilusionis'),
('ilustrasi'),
('ilustratif'),
('ilustrator'),
('imago'),
('imaji'),
('imajinasi'),
('imajinatif'),
('imajiner'),
('imak'),
('imam'),
('imamah'),
('imamologi'),
('iman'),
('imanen'),
('imanensi'),
('imani'),
('imbak'),
('imbal'),
('imbang'),
('imbas'),
('imbau'),
('imbesil'),
('imbesilitas'),
('imbibisi'),
('imbit'),
('imbuh'),
('imigran'),
('imigrasi'),
('imitasi'),
('imitatif'),
('imitator'),
('imkan'),
('imla'),
('imlek'),
('imobilisasi'),
('impak'),
('impas'),
('impase'),
('impedans'),
('impedansi'),
('impek'),
('imperatif'),
('imperfek'),
('imperfeksi'),
('imperial'),
('imperialis'),
('imperialisme'),
('imperium'),
('impersonal'),
('impersonalia'),
('impersonalitas'),
('impi'),
('impit'),
('implan'),
('implantasi'),
('implemen'),
('implementasi'),
('implikasi'),
('implisit'),
('implosif'),
('impor'),
('importasi'),
('importir'),
('impoten'),
('impotensi'),
('impregnasi'),
('impresariat'),
('impresario'),
('impresi'),
('impresif'),
('impresionis'),
('impresionisme'),
('impresionistik'),
('imprimatur'),
('improvisasi'),
('impuls'),
('impulsif'),
('imsak'),
('imsakiah'),
('imtihan'),
('imun'),
('imunisasi'),
('imunitas'),
('imunokimia'),
('imunokompromi'),
('imunologi'),
('imunologis'),
('imunosupresi'),
('imunoterapi'),
('ina'),
('inabsensia'),
('inadaptabilitas'),
('inai'),
('inang'),
('inangda'),
('inap'),
('inartikulat'),
('inas'),
('inaugurasi'),
('inayat'),
('inca'),
('incar'),
('inci'),
('incit'),
('incling'),
('incrit'),
('incut'),
('indah'),
('indang'),
('indap'),
('indarus'),
('indayang'),
('indebitum'),
('indehoi'),
('indekos'),
('indeks'),
('inden'),
('independen'),
('inderawasih'),
('indeterminisme'),
('indigenos'),
('indigo'),
('indik'),
('indikan'),
('indikasi'),
('indikatif'),
('indikator'),
('inding'),
('indisipliner'),
('indium'),
('individu'),
('individual'),
('individualis'),
('individualisasi'),
('individualisme'),
('individualistis'),
('individualitas'),
('individuasi'),
('indoktrinasi'),
('indolen'),
('indolensi'),
('indologi'),
('Indonesia'),
('indonesianisasi'),
('indra'),
('indraloka'),
('indranila'),
('indriawi'),
('indu'),
('induk'),
('induksi'),
('induktans'),
('induktansi'),
('induktif'),
('induktor'),
('indung'),
('indusemen'),
('industri'),
('industrialis'),
('industrialisasi'),
('industriawan'),
('inefisiensi'),
('inersia'),
('infak'),
('infanteri'),
('infantil'),
('infantilisasi'),
('infantilisme'),
('infarktus'),
('infeksi'),
('inferensi'),
('inferensial'),
('inferior'),
('inferioritas'),
('inferno'),
('infertil'),
('infertilitas'),
('infiks'),
('infiltrasi'),
('infiltrometer'),
('infinitif'),
('infiradi'),
('inflamasi'),
('inflasi'),
('inflatoar'),
('infleksi'),
('infleksibel'),
('infleksif'),
('infloresens'),
('influensa'),
('influenza'),
('info'),
('informal'),
('informan'),
('informasi'),
('informatif'),
('informatika'),
('inframerah'),
('infrasonik'),
('infrastruktur'),
('infus'),
('inga'),
('ingar'),
('ingat'),
('ingau'),
('Inggris'),
('inggu'),
('inggung'),
('ingin'),
('ingintahu'),
('ingkah'),
('ingkar'),
('ingkir'),
('ingresif'),
('ingsar'),
('ingsut'),
('ingus'),
('inheren'),
('inhibisi'),
('inhibitor'),
('ini'),
('inisial'),
('inisiasi'),
('inisiatif'),
('inisiator'),
('injak'),
('injap'),
('injeksi'),
('Injil'),
('inkarnasi'),
('inkarserasi'),
('inkarsunah'),
('inkaso'),
('inklaring'),
('inklinasi'),
('inklinometer'),
('inklusif'),
('inkognito'),
('inkompatibilitas'),
('inkompeten'),
('inkomplet'),
('inkonfeso'),
('inkonsisten'),
('inkonsistensi'),
('inkonstitusional'),
('inkonvensional'),
('inkorporasi'),
('inkremental'),
('inkubasi'),
('inkubator'),
('inlander'),
('inokulasi'),
('inovasi'),
('inovatif'),
('inovator'),
('insaf'),
('insan'),
('insanan'),
('insang'),
('insani'),
('insanulkamil'),
('insar'),
('insek'),
('insekta'),
('insektari'),
('insektisida'),
('insektivor'),
('insektivora'),
('insektologi'),
('inseminasi'),
('insentif'),
('insersi'),
('inses'),
('inset'),
('insiden'),
('insidental'),
('insinerator'),
('insinuasi'),
('insinuatif'),
('insinye'),
('insinyur'),
('inskripsi'),
('inslan'),
('insolven'),
('insomnia'),
('inspeksi'),
('inspektorat'),
('inspektur'),
('inspirasi'),
('instabilitas'),
('instalasi'),
('instalatur'),
('instan'),
('instansi'),
('insting'),
('instingtif'),
('institusi'),
('institusional'),
('institut'),
('instruksi'),
('instruksional'),
('instruktif'),
('instruktur'),
('instrumen'),
('instrumental'),
('instrumentalia'),
('instrumentalis'),
('instrumentasi'),
('insubordinasi'),
('insulator'),
('insuler'),
('insulin'),
('Insulinde'),
('insyaAllah'),
('intai'),
('intan'),
('integral'),
('integralistik'),
('integrasi'),
('integrasionis'),
('integritas'),
('integumen'),
('intel'),
('intelek'),
('intelektual'),
('intelektualisasi'),
('intelektualisme'),
('inteligen'),
('inteligensi'),
('inteligensia'),
('intelijen'),
('intendans'),
('intens'),
('intensi'),
('intensif'),
('intensifikasi'),
('intensional'),
('intensitas'),
('interaksi'),
('interaksionistik'),
('interaktif'),
('interdepartemental'),
('interdependen'),
('interdiksi'),
('interdisipliner'),
('interegnum'),
('interelasi'),
('interen'),
('interes'),
('interesan'),
('interetnik'),
('interferens'),
('interferensi'),
('interferometer'),
('interferon'),
('interglasial'),
('interim'),
('interinsuler'),
('interior'),
('interjeksi'),
('interkom'),
('interkoneksi'),
('interkonsonantal'),
('interkontinental'),
('interlokal'),
('interlokutor'),
('interlud'),
('intermeso'),
('intermezo'),
('intermolekuler'),
('intern'),
('internal'),
('internalisasi'),
('internasional'),
('internasionalisasi'),
('internat'),
('internir'),
('internis'),
('internuntius'),
('interogasi'),
('interogatif'),
('interogator'),
('interpelan'),
('interpelasi'),
('interpelator'),
('interpolasi'),
('interpretasi'),
('interpretatif'),
('interpretator'),
('interpreter'),
('intersepsi'),
('intertestial'),
('intertidal'),
('interupsi'),
('interval'),
('intervensi'),
('intervensionisme'),
('interviu'),
('interzona'),
('inti'),
('intifadah'),
('intiha'),
('intikad'),
('intim'),
('intima'),
('intimasi'),
('intimidasi'),
('intip'),
('intipati'),
('intoksikasi'),
('intoleran'),
('intonasi'),
('intradermal'),
('intrakalimat'),
('intrakurikuler'),
('intralinguistis'),
('intramembran'),
('intramolekul'),
('intramuskuler'),
('intransitif'),
('intraseluler'),
('intrauniversiter'),
('intravaskuler'),
('intravena'),
('intrik'),
('intrinsik'),
('intro'),
('introduksi'),
('introjeksi'),
('introspeksi'),
('introver'),
('intrusi'),
('intuisi'),
('intuitif'),
('intumesensi'),
('invaginasi'),
('invalid'),
('invasi'),
('invensi'),
('inventaris'),
('inventarisasi'),
('inventif'),
('inventor'),
('inventori'),
('inventoriminat'),
('inversi'),
('invertebrata'),
('investasi'),
('investigasi'),
('investigatif'),
('investor'),
('invitasi'),
('invois'),
('involusi'),
('inyik'),
('inzar'),
('inziaj'),
('iodin'),
('ion'),
('ionisasi'),
('ionosfer'),
('iota'),
('ipar'),
('ipis'),
('ipon'),
('iprit'),
('ipuh'),
('ipuk'),
('ipung'),
('iqamat'),
('iqra'),
('ira'),
('iradat'),
('iradiasi'),
('irafah'),
('iram'),
('irama'),
('iras'),
('irasional'),
('irasionalitas'),
('iri'),
('iridium'),
('irigasi'),
('irigator'),
('irihati'),
('irik'),
('iring'),
('iris'),
('irit'),
('iritabilitas'),
('iritasi'),
('iritatif'),
('ironi'),
('ironis'),
('irsyad'),
('irung'),
('irus'),
('IsaAlmasih'),
('isak'),
('isalohipse'),
('isap'),
('isbat'),
('iseng'),
('isentropik'),
('isi'),
('isim'),
('isis'),
('isit'),
('iskemia'),
('islah'),
('Islam'),
('islami'),
('islamiah'),
('islamis'),
('islamisasi'),
('islamisme'),
('islamologi'),
('isoaglutinin'),
('isobar'),
('isobarik'),
('isobat'),
('isobron'),
('isodin'),
('isodinamik'),
('isofase'),
('isofen'),
('isofet'),
('isoflor'),
('isofon'),
('isogamet'),
('isogami'),
('isoglos'),
('isogon'),
('isogram'),
('isohalin'),
('isohel'),
('isohiet'),
('isohips'),
('isokal'),
('isokalori'),
('isokemi'),
('isokeraunik'),
('isokor'),
('isokorik'),
('isokronisme'),
('isolasi'),
('isolasionisme'),
('isolatif'),
('isolator'),
('isoleks'),
('isolemen'),
('isomer'),
('isometrik'),
('isomorf'),
('isomorfis'),
('isomorfisme'),
('isonefel'),
('isonomi'),
('isopal'),
('isopiestik'),
('isoplet'),
('isoriza'),
('isosilabisme'),
('isotah'),
('isoterm'),
('isotermal'),
('isotop'),
('isotrop'),
('isotropik'),
('isovolumik'),
('isra'),
('israf'),
('istal'),
('istan'),
('istana'),
('istanggi'),
('istaz'),
('istazah'),
('istiadat'),
('istianah'),
('istiazah'),
('istibdad'),
('istibra'),
('istidlal'),
('istidraj'),
('istifham'),
('istigasah'),
('istigfar'),
('istihadah'),
('istihsan'),
('istikamah'),
('istikharah'),
('istikhlaf'),
('istiklal'),
('istikmal'),
('istilah'),
('istima'),
('istimaiah'),
('istimewa'),
('istimna'),
('istimtak'),
('istinggar'),
('istinja'),
('istiqlal'),
('istirahat'),
('istislah'),
('istislam'),
('istisna'),
('istitaah'),
('istiwa'),
('istri'),
('isu'),
('isya'),
('isyarat'),
('isytiak'),
('isyu'),
('italik'),
('item'),
('iterasi'),
('iterbium'),
('itibak'),
('itifak'),
('itihad'),
('itik'),
('itil'),
('itisal'),
('itlak'),
('itrium'),
('itu'),
('iudisasi'),
('iur'),
('iwad'),
('iya'),
('izah'),
('izin'),
('jaat'),
('jab'),
('jabal'),
('jabang'),
('Jabariah'),
('jabat'),
('jabattangan'),
('jabir'),
('jables'),
('jabrik'),
('jabung'),
('jadah'),
('jadam'),
('jadayat'),
('jadi'),
('jaduk'),
('jadwal'),
('jaga'),
('jagabaya'),
('jagabela'),
('jagal'),
('jagang'),
('jagapati'),
('jagaraga'),
('jagat'),
('jagawana'),
('jago'),
('jagra'),
('jagrak'),
('jaguar'),
('jagung'),
('jagur'),
('jah'),
('jaha'),
('jahan'),
('jahanam'),
('jahar'),
('jaharu'),
('jahat'),
('jahe'),
('jahil'),
('jahiliah'),
('jahiriah'),
('jahit'),
('jahul'),
('jail'),
('Jainisme'),
('jaipong'),
('jais'),
('jaiz'),
('jaja'),
('jajah'),
('jajak'),
('jajal'),
('jajan'),
('jajar'),
('jaka'),
('jakal'),
('jakas'),
('jaket'),
('jaksa'),
('jaksi'),
('jakun'),
('jala'),
('jalabria'),
('jalad'),
('jalak'),
('jalal'),
('jalan'),
('jalang'),
('jalangkote'),
('jalangkung'),
('jalar'),
('jali'),
('jalibut'),
('jalil'),
('jalin'),
('jalu'),
('jalur'),
('jam'),
('jamadat'),
('jamah'),
('jamak'),
('jamal'),
('jamang'),
('jambak'),
('jambal'),
('jamban'),
('jambang'),
('jambar'),
('jambat'),
('jambe'),
('jambiah'),
('jambian'),
('jamblang'),
('jambon'),
('jambore'),
('jambret'),
('jambu'),
('jambul'),
('jambulan'),
('jambur'),
('jamhur'),
('jamiah'),
('jamiatulhujaj'),
('jamik'),
('jamil'),
('jamin'),
('jamis'),
('jampal'),
('jampen'),
('jampi'),
('jampuk'),
('jamrah'),
('jamu'),
('jamung'),
('jamur'),
('janabah'),
('janabijana'),
('janah'),
('janat'),
('janda'),
('jangak'),
('jangan'),
('jangar'),
('jangat'),
('janggal'),
('janggelan'),
('janggi'),
('janggolan'),
('janggung'),
('janggut'),
('jangka'),
('jangkah'),
('jangkang'),
('jangkar'),
('jangkat'),
('jangkau'),
('jangki'),
('jangking'),
('jangkir'),
('jangkit'),
('jangkrik'),
('jangkung'),
('jangla'),
('jangol'),
('jani'),
('janik'),
('janin'),
('janjang'),
('janji'),
('jantan'),
('jantang'),
('jantina'),
('jantuk'),
('jantung'),
('jantur'),
('janturan'),
('Januari'),
('janubi'),
('janur'),
('jap'),
('japan'),
('japin'),
('japu'),
('jara'),
('jarab'),
('jarah'),
('jarak'),
('jaram'),
('jaran'),
('jaranan'),
('jarang'),
('jaranglaut'),
('jaras'),
('jarem'),
('jargon'),
('jari'),
('jariah'),
('jariji'),
('jarimah'),
('jaring'),
('jarit'),
('jarjau'),
('jaro'),
('jarotan'),
('jarum'),
('jarwa'),
('jas'),
('jasa'),
('jasaboga'),
('jasad'),
('jasadi'),
('jasmani'),
('jasmaniah'),
('jasus'),
('jaswadi'),
('jatah'),
('jatayu'),
('jati'),
('jatilan'),
('jatmika'),
('jatuh'),
('jatukrama'),
('jauh'),
('jauhar'),
('jauhari'),
('Jauza'),
('jawab'),
('jawang'),
('jawara'),
('jawat'),
('jawawut'),
('jawer'),
('jawi'),
('jawil'),
('jaya'),
('jayacihna'),
('jayapatra'),
('jayasong'),
('jayastamba'),
('jayeng'),
('jaz'),
('jazam'),
('jazirah'),
('jebab'),
('jebah'),
('jebai'),
('jebak'),
('jebang'),
('jebar'),
('jebat'),
('jeblok'),
('jeblos'),
('jebluk'),
('jebol'),
('jebor'),
('jebrol'),
('jebuh'),
('jebung'),
('jebur'),
('jeda'),
('jeding'),
('jedot'),
('jegal'),
('jegang'),
('jegil'),
('jegogan'),
('jegung'),
('jejabah'),
('jejak'),
('jejaka'),
('jejal'),
('jejap'),
('jejas'),
('jejengkok'),
('jejer'),
('jejunum'),
('jejuri'),
('jeket'),
('jeksi'),
('jela'),
('jelabak'),
('jelabir'),
('jeladan'),
('jeladren'),
('jeladri'),
('jelaga'),
('jelagra'),
('jelah'),
('jelai'),
('jelajah'),
('jelak'),
('jelalat'),
('jelamprang'),
('jelanak'),
('jelang'),
('jelangak'),
('jelangkung'),
('jelantah'),
('jelapak'),
('jelapang'),
('jelar'),
('jelarang'),
('jelas'),
('jelata'),
('jelatang'),
('jelau'),
('jelawat'),
('jelejeh'),
('jelek'),
('jelempah'),
('jelengar'),
('jelepak'),
('jelepok'),
('jeli'),
('jelih'),
('jelijih'),
('jelimet'),
('jelimpat'),
('jeling'),
('jelir'),
('jelit'),
('jelita'),
('jelma'),
('jelu'),
('jeluak'),
('jeluang'),
('jelujur'),
('jeluk'),
('jelum'),
('jelungkap'),
('jeluntung'),
('jelunut'),
('jelus'),
('jelut'),
('jelutung'),
('jemaah'),
('jemaat'),
('jemah'),
('jemala'),
('jemang'),
('jemari'),
('jemaring'),
('jemawa'),
('jemba'),
('jembak'),
('jembalang'),
('jembar'),
('jembatan'),
('jembel'),
('jember'),
('jembiah'),
('jembrana'),
('jembut'),
('jemeki'),
('jempalit'),
('jempana'),
('jemparing'),
('jempol'),
('jempul'),
('jemput'),
('jemu'),
('jemuas'),
('jemuju'),
('jemur'),
('jenahar'),
('jenak'),
('jenaka'),
('jenama'),
('jenang'),
('jenangau'),
('jenat'),
('jenawi'),
('jenazah'),
('jendal'),
('jendala'),
('jendel'),
('jendela'),
('jendera'),
('jenderal'),
('jendol'),
('jendul'),
('jenela'),
('jeneng'),
('jenewer'),
('jeng'),
('jengah'),
('jengang'),
('jengek'),
('jenggala'),
('jenggar'),
('jengger'),
('jengget'),
('jengglong'),
('jenggot'),
('jengguk'),
('jenggul'),
('jenggut'),
('jengit'),
('jengkal'),
('jengkang'),
('jengkek'),
('jengkel'),
('jengkelit'),
('jengkeng'),
('jengker'),
('jengket'),
('jengki'),
('jengking'),
('jengkit'),
('jengkol'),
('jengkolet'),
('jengkot'),
('jenglong'),
('jenguh'),
('jenguk'),
('jengul'),
('jenis'),
('jenius'),
('jenjam'),
('jenjang'),
('jenjeng'),
('jentaka'),
('jentang'),
('jentayu'),
('jentelmen'),
('jentera'),
('jentik'),
('jenuh'),
('jepa'),
('jepet'),
('jepit'),
('jeprat'),
('jepret'),
('Jepun'),
('jeput'),
('jera'),
('jerabai'),
('jeradik'),
('jeragih'),
('jerah'),
('jerahak'),
('jerahap'),
('jerait'),
('jeram'),
('jeramah'),
('jerambah'),
('jerambai'),
('jerambang'),
('jerambung'),
('jerami'),
('jeran'),
('jerang'),
('jerangan'),
('jerangau'),
('jerangkak'),
('jerangkang'),
('jerangkong'),
('jerap'),
('jerapah'),
('jerat'),
('jerau'),
('jeraus'),
('jerawat'),
('jerba'),
('jerbak'),
('jereket'),
('jeremak'),
('jeremba'),
('jerembap'),
('jerembat'),
('jerembet'),
('jerembun'),
('jerempak'),
('jereng'),
('jerepet'),
('jeri'),
('jeriau'),
('jerigen'),
('jerih'),
('jeriji'),
('jeriken'),
('jering'),
('jeringing'),
('jerit'),
('jerjak'),
('jerkah'),
('jerkat'),
('jermal'),
('jermang'),
('jernang'),
('jernih'),
('jero'),
('jeroan'),
('jerohok'),
('jerojol'),
('jerongkang'),
('jerongkes'),
('jerongkok'),
('jerongkong'),
('jerubung'),
('jeruji'),
('jeruju'),
('jeruk'),
('jerukun'),
('jerukup'),
('jerum'),
('jerumat'),
('jerumbai'),
('jerumun'),
('jerumus'),
('jerun'),
('jerung'),
('jerungkau'),
('jerungkis'),
('jerungkung'),
('jerunuk'),
('jerupih'),
('jet'),
('jetis'),
('jetsam'),
('jetset'),
('jewer'),
('jiawang'),
('jib'),
('jibaku'),
('jibilah'),
('Jibrail'),
('Jibril'),
('jibti'),
('jibun'),
('jicap'),
('jicapgo'),
('jicing'),
('jidar'),
('jidat'),
('jidur'),
('jigong'),
('jigrah'),
('jih'),
('jihad'),
('jihat'),
('jijik'),
('jijit'),
('jika'),
('jikalau'),
('jil'),
('jila'),
('jilah'),
('jilam'),
('jilat'),
('jilbab'),
('jilid'),
('jim'),
('jimak'),
('Jimakir'),
('jimat'),
('Jimawal'),
('jimbit'),
('jimpit'),
('jin'),
('jinak'),
('jinayah'),
('jindra'),
('jinem'),
('jineman'),
('jineng'),
('jingap'),
('jingau'),
('jingga'),
('jinggring'),
('jingkat'),
('jingkik'),
('jingkrak'),
('jingo'),
('jingoisme'),
('jingu'),
('jinjang'),
('jinjing'),
('jinjit'),
('jinsom'),
('jintan'),
('jip'),
('jipang'),
('jiplak'),
('jipro'),
('jir'),
('jirak'),
('jiran'),
('jirat'),
('jirian'),
('jirus'),
('jisim'),
('jitah'),
('jitak'),
('jitok'),
('jitu'),
('jiwa'),
('jiwat'),
('jiwit'),
('jizyah'),
('jlegur'),
('joang'),
('jobak'),
('jobong'),
('jodang'),
('jodoh'),
('jodong'),
('jogan'),
('jogar'),
('joget'),
('joging'),
('joglo'),
('johan'),
('johari'),
('jojing'),
('jojol'),
('jok'),
('joki'),
('jolak'),
('jolek'),
('joli'),
('jolok'),
('jolong'),
('jolor'),
('jombang'),
('jomlo'),
('jompak'),
('jompo'),
('jongang'),
('jonget'),
('jongga'),
('jonggol'),
('jongjorang'),
('jongkang'),
('jongki'),
('jongko'),
('jongkok'),
('jongkong'),
('jongos'),
('jonjot'),
('jontoh'),
('jontor'),
('jontrot'),
('joran'),
('joreng'),
('jori'),
('jorjoran'),
('jorok'),
('jorong'),
('josna'),
('jota'),
('jotang'),
('jotos'),
('joule'),
('jrambah'),
('jreng'),
('jua'),
('juadah'),
('juak'),
('jual'),
('jualbeli'),
('juandang'),
('juang'),
('juar'),
('juara'),
('jubah'),
('jubel'),
('jubin'),
('jublag'),
('jublek'),
('judek'),
('judes'),
('judi'),
('judo'),
('judogi'),
('judoka'),
('judul'),
('juek'),
('juga'),
('juhi'),
('juhut'),
('juih'),
('juita'),
('jujah'),
('jujai'),
('jujitsu'),
('juju'),
('jujuh'),
('jujur'),
('jujuran'),
('jujut'),
('jukstaposisi'),
('jukut'),
('julab'),
('julai'),
('julang'),
('julat'),
('Juli'),
('juling'),
('julir'),
('julo'),
('juluk'),
('julur'),
('Jumadilakhir'),
('Jumadilawal'),
('jumantan'),
('jumantara'),
('Jumat'),
('jumbai'),
('jumbil'),
('jumbo'),
('jumbuh'),
('jumbul'),
('jumeneng'),
('jumhur'),
('jumjumah'),
('jumlah'),
('jumpa'),
('jumpalit'),
('jumpang'),
('jumpelang'),
('jumpul'),
('jumput'),
('jumrah'),
('jumud'),
('jun'),
('junam'),
('jundai'),
('jung'),
('jungat'),
('junggang'),
('jungkal'),
('jungkang'),
('jungkar'),
('jungkat'),
('jungkir'),
('jungkirbalik'),
('jungkit'),
('jungkol'),
('jungur'),
('jungut'),
('Juni'),
('junior'),
('junjung'),
('junta'),
('juntai'),
('juntrung'),
('junub'),
('junun'),
('jupang'),
('jura'),
('juragan'),
('jurai'),
('jurang'),
('juri'),
('jurik'),
('juring'),
('juris'),
('jurit'),
('jurnal'),
('jurnalis'),
('jurnalisme'),
('jurnalistik'),
('juru'),
('jurubicara'),
('juruh'),
('jurung'),
('jurus'),
('jus'),
('justifikasi'),
('justru'),
('juta'),
('jutawan'),
('jute'),
('juvenil'),
('juz'),
('kaba'),
('kabak'),
('kabar'),
('kabaret'),
('kabat'),
('kabau'),
('kabel'),
('kabihat'),
('kabilah'),
('kabin'),
('kabinet'),
('kabir'),
('kabisat'),
('kabit'),
('kaboi'),
('kabriolet'),
('kabruk'),
('kabuki'),
('kabul'),
('kabumbu'),
('kabung'),
('kabupaten'),
('kabur'),
('kabus'),
('kabut'),
('kaca'),
('kacak'),
('kacam'),
('kacamata'),
('kacang'),
('kacapiring'),
('kacapuri'),
('kacau'),
('kacek'),
('kacer'),
('kaci'),
('kacici'),
('kacip'),
('kacipfatimah'),
('kacir'),
('kacrek'),
('kacu'),
('kacuk'),
('kacukan'),
('kacung'),
('kad'),
('kada'),
('kadahajat'),
('kadal'),
('kadam'),
('kadang'),
('kadar'),
('Kadariah'),
('kadas'),
('kadaster'),
('kadastral'),
('kadaver'),
('kade'),
('kademat'),
('kadensa'),
('kader'),
('kadera'),
('kaderisasi'),
('kades'),
('kadet'),
('kadi'),
('kadim'),
('kadipaten'),
('kadir'),
('Kadiriah'),
('kadmium'),
('kado'),
('kadofor'),
('kadru'),
('kadung'),
('kadut'),
('kaedah'),
('kaf'),
('kafaah'),
('kafah'),
('kafan'),
('kafarat'),
('kafe'),
('kafeina'),
('kafetaria'),
('kafi'),
('kafil'),
('kafilah'),
('kafir'),
('kafiri'),
('kaftan'),
('kagak'),
('kaget'),
('kagok'),
('kagum'),
('kah'),
('kahaf'),
('kahak'),
('kahan'),
('kahar'),
('kahat'),
('kahin'),
('kahrab'),
('kahwa'),
('kahwaji'),
('kahyangan'),
('kaidah'),
('kaifiah'),
('kaifiat'),
('kail'),
('kailalo'),
('kaimat'),
('kain'),
('kaing'),
('kainit'),
('kainofobia'),
('kais'),
('kaisar'),
('kait'),
('kajai'),
('kajang'),
('kajangan'),
('kaji'),
('kak'),
('kakaban'),
('kakagau'),
('kakah'),
('kakak'),
('kakaktua'),
('kakanda'),
('kakang'),
('kakao'),
('kakap'),
('kakas'),
('kakawin'),
('Kakbah'),
('kakek'),
('kakerlak'),
('kaki'),
('kakodil'),
('kakofoni'),
('kakografi'),
('kakok'),
('kakologi'),
('kakostokrasi'),
('kaksa'),
('kaktus'),
('kaku'),
('kakuminal'),
('kakus'),
('kal'),
('kala'),
('kalah'),
('kalai'),
('kalajengking'),
('kalaka'),
('kalakanji'),
('kalakati'),
('kalakeran'),
('kalakian'),
('kalam'),
('kalamba'),
('kalamdan'),
('kalamin'),
('kalamisani'),
('kalamkari'),
('kalandar'),
('kalander'),
('kalap'),
('kalar'),
('kalas'),
('kalat'),
('kalau'),
('kalaupun'),
('kalawija'),
('kalaza'),
('kalbi'),
('kalbu'),
('kaldera'),
('kaldron'),
('kaldu'),
('kalebas'),
('kaleidoskop'),
('kaleidoskopis'),
('kalem'),
('kalempagi'),
('kalender'),
('kaleng'),
('kali'),
('kalian'),
('kaliber'),
('kalibit'),
('kalibrasi'),
('kalibut'),
('kalicau'),
('kalifornium'),
('kaligraf'),
('kaligrafi'),
('kaligrafis'),
('kalih'),
('kalikausar'),
('kaliki'),
('kalimah'),
('kalimantang'),
('kalimat'),
('kalimatullah'),
('kalimatusyahadat'),
('kalimayah'),
('kalimpanang'),
('kalingan'),
('kalio'),
('kaliper'),
('kalipso'),
('kaliptra'),
('kalis'),
('kalistenik'),
('kalium'),
('kalk'),
('kalkalah'),
('kalkarium'),
('kalkasar'),
('kalkopirit'),
('kalkosium'),
('kalkulasi'),
('kalkulator'),
('kalkulus'),
('kalkun'),
('kalo'),
('kalomel'),
('kalong'),
('kalongwewe'),
('kalor'),
('kalori'),
('kalorimeter'),
('kalorimetri'),
('kalorisitas'),
('kalowatan'),
('kalpataru'),
('kalsedon'),
('kalsiferol'),
('kalsifikasi'),
('kalsinasi'),
('kalsit'),
('kalsium'),
('kalui'),
('kalumet'),
('kalung'),
('kalus'),
('kalut'),
('kam'),
('kama'),
('Kamajaya'),
('kamal'),
('kamalir'),
('kamantuhu'),
('kamar'),
('kamarban'),
('kamariah'),
('kamas'),
('kamat'),
('kamba'),
('kamban'),
('kambang'),
('kambar'),
('kambeh'),
('kambeli'),
('kamber'),
('kambi'),
('kambinghitam'),
('kambium'),
('kambrik'),
('kambrium'),
('kambuh'),
('kambus'),
('kambut'),
('kamelia'),
('kamera'),
('kamerad'),
('kamerawan'),
('kamfana'),
('kamfer'),
('kamfor'),
('kamhar'),
('kami'),
('kamikaze'),
('kamil'),
('kamilmukamil'),
('kamis'),
('kamisa'),
('kamisol'),
('kamit'),
('kamitua'),
('kamka'),
('kamomil'),
('kamp'),
('kampa'),
('kampai'),
('kampanologi'),
('kampanye'),
('kampas'),
('kampemen'),
('kamper'),
('kampil'),
('kamping'),
('kampiun'),
('kampos'),
('kampret'),
('kampuh'),
('kampul'),
('kampung'),
('kampus'),
('kamrad'),
('kamsen'),
('kamsia'),
('kamu'),
('kamuflase'),
('kamus'),
('kan'),
('kana'),
('kanaah'),
('kanabis'),
('kanal'),
('kanalisasi'),
('kanan'),
('kanang'),
('kancah'),
('kancap'),
('kanceh'),
('kancera'),
('kancil'),
('kancing'),
('kancung'),
('kancut'),
('kanda'),
('kandang'),
('kandar'),
('kandas'),
('kandel'),
('kandela'),
('kandi'),
('kandidat'),
('kandidiasis'),
('kandil'),
('kandiputih'),
('kandis'),
('kandul'),
('kandung'),
('kandut'),
('kane'),
('kang'),
('kangar'),
('kangen'),
('kangka'),
('kangkang'),
('kangkung'),
('kangmas'),
('kangsa'),
('kangsar'),
('kangtau'),
('kanguru'),
('kanibal'),
('kanibalisasi'),
('kanibalisme'),
('kanigara'),
('kanilem'),
('kanina'),
('kanisah'),
('kanjal'),
('kanjang'),
('kanjar'),
('kanjeng'),
('kanji'),
('kanker'),
('kano'),
('kanoman'),
('kanon'),
('kanonir'),
('kanonis'),
('kanopi'),
('kans'),
('kansel'),
('kanselari'),
('kanselir'),
('Kanser'),
('kanstof'),
('kanta'),
('kantan'),
('kantang'),
('kantar'),
('kantata'),
('kanti'),
('kantih'),
('kantil'),
('kantilever'),
('kantin'),
('kanto'),
('kantong'),
('kantor'),
('kantuk'),
('kantung'),
('kanun'),
('kanvas'),
('kanya'),
('kanyon'),
('kaok'),
('kaolin'),
('kaon'),
('kaos'),
('kaotis'),
('kap'),
('kapa'),
('kapabel'),
('kapah'),
('kapai'),
('kapak'),
('kapal'),
('kapan'),
('kapang'),
('kapar'),
('kaparinyo'),
('kapas'),
('kapasitans'),
('kapasitas'),
('kapasitor'),
('kapat'),
('kapel'),
('Kapela'),
('kaper'),
('kapi'),
('kapilaritas'),
('kapiler'),
('kapiran'),
('kapis'),
('kapisa'),
('kapit'),
('kapita'),
('kapital'),
('kapitalis'),
('kapitalisme'),
('kapitalistis'),
('kapitan'),
('kapitaselekta'),
('kapitol'),
('kapitulasi'),
('kapitulum'),
('kaplares'),
('kaplars'),
('kaplok'),
('kapok'),
('kapon'),
('kaporit'),
('kappa'),
('kaprah'),
('kapri'),
('Kaprikornus'),
('kapsalon'),
('kapsel'),
('kapstan'),
('kapster'),
('kapstok'),
('kapsul'),
('kapten'),
('kapu'),
('kapuk'),
('kapung'),
('kapur'),
('kapurancang'),
('kapursirih'),
('kara'),
('karabin'),
('karaeng'),
('karakter'),
('karam'),
('karamba'),
('karambol'),
('karamel'),
('karang'),
('karangkitri'),
('karangwulu'),
('karantina'),
('karantinawan'),
('karaoke'),
('karap'),
('karapaks'),
('karapan'),
('karar'),
('karas'),
('karat'),
('karate'),
('karategi'),
('karateka'),
('karau'),
('karavan'),
('karawitan'),
('karbiah'),
('karbida'),
('karbohidrase'),
('karbohidrat'),
('karboksil'),
('karbol'),
('karbolat'),
('karbolik'),
('karbon'),
('karbonado'),
('karbonan'),
('karbonat'),
('karbonil'),
('karbonisasi'),
('karborundum'),
('karburasi'),
('karburator'),
('karcis'),
('kardamunggu'),
('kardia'),
('kardiak'),
('kardigan'),
('kardil'),
('kardinal'),
('kardiograf'),
('kardiografi'),
('kardiogram'),
('kardiolog'),
('kardiologi'),
('kardiovaskular'),
('karditis'),
('kardus'),
('karel'),
('karembong'),
('karena'),
('karengga'),
('karet'),
('kargo'),
('kari'),
('karib'),
('karibu'),
('karier'),
('karies'),
('karih'),
('karikatur'),
('karikatural'),
('karikaturis'),
('karil'),
('karim'),
('karimah'),
('karina'),
('karinasi'),
('karisma'),
('karismatik'),
('karitas'),
('karitatif'),
('karkas'),
('Karkata'),
('karkun'),
('karma'),
('karmina'),
('karminatif'),
('karnaval'),
('karnivor'),
('karosel'),
('karoseri'),
('karotena'),
('karotenoid'),
('karotis'),
('karpai'),
('karpel'),
('karper'),
('karpet'),
('karpopodil'),
('karsa'),
('karsinogen'),
('karsinogenik'),
('karsinologi'),
('karsinoma'),
('karst'),
('karteker'),
('kartel'),
('karti'),
('kartika'),
('kartilago'),
('kartografi'),
('kartogram'),
('karton'),
('kartonase'),
('kartotek'),
('kartu'),
('kartumerah'),
('kartun'),
('kartunis'),
('karu'),
('karuhun'),
('karun'),
('karung'),
('karunia'),
('karunkel'),
('karusi'),
('karut'),
('karya'),
('karyah'),
('karyasiswa'),
('karyawan'),
('karyawati'),
('karyawisata'),
('kas'),
('kasa'),
('kasab'),
('kasabandiah'),
('kasad'),
('kasah'),
('kasai'),
('kasam'),
('kasang'),
('kasar'),
('kasasi'),
('kasatmata'),
('kasau'),
('kasdu'),
('kasein'),
('kasemat'),
('kasep'),
('kaserin'),
('kaserol'),
('kaset'),
('kasi'),
('kasid'),
('kasidah'),
('kasih'),
('kasihan'),
('kasiku'),
('kasim'),
('kasino'),
('kasintu'),
('kasip'),
('kasir'),
('kasiterit'),
('kaskade'),
('kaskaya'),
('kasmaran'),
('kasmir'),
('kasmutik'),
('kaspe'),
('kasrah'),
('kasregister'),
('kassia'),
('kasta'),
('kastal'),
('kastanyet'),
('kastel'),
('kasti'),
('kastrasi'),
('kastroli'),
('kasturi'),
('kasual'),
('kasualisme'),
('kasualitas'),
('kasuari'),
('kasuarina'),
('kasui'),
('kasuis'),
('kasuistik'),
('kasur'),
('kasus'),
('kasut'),
('kaswah'),
('kata'),
('katabolisme'),
('katadrom'),
('katafalk'),
('katafora'),
('katah'),
('katai'),
('katak'),
('kataka'),
('katakana'),
('kataklisme'),
('katakomba'),
('katalase'),
('katalepsi'),
('katalina'),
('katalis'),
('katalisasi'),
('katalisator'),
('katalisis'),
('katalisit'),
('katalog'),
('katalogisasi'),
('katamaran'),
('katapel'),
('katar'),
('katarak'),
('katarsis'),
('katartik'),
('katastrofe'),
('katatonia'),
('katawi'),
('kate'),
('katebelece'),
('katedral'),
('kategori'),
('kategorial'),
('kategoris'),
('kategorisasi'),
('katek'),
('katekese'),
('katekis'),
('katekisasi'),
('katekismus'),
('katekumen'),
('katel'),
('katelum'),
('kater'),
('katering'),
('kates'),
('kateter'),
('katetometer'),
('kati'),
('katib'),
('katibin'),
('katifah'),
('katifan'),
('katik'),
('katil'),
('katimaha'),
('katimumul'),
('kation'),
('katir'),
('katiti'),
('katode'),
('katok'),
('Katolik'),
('katrol'),
('katuk'),
('katul'),
('katun'),
('katung'),
('katup'),
('katut'),
('katvanga'),
('katwal'),
('kau'),
('kaukab'),
('kaukasoid'),
('kaukus'),
('kaul'),
('kauli'),
('kaum'),
('kaupui'),
('kaus'),
('kausa'),
('kausal'),
('kausalitas'),
('kausatif'),
('kaustik'),
('kaustiksoda'),
('kaut'),
('kavaleri'),
('kaveling'),
('kaver'),
('kaviar'),
('kawah'),
('kawak'),
('kawal'),
('kawan'),
('kawang'),
('kawanua'),
('kawasan'),
('kawat'),
('kawi'),
('kawih'),
('kawijayan'),
('kawin'),
('kawista'),
('kawuk'),
('kawula'),
('kawung'),
('kaya'),
('kayai'),
('kayak'),
('kayan'),
('kayang'),
('kayangan'),
('kayau'),
('kayu'),
('kayuh'),
('kayun'),
('ke'),
('kebab'),
('kebabal'),
('kebah'),
('kebaji'),
('kebal'),
('kebam'),
('kebas'),
('kebat'),
('kebaya'),
('kebayan'),
('kebel'),
('kebelet'),
('kebembem'),
('kebin'),
('kebiri'),
('keblangsak'),
('keblinger'),
('kebuk'),
('kebul'),
('kebuli'),
('kebun'),
('kebur'),
('kebut'),
('kebyar'),
('kecai'),
('kecak'),
('kecakpinggang'),
('kecalingan'),
('kecam'),
('kecambah'),
('kecamuk'),
('kecandan'),
('kecap'),
('kecapi'),
('kecar'),
('kece'),
('kecebong'),
('kecek'),
('kecele'),
('keceng'),
('kecepek'),
('kecer'),
('kecewa'),
('keci'),
('keciak'),
('kecibak'),
('kecibeling'),
('kecik'),
('kecil'),
('kecilhati'),
('kecimik'),
('kecimpring'),
('kecimpung'),
('kecimus'),
('kecipak'),
('kecipir'),
('kecipuk'),
('kecit'),
('keciut'),
('kecoak'),
('kecoh'),
('kecombrang'),
('kecong'),
('kecrek'),
('kecu'),
('kecuali'),
('kecubung'),
('kecumik'),
('kecup'),
('kecut'),
('kedabu'),
('kedadak'),
('kedah'),
('kedai'),
('kedal'),
('kedaluwarsa'),
('kedam'),
('kedang'),
('kedangkai'),
('kedangkan'),
('kedangsa'),
('kedap'),
('kedasih'),
('kedau'),
('kedaung'),
('kedayan'),
('kedebong'),
('kedek'),
('kedekai'),
('kedeki'),
('kedekut'),
('kedelai'),
('kedele'),
('kedemplung'),
('kedempung'),
('kedengkang'),
('keder'),
('kedera'),
('kederang'),
('kedewaga'),
('kedi'),
('kedidi'),
('kedik'),
('kedikit'),
('kedip'),
('kedok'),
('kedondong'),
('kedongkok'),
('kedot'),
('keduduk'),
('keduk'),
('kedul'),
('kedumung'),
('kedung'),
('kedut'),
('keferdom'),
('kehel'),
('keibodan'),
('kejai'),
('kejam'),
('kejamas'),
('kejan'),
('kejang'),
('kejap'),
('kejar'),
('kejat'),
('kejawen'),
('kejen'),
('kejer'),
('keji'),
('kejip'),
('Kejora'),
('keju'),
('kejuju'),
('kejur'),
('kejut'),
('kek'),
('kekah'),
('kekal'),
('kekam'),
('kekandi'),
('kekang'),
('kekapas'),
('kekar'),
('kekara'),
('kekas'),
('kekat'),
('kekau'),
('kekawin'),
('kekeba'),
('kekebik'),
('kekeh'),
('kekek'),
('kekel'),
('kekemben'),
('kekep'),
('keker'),
('keki'),
('kekitir'),
('kekok'),
('kekol'),
('kelab'),
('kelabak'),
('kelabang'),
('kelabat'),
('kelabau'),
('kelabu'),
('keladak'),
('keladan'),
('keladau'),
('keladi'),
('kelah'),
('kelahi'),
('kelai'),
('kelak'),
('kelakah'),
('kelakanji'),
('kelakar'),
('kelalang'),
('kelam'),
('kelambai'),
('kelambir'),
('kelambit'),
('kelambu'),
('kelambur'),
('kelamin'),
('kelamkari'),
('kelana'),
('kelang'),
('kelangkan'),
('kelangkang'),
('kelanjar'),
('kelantang'),
('kelapa'),
('kelar'),
('kelara'),
('kelarah'),
('kelarai'),
('kelaras'),
('kelari'),
('kelas'),
('kelasa'),
('kelasah'),
('kelasak'),
('kelasi'),
('kelat'),
('kelati'),
('kelawan'),
('kelayan'),
('kelayang'),
('kelayu'),
('kelder'),
('kelebat'),
('kelebek'),
('kelebet'),
('kelebu'),
('kelebuk'),
('kelebut'),
('keledai'),
('keledang'),
('keledar'),
('keledek'),
('kelejat'),
('kelek'),
('kelekap'),
('kelekatu'),
('kelelap'),
('kelelawar'),
('kelelesa'),
('kelelot'),
('kelemayar'),
('kelemayuh'),
('kelembahang'),
('kelembak'),
('kelemban'),
('kelembuai'),
('kelempai'),
('kelemping'),
('kelemur'),
('kelendara'),
('keleneng'),
('kelengar'),
('kelenggara'),
('kelengkeng'),
('kelengkiak'),
('kelening'),
('kelenjar'),
('kelentang'),
('kelenteng'),
('kelentik'),
('kelenting'),
('kelentit'),
('kelentong'),
('kelentung'),
('kelenung'),
('kelenyit'),
('kelep'),
('kelepai'),
('kelepak'),
('kelepat'),
('kelepek'),
('kelepet'),
('kelepik'),
('kelepir'),
('kelepit'),
('kelepuk'),
('kelepur'),
('keler'),
('kelereng'),
('kelesa'),
('kelesah'),
('kelesehpeseh'),
('kelesek'),
('kelesot'),
('keletah'),
('keletak'),
('keletang'),
('keletik'),
('keletuk'),
('keletung'),
('kelewang'),
('keli'),
('kelian'),
('keliar'),
('kelibang'),
('kelibat'),
('kelicap'),
('kelici'),
('kelih'),
('kelijak'),
('kelik'),
('kelika'),
('kelikat'),
('keliki'),
('kelikih'),
('kelikik'),
('kelikir'),
('keliling'),
('kelilip'),
('kelim'),
('kelimpanan'),
('kelimpungan'),
('kelimun'),
('kelimut'),
('kelinci'),
('kelincir'),
('kelindan'),
('kelingking'),
('kelingsir'),
('kelining'),
('kelinjat'),
('kelintang'),
('kelintar'),
('kelinting'),
('kelip'),
('kelipat'),
('kelir'),
('keliru'),
('kelis'),
('kelisera'),
('kelit'),
('keliti'),
('kelitik'),
('keliwon'),
('kelobot'),
('kelobotisme'),
('kelocak'),
('keloceh'),
('kelodan'),
('keloelektrovolt'),
('keloid'),
('kelojot'),
('kelok'),
('kelokak'),
('kelola'),
('kelolong'),
('kelom'),
('kelombeng'),
('kelompang'),
('kelompen'),
('kelompok'),
('kelon'),
('keloneng'),
('kelonet'),
('kelong'),
('kelongkong'),
('kelongsong'),
('kelontang'),
('kelontong'),
('kelonyo'),
('kelop'),
('kelopak'),
('kelor'),
('kelorak'),
('kelos'),
('kelosok'),
('kelotok'),
('keloyak'),
('keloyang'),
('keloyor'),
('kelp'),
('kelu'),
('kelua'),
('keluai'),
('keluak'),
('keluan'),
('keluang'),
('keluangsa'),
('keluar'),
('keluarga'),
('kelubak'),
('kelubi'),
('keluburan'),
('keluh'),
('kelui'),
('keluih'),
('keluk'),
('kelukup'),
('kelukur'),
('keluli'),
('kelulu'),
('kelulus'),
('kelulut'),
('kelumit'),
('kelumpang'),
('kelumun'),
('kelun'),
('keluna'),
('kelunak'),
('kelung'),
('kelupas'),
('kelupur'),
('keluron'),
('kelurut'),
('kelus'),
('kelut'),
('kelutum'),
('keluwung'),
('keluyuk'),
('keluyur'),
('kemah'),
('kemal'),
('kemala'),
('kemam'),
('kemamang'),
('kemang'),
('kemangi'),
('kemarau'),
('kemari'),
('kemarin'),
('kemaruk'),
('kemas'),
('kemat'),
('kematu'),
('kematus'),
('kemayu'),
('kembal'),
('kembali'),
('kemban'),
('kembang'),
('kembangbiak'),
('kembar'),
('kembatu'),
('kembayat'),
('kembeng'),
('kembera'),
('kembili'),
('kemboja'),
('kembol'),
('kembu'),
('kembuk'),
('kembung'),
('kembur'),
('kembut'),
('kemeja'),
('kemejan'),
('kemekmek'),
('kemelut'),
('kemenakan'),
('kemendalam'),
('kemendang'),
('kemendur'),
('kementam'),
('kemenyan'),
('kemerakan'),
('kemesu'),
('kemi'),
('kemih'),
('kemik'),
('kemilap'),
('kemiluminesens'),
('kemiri'),
('kemit'),
('kemlaka'),
('kemlandingan'),
('kemoceng'),
('kemokinesis'),
('kemon'),
('kemopsikiatri'),
('kemoterapi'),
('kempa'),
('kempal'),
('kempang'),
('kempas'),
('kempek'),
('kempes'),
('kempetai'),
('kempis'),
('kempit'),
('kemplang'),
('kempot'),
('kempu'),
('kempuh'),
('kempul'),
('kempunan'),
('kempung'),
('kemput'),
('kempyang'),
('kemu'),
('kemudi'),
('kemudian'),
('kemukus'),
('kemul'),
('kemumu'),
('kemuncup'),
('kemung'),
('kemungkus'),
('kemuning'),
('kemunting'),
('kemurgi'),
('kemut'),
('kemutul'),
('ken'),
('kena'),
('kenaf'),
('kenal'),
('kenan'),
('kenang'),
('kenanga'),
('kenap'),
('kenapa'),
('kenapang'),
('kenari'),
('kenas'),
('kencan'),
('kencana'),
('kencang'),
('kencar'),
('kenceng'),
('kencing'),
('kencit'),
('kencong'),
('kencreng'),
('kencung'),
('kencur'),
('kendaga'),
('kendal'),
('kendala'),
('kendali'),
('kendana'),
('kendang'),
('kendara'),
('kendati'),
('kendayakan'),
('kendeka'),
('kenderi'),
('kendi'),
('kendil'),
('kendit'),
('kendo'),
('kendong'),
('kenduduk'),
('kendung'),
('kendur'),
('kenduri'),
('kenek'),
('keneker'),
('kenem'),
('kenematik'),
('kenes'),
('keng'),
('kengkang'),
('kengkeng'),
('kenidai'),
('kenikir'),
('kening'),
('kenohong'),
('kenong'),
('kenop'),
('kensel'),
('kental'),
('kentang'),
('kentar'),
('kentara'),
('kenteng'),
('kentrung'),
('kentung'),
('kentut'),
('kenur'),
('kenya'),
('kenyal'),
('kenyam'),
('kenyang'),
('kenyat'),
('kenyi'),
('kenyih'),
('kenyir'),
('kenyit'),
('kenyut'),
('keok'),
('keong'),
('kep'),
('kepada'),
('kepah'),
('kepai'),
('kepak'),
('kepal'),
('kepala'),
('kepalang'),
('kepam'),
('kepang'),
('kepar'),
('keparat'),
('kepayang'),
('kepecong'),
('kepek'),
('kepel'),
('kepencong'),
('kepeng'),
('keper'),
('keperancak'),
('kepet'),
('kepetang'),
('kepialu'),
('kepiat'),
('kepik'),
('kepil'),
('kepincut'),
('kepinding'),
('keping'),
('kepingin'),
('kepinis'),
('kepinjal'),
('kepiri'),
('kepis'),
('kepit'),
('kepiting'),
('keplak'),
('kepleset'),
('keplok'),
('kepodang'),
('kepoh'),
('kepol'),
('keponakan'),
('kepot'),
('keprak'),
('keprek'),
('kepret'),
('kepris'),
('kepruk'),
('kepuh'),
('kepuk'),
('kepul'),
('kepulaga'),
('kepundan'),
('kepundung'),
('kepung'),
('kepurun'),
('keputren'),
('kepuyuk'),
('kera'),
('kerabang'),
('kerabat'),
('kerabik'),
('kerabu'),
('keracak'),
('keracap'),
('keraeng'),
('kerah'),
('kerahi'),
('kerai'),
('kerajang'),
('kerajat'),
('kerak'),
('kerakah'),
('kerakal'),
('kerakap'),
('kerakeling'),
('keram'),
('kerama'),
('keraman'),
('keramas'),
('keramat'),
('keramba'),
('kerambil'),
('kerambit'),
('keramboja'),
('keramik'),
('keramikus'),
('kerampagi'),
('kerampang'),
('keramunting'),
('keran'),
('kerancang'),
('keranda'),
('kerang'),
('kerangas'),
('kerangkai'),
('kerangkeng'),
('kerani'),
('keranjang'),
('keranjat'),
('keranji'),
('keranta'),
('kerantong'),
('kerap'),
('kerapu'),
('keras'),
('kerasan'),
('kerat'),
('keratabasa'),
('keratin'),
('keratitis'),
('keratoelastin'),
('keraton'),
('kerau'),
('kerawai'),
('kerawak'),
('kerawang'),
('kerawat'),
('kerawit'),
('kerbang'),
('kerbat'),
('kerbau'),
('kerbuk'),
('kercing'),
('kercit'),
('kercut'),
('kerdak'),
('kerdam'),
('kerdil'),
('kerdom'),
('kere'),
('kerebok'),
('kereceng'),
('kerecik'),
('keredak'),
('keredep'),
('keredok'),
('keredong'),
('kerek'),
('kereket'),
('kerekot'),
('kerekut'),
('keremi'),
('keremot'),
('kerempeng'),
('kerempung'),
('keremus'),
('keren'),
('kerencang'),
('kerencung'),
('kerendang'),
('kereneng'),
('kereng'),
('kerengga'),
('kerengkam'),
('kerentam'),
('kerentang'),
('kerenting'),
('kerenyam'),
('kerenyot'),
('kerepek'),
('kerepes'),
('kerepot'),
('kerepyak'),
('keresek'),
('kereseng'),
('keresepese'),
('keresot'),
('kereta'),
('keretaapi'),
('keretan'),
('keretek'),
('keretot'),
('keretut'),
('kereweng'),
('keri'),
('keriap'),
('kerias'),
('keriau'),
('kerical'),
('kericau'),
('keridas'),
('keridik'),
('kerih'),
('kerikal'),
('kerikam'),
('kerikil'),
('kerikit'),
('kerimut'),
('kerinan'),
('kerincing'),
('kerinding'),
('kering'),
('keringat'),
('keriningan'),
('kerinjal'),
('kerinjang'),
('kerinjing'),
('kerintil'),
('kerinting'),
('kerip'),
('keripik'),
('keriput'),
('keris'),
('kerisi'),
('kerisik'),
('kerising'),
('kerisut'),
('kerit'),
('keritik'),
('keriting'),
('keriuk'),
('keriut'),
('kerja'),
('kerjang'),
('kerjantara'),
('kerjap'),
('kerkah'),
('kerkak'),
('kerkap'),
('kerkau'),
('kerkop'),
('kerkup'),
('kerlap'),
('kerling'),
('kerlip'),
('kermak'),
('kermanici'),
('kermi'),
('kernai'),
('kerneli'),
('kernet'),
('kernu'),
('kernyau'),
('kernyih'),
('kernying'),
('kernyit'),
('kernyut'),
('kero'),
('kerobak'),
('kerobat'),
('kerobek'),
('keroco'),
('kerocok'),
('kerogen'),
('keroh'),
('kerok'),
('kerokot'),
('keromong'),
('keron'),
('keroncang'),
('keroncong'),
('keroncor'),
('kerong'),
('kerongkerang'),
('kerongsang'),
('kerontang'),
('kerop'),
('keropak'),
('keropeng'),
('keropok'),
('keropos'),
('kerosak'),
('kerosek'),
('kerosi'),
('kerosin'),
('kerosok'),
('kerosong'),
('kerot'),
('kerotak'),
('kerotot'),
('keroyok'),
('kerpai'),
('kerpak'),
('kerpas'),
('kerpubesi'),
('kerpuk'),
('kerpus'),
('kers'),
('kersai'),
('kersak'),
('kersang'),
('kersani'),
('kersen'),
('kersik'),
('kersuk'),
('kertaaji'),
('kertah'),
('kertak'),
('kertang'),
('kertap'),
('kertas'),
('kertau'),
('kertuk'),
('kertus'),
('keruan'),
('kerubin'),
('kerubung'),
('kerubut'),
('kerucil'),
('kerucut'),
('kerudung'),
('keruh'),
('keruhbumi'),
('keruit'),
('keruk'),
('kerukut'),
('kerul'),
('keruma'),
('kerumit'),
('kerumuk'),
('kerumun'),
('kerumus'),
('kerun'),
('kerung'),
('kerunkel'),
('kerunting'),
('keruntung'),
('kerunyut'),
('kerup'),
('kerupuk'),
('kerut'),
('kerutak'),
('kerutup'),
('keruyuk'),
('kes'),
('kesah'),
('kesak'),
('kesal'),
('kesam'),
('kesambet'),
('kesambi'),
('kesan'),
('kesang'),
('kesat'),
('kesatria'),
('kesek'),
('kesel'),
('keseleo'),
('kesemek'),
('keseran'),
('keseser'),
('keset'),
('kesi'),
('kesiap'),
('kesik'),
('kesima'),
('kesimbukan'),
('kesip'),
('kesiur'),
('keskul'),
('kesomplok'),
('kesongo'),
('kesot'),
('kesrakat'),
('kesting'),
('kesturi'),
('kesuma'),
('kesumat'),
('kesumba'),
('kesup'),
('kesusu'),
('kesut'),
('keta'),
('ketaban'),
('ketai'),
('ketak'),
('ketakong'),
('ketal'),
('ketam'),
('ketambak'),
('ketampi'),
('ketan'),
('ketang'),
('ketap'),
('ketapak'),
('ketapang'),
('ketapek'),
('ketar'),
('ketarap'),
('ketat'),
('ketaton'),
('ketaya'),
('ketayap'),
('ketegar'),
('ketek'),
('ketel'),
('ketela'),
('ketemu'),
('ketena'),
('keteng'),
('ketepel'),
('ketepeng'),
('keter'),
('ketes'),
('keteter'),
('ketgat'),
('keti'),
('ketiak'),
('ketial'),
('ketiap'),
('ketiau'),
('ketiban'),
('ketiding'),
('ketik'),
('ketika'),
('ketil'),
('ketilang'),
('ketimbis'),
('ketimbul'),
('keting'),
('ketinjau'),
('ketinting'),
('ketip'),
('ketiplak'),
('ketipung'),
('ketirah'),
('ketis'),
('ketitir'),
('ketogenesis'),
('ketok'),
('ketola'),
('ketombe'),
('ketonemia'),
('ketonggeng'),
('ketonuria'),
('ketopong'),
('ketoprak'),
('ketosa'),
('ketrek'),
('ketu'),
('ketua'),
('ketuat'),
('ketuban'),
('ketuir'),
('ketuk'),
('ketul'),
('ketumbar'),
('ketumbi'),
('ketumbit'),
('ketumbu'),
('ketumpang'),
('ketun'),
('ketungging'),
('ketup'),
('ketupa'),
('ketupat'),
('ketupuk'),
('ketur'),
('ketus'),
('keweni'),
('kewer'),
('kewes'),
('kewuh'),
('kha'),
('khabis'),
('khadam'),
('khadim'),
('khafi'),
('khair'),
('khairat'),
('khalas'),
('khalayak'),
('khali'),
('khalifah'),
('khalifatullah'),
('khalik'),
('khalikah'),
('khalikulalam'),
('khalikulbahri'),
('khalil'),
('khalilullah'),
('khalis'),
('khalwat'),
('khamar'),
('khamir'),
('khamsin'),
('khamzab'),
('khanjar'),
('kharab'),
('khas'),
('khasi'),
('khasiat'),
('khat'),
('khatam'),
('khatib'),
('khatifah'),
('khatimah'),
('khatulistiwa'),
('khauf'),
('khawas'),
('khawasulkhawas'),
('khawatir'),
('khayal'),
('khayali'),
('khazanah'),
('khi'),
('khianat'),
('khiar'),
('khidaah'),
('khidmah'),
('khidmat'),
('khilaf'),
('khilafiah'),
('khinzir'),
('khisit'),
('khitah'),
('khitan'),
('khitbah'),
('khizanatulkitab'),
('khoja'),
('khojah'),
('khotbah'),
('khuduk'),
('khulafa'),
('khuldi'),
('khuluk'),
('khunsa'),
('khurafat'),
('khusuf'),
('khusus'),
('khusyuk'),
('kia'),
('kiah'),
('kiai'),
('kiak'),
('kial'),
('kiam'),
('kiamat'),
('kiambang'),
('kian'),
('kiani'),
('kiap'),
('kiar'),
('kiara'),
('kias'),
('kiasi'),
('kiasmus'),
('kiat'),
('kiaupau'),
('kibar'),
('kibas'),
('kibernetika'),
('kibir'),
('kiblat'),
('kiblik'),
('kibriah'),
('kibul'),
('kicau'),
('kici'),
('kicik'),
('kicu'),
('kicuh'),
('kicut'),
('kidal'),
('kidam'),
('kidang'),
('kidar'),
('kidul'),
('kidung'),
('kifayah'),
('kifoskaliosis'),
('kihanat'),
('kijai'),
('kijang'),
('kijil'),
('kijing'),
('kik'),
('kikih'),
('kikik'),
('kikil'),
('kikir'),
('kikis'),
('kikitir'),
('kikuk'),
('kikus'),
('kila'),
('kilah'),
('kilai'),
('kilan'),
('kilang'),
('kilap'),
('kilar'),
('kilas'),
('kilat'),
('kilau'),
('kili'),
('kilik'),
('kilir'),
('kiln'),
('kilo'),
('kilogram'),
('kilohertz'),
('kilokalori'),
('kiloliter'),
('kilometer'),
('kiloton'),
('kilovolt'),
('kilowatt'),
('kilowattjam'),
('kilus'),
('kim'),
('kima'),
('kimah'),
('kimantu'),
('kimbah'),
('kimbang'),
('kimbul'),
('kimia'),
('kimiawi'),
('kimkha'),
('kimlo'),
('kimo'),
('kimograf'),
('kimono'),
('kimpal'),
('kimpul'),
('kimpus'),
('kimput'),
('kimus'),
('kina'),
('kinang'),
('kinantan'),
('kinanti'),
('kinasa'),
('kinasih'),
('kinca'),
('kincah'),
('kincak'),
('kincang'),
('kincau'),
('kincir'),
('kincit'),
('kincung'),
('kincup'),
('kindap'),
('kinematika'),
('kinematograf'),
('kinerja'),
('kinesika'),
('kinesimeter'),
('kineskop'),
('kinestesia'),
('kinestesiometer'),
('kinestesis'),
('kinetik'),
('kinetika'),
('kinetokardiografi'),
('kingking'),
('kingkong'),
('kini'),
('kinine'),
('kinja'),
('kinjat'),
('kinred'),
('kintaka'),
('kintal'),
('kinte'),
('kintil'),
('kinyang'),
('kio'),
('kios'),
('kipa'),
('kipai'),
('kipang'),
('kipas'),
('kiper'),
('kiprah'),
('kiprat'),
('kipsiau'),
('kipu'),
('kir'),
('kira'),
('kirab'),
('kirai'),
('kiramat'),
('kiran'),
('kirana'),
('kirap'),
('kiras'),
('kirau'),
('kirbat'),
('kiri'),
('kirik'),
('kirim'),
('kirinyu'),
('kirip'),
('kiris'),
('kiritamakuta'),
('kirmizi'),
('kiru'),
('kiruh'),
('kirung'),
('kisa'),
('kisah'),
('kisai'),
('kisar'),
('kisas'),
('kisat'),
('kisi'),
('kisik'),
('kismat'),
('kismis'),
('kisruh'),
('kista'),
('kisut'),
('kiswah'),
('kit'),
('kita'),
('kitab'),
('kitabulah'),
('kitang'),
('kitar'),
('kitik'),
('kitin'),
('kiting'),
('kitir'),
('kitorang'),
('kitri'),
('kits'),
('kiu'),
('kiuk'),
('kiwari'),
('kiwi'),
('kizib'),
('klaim'),
('klakklik'),
('klakson'),
('klamidospora'),
('klan'),
('klandestin'),
('klangenan'),
('klante'),
('klarifikasi'),
('klarinet'),
('klasemen'),
('klasifikasi'),
('klasik'),
('klasikal'),
('klasis'),
('klasisisme'),
('klausa'),
('klaustrofobia'),
('klaustrum'),
('klausul'),
('klaver'),
('klavikor'),
('klavikula'),
('klaviola'),
('kleder'),
('kleidotomi'),
('kleistogami'),
('klem'),
('klemensi'),
('klen'),
('klenengan'),
('klengkeng'),
('klenik'),
('klenteng'),
('klep'),
('klepon'),
('klepsidra'),
('kleptofobi'),
('kleptoman'),
('kleptomania'),
('kleptomaniak'),
('klerek'),
('klerikal'),
('klerikus'),
('klerus'),
('klien'),
('klik'),
('kliker'),
('klimaks'),
('klimakterium'),
('klimatografi'),
('klimatolog'),
('klimatologi'),
('klimis'),
('klimograf'),
('klimosekuen'),
('klimoskop'),
('klin'),
('klinik'),
('klinis'),
('klinisi'),
('klinometer'),
('klip'),
('klir'),
('kliring'),
('klise'),
('klistron'),
('klitelum'),
('klitik'),
('klitoris'),
('Kliwon'),
('kliyengan'),
('kloaka'),
('klona'),
('kloning'),
('klonograf'),
('klonus'),
('klop'),
('kloral'),
('kloramina'),
('klorat'),
('klorida'),
('kloridimeter'),
('klorin'),
('klorinasi'),
('klorit'),
('klorobenzena'),
('klorofil'),
('kloroform'),
('kloroformat'),
('klorokuin'),
('klorolignin'),
('kloroplas'),
('kloroprena'),
('klorosis'),
('kloset'),
('klub'),
('klusium'),
('knalpot'),
('knop'),
('knot'),
('koa'),
('koagel'),
('koagregasi'),
('koagulan'),
('koagulasi'),
('koak'),
('koaksi'),
('koaksial'),
('koala'),
('koalisi'),
('koana'),
('koar'),
('kobah'),
('kobak'),
('kobalamin'),
('kobalt'),
('kobar'),
('kober'),
('koboi'),
('koboisme'),
('kobok'),
('kobol'),
('kobra'),
('kocak'),
('kocek'),
('koci'),
('kocilembik'),
('kocoh'),
('kocok'),
('kocolan'),
('kocong'),
('kocor'),
('koda'),
('kodak'),
('kode'),
('kodein'),
('kodeks'),
('kodi'),
('kodifikasi'),
('kodok'),
('kodominan'),
('kodrat'),
('kodrati'),
('koe'),
('koedukasi'),
('koefisien'),
('koeksistensi'),
('koenzim'),
('koersi'),
('koersif'),
('kofaktor'),
('kofein'),
('kofermen'),
('kognat'),
('kognatif'),
('kognisi'),
('kognitif'),
('koh'),
('kohabitasi'),
('koheren'),
('koherensi'),
('kohesi'),
('kohesif'),
('kohir'),
('kohlea'),
('kohol'),
('kohong'),
('kohor'),
('koil'),
('koin'),
('koinsiden'),
('koinsidensi'),
('koipuk'),
('koit'),
('koitus'),
('koja'),
('kojang'),
('kojoh'),
('kojol'),
('kojor'),
('kok'),
('koka'),
('kokah'),
('kokaina'),
('kokainisasi'),
('kokainisme'),
('kokang'),
('kokarde'),
('kokas'),
('koki'),
('kokila'),
('koklea'),
('kokoa'),
('kokok'),
('kokokbeluk'),
('kokol'),
('kokon'),
('kokosan'),
('kokot'),
('kokpit'),
('koksa'),
('koktail'),
('kokurikuler'),
('kokus'),
('kol'),
('kola'),
('kolaborasi'),
('kolaborator'),
('kolagen'),
('kolak'),
('kolam'),
('kolaps'),
('kolaret'),
('kolase'),
('kolateral'),
('kolator'),
('kolega'),
('kolegial'),
('kolegialitas'),
('kolek'),
('koleksi'),
('kolekte'),
('kolektif'),
('kolektivis'),
('kolektivisasi'),
('kolektivisme'),
('kolektivitas'),
('kolektor'),
('kolembeng'),
('kolemia'),
('koleng'),
('koleoptil'),
('kolera'),
('kolese'),
('kolesom'),
('kolesterin'),
('kolesterol'),
('koli'),
('kolibri'),
('koligasi'),
('kolik'),
('kolimasi'),
('kolina'),
('kolintang'),
('koliseng'),
('kolitis'),
('kolkhoz'),
('kolodion'),
('kolofon'),
('kologen'),
('koloid'),
('koloidal'),
('kolokasi'),
('kolokium'),
('kolom'),
('kolomben'),
('kolon'),
('kolone'),
('kolonel'),
('kolong'),
('koloni'),
('kolonial'),
('kolonialis'),
('kolonialisme'),
('kolonis'),
('kolonisasi'),
('kolonoskop'),
('kolonye'),
('kolor'),
('kolorimeter'),
('kolorimetri'),
('kolosal'),
('kolosom'),
('kolostomi'),
('kolostrum'),
('kolot'),
('kolportir'),
('kolt'),
('kolum'),
('kolumela'),
('kolumnis'),
('kolumnus'),
('kolusi'),
('koluvium'),
('kom'),
('koma'),
('komaliwan'),
('koman'),
('komandan'),
('komandemen'),
('komanditer'),
('komando'),
('komaran'),
('kombat'),
('kombinasi'),
('kombo'),
('kombor'),
('kombusio'),
('komedi'),
('komedian'),
('komendur'),
('komeng'),
('komensal'),
('komensalisme'),
('komentar'),
('komentator'),
('komersial'),
('komersialisasi'),
('komet'),
('komfortabel'),
('komidi'),
('komik'),
('komikal'),
('komikus'),
('kominusi'),
('komis'),
('komisar'),
('komisariat'),
('komisaris'),
('komisi'),
('komisioner'),
('komisura'),
('komit'),
('komite'),
('komitmen'),
('komoditas'),
('komodo'),
('komodor'),
('kompak'),
('kompanyon'),
('komparasi'),
('komparatif'),
('komparator'),
('kompartemen'),
('kompas'),
('kompatibel'),
('kompatibilitas'),
('kompatriot'),
('kompendium'),
('kompeni'),
('kompensasi'),
('kompes'),
('kompeten'),
('kompetensi'),
('kompetisi'),
('kompetitif'),
('kompetitor'),
('kompi'),
('kompilasi'),
('kompilator'),
('komplain'),
('kompleks'),
('kompleksitas'),
('komplemen'),
('komplementer'),
('komplet'),
('komplikasi'),
('komplikatif'),
('komplimen'),
('komplot'),
('kompon'),
('komponen'),
('kompong'),
('komponis'),
('kompor'),
('kompos'),
('komposer'),
('komposisi'),
('komposit'),
('kompositum'),
('komprador'),
('komprang'),
('komprehensif'),
('kompres'),
('kompresi'),
('kompresor'),
('kompromi'),
('kompromistis'),
('kompulsi'),
('kompulsif'),
('komputer'),
('komputerisasi'),
('komtabilitas'),
('komunal'),
('komunalisme'),
('komunalistik'),
('komune'),
('komuni'),
('komunikabilitas'),
('komunikan'),
('komunikasi'),
('komunikatif'),
('komunikator'),
('komunike'),
('komunis'),
('komunisme'),
('komunistis'),
('komunistofobia'),
('komunitas'),
('komutator'),
('komuter'),
('konan'),
('konco'),
('koncoisme'),
('kondang'),
('kondangan'),
('konde'),
('kondektur'),
('kondensasi'),
('kondensat'),
('kondensator'),
('kondensor'),
('kondilus'),
('kondisi'),
('kondom'),
('kondominium'),
('kondomisasi'),
('kondor'),
('kondrin'),
('kondroblas'),
('konduite'),
('konduksi'),
('konduktans'),
('konduktimeter'),
('konduktivitas'),
('konduktor'),
('kondusif'),
('koneksi'),
('koneksitas'),
('konektor'),
('konfederasi'),
('konfeksi'),
('konferensi'),
('konfesi'),
('konfigurasi'),
('konfiks'),
('konfirmasi'),
('konflik'),
('konform'),
('konformitas'),
('konfrontasi'),
('konfrontatif'),
('kongenital'),
('kongesti'),
('kongkalikong'),
('kongko'),
('kongkoan'),
('kongkong'),
('kongkret'),
('konglomerasi'),
('konglomerat'),
('kongregasi'),
('kongres'),
('kongresis'),
('kongsi'),
('konifera'),
('konis'),
('konjugan'),
('konjugasi'),
('konjungsi'),
('konjungter'),
('konjungtif'),
('konjungtiva'),
('konjungtivitis'),
('konjungtor'),
('konjungtur'),
('konkaf'),
('konklaf'),
('konklusi'),
('konklusif'),
('konkologi'),
('konkomitan'),
('konkordansi'),
('konkordat'),
('konkresi'),
('konkret'),
('konkretisasi'),
('konkuisnador'),
('konkuren'),
('konkurensi'),
('konkurs'),
('konoid'),
('konon'),
('konosemen'),
('konotasi'),
('konotatif'),
('konperensi'),
('konsekrasi'),
('konsekuen'),
('konsekuensi'),
('konsekutif'),
('konseli'),
('konseling'),
('konselor'),
('konsensus'),
('konsentrasi'),
('konsentrat'),
('konsentrik'),
('konsentris'),
('konsep'),
('konsepsi'),
('konsepsional'),
('konseptor'),
('konseptual'),
('konseptualisasi'),
('konser'),
('konsertina'),
('konserto'),
('konservasi'),
('konservasionis'),
('konservatif'),
('konservatisme'),
('konservator'),
('konservatori'),
('konservatorium'),
('konsesi'),
('konsesif'),
('konsesional'),
('konsiderans'),
('konsiderasi'),
('konsili'),
('konsiliasi'),
('konsinyasi'),
('konsisten'),
('konsistensi'),
('konsistori'),
('konsol'),
('konsolasi'),
('konsolidasi'),
('konsonan'),
('konsonansi'),
('konsonantal'),
('konsorsium'),
('konspirasi'),
('konspiratif'),
('konspirator'),
('konstabel'),
('konstan'),
('konstanta'),
('konstantagravitasi'),
('konstatasi'),
('konstatatif'),
('konstatir'),
('konstelasi'),
('konstipasi'),
('konstituante'),
('konstituen'),
('konstitusi'),
('konstitusional'),
('konstitusionalisme'),
('konstriksi'),
('konstriktor'),
('konstruksi'),
('konstruktif'),
('konstruktivisme'),
('konsul'),
('konsulat'),
('konsulen'),
('konsuler'),
('konsultan'),
('konsultasi'),
('konsumen'),
('konsumer'),
('konsumerisme'),
('konsumsi'),
('konsumtif'),
('kontak'),
('kontaminasi'),
('kontan'),
('konte'),
('konteks'),
('kontekstual'),
('kontekstualisme'),
('kontemplasi'),
('kontemplatif'),
('kontemporer'),
('konten'),
('konter'),
('kontes'),
('kontestan'),
('kontet'),
('kontiguitas'),
('kontinen'),
('kontinental'),
('kontingen'),
('kontinu'),
('kontinuitas'),
('kontinum'),
('kontoid'),
('kontol'),
('kontra'),
('kontrabande'),
('kontrabas'),
('kontradiksi'),
('kontradiktif'),
('kontraindikasi'),
('kontrak'),
('kontraksi'),
('kontraktor'),
('kontraktual'),
('kontraproduktif'),
('kontras'),
('kontrasepsi'),
('kontraseptif'),
('kontravensi'),
('kontribusi'),
('kontributor'),
('kontrol'),
('kontrolir'),
('kontroversi'),
('kontroversial'),
('kontur'),
('konus'),
('konveks'),
('konveksi'),
('konvektif'),
('konvensi'),
('konvensional'),
('konvergen'),
('konvergensi'),
('konversasi'),
('konversi'),
('konveyor'),
('konvoi'),
('konvolusi'),
('konvulsan'),
('konvulsi'),
('konyak'),
('konyal'),
('konyan'),
('konyol'),
('kooperasi'),
('kooperatif'),
('kooperativisme'),
('kooperator'),
('kooptasi'),
('koordinasi'),
('koordinat'),
('koordinatif'),
('koordinator'),
('kop'),
('kopah'),
('kopaiba'),
('kopak'),
('kopal'),
('kopbal'),
('kopek'),
('kopel'),
('kopelrim'),
('koper'),
('koperasi'),
('kopet'),
('kopi'),
('kopiah'),
('kopilot'),
('kopling'),
('koplo'),
('kopok'),
('kopolimer'),
('kopong'),
('kopra'),
('koprafagia'),
('koprak'),
('kopral'),
('koprok'),
('koprol'),
('koprolit'),
('kopula'),
('kopulasi'),
('kopulatif'),
('kopyok'),
('kopyor'),
('kor'),
('koral'),
('koralit'),
('koran'),
('korano'),
('korban'),
('korden'),
('kordial'),
('kordit'),
('kordon'),
('korduroi'),
('kored'),
('koreferensialitas'),
('korek'),
('koreke'),
('koreksi'),
('korektif'),
('korektor'),
('korelasi'),
('korelatif'),
('korenah'),
('koreng'),
('koreograf'),
('koreografer'),
('koreografi'),
('koreografis'),
('kores'),
('koresponden'),
('korespondensi'),
('koret'),
('koridor'),
('korion'),
('kornea'),
('kornel'),
('korner'),
('kornet'),
('koroh'),
('koroid'),
('korok'),
('korologi'),
('korona'),
('koronal'),
('koroner'),
('korong'),
('korosi'),
('korosif'),
('korporasi'),
('korporat'),
('korporatif'),
('korporatisme'),
('korps'),
('korpulensi'),
('korpus'),
('korsase'),
('korsel'),
('korselet'),
('korset'),
('korsleting'),
('korteks'),
('kortikulus'),
('korting'),
('kortison'),
('korugator'),
('korundum'),
('korup'),
('korupsi'),
('koruptif'),
('koruptor'),
('korve'),
('korvet'),
('kosakata'),
('kosar'),
('kosbas'),
('kosek'),
('kosekan'),
('kosel'),
('kosen'),
('koset'),
('kosinus'),
('kosmetik'),
('kosmetolog'),
('kosmetologi'),
('kosmetologis'),
('kosmis'),
('kosmogoni'),
('kosmografi'),
('kosmologi'),
('kosmologis'),
('kosmonaut'),
('kosmopolit'),
('kosmopolitan'),
('kosmopolitanisme'),
('kosmos'),
('kosmotron'),
('kosokbali'),
('kosong'),
('kostum'),
('kota'),
('kotah'),
('kotai'),
('kotak'),
('kotakkatik'),
('kotaklema'),
('kotamara'),
('kotek'),
('koteka'),
('koteks'),
('koteng'),
('koterek'),
('kotes'),
('kotiledon'),
('kotipa'),
('kotok'),
('kotong'),
('kotor'),
('kotrek'),
('kovalensi'),
('kover'),
('kowan'),
('kowek'),
('koyak'),
('koyam'),
('koyan'),
('koyok'),
('kram'),
('kranapaksa'),
('krangeyan'),
('kraniologi'),
('kraniometri'),
('kraniotomi'),
('kranium'),
('krans'),
('krasis'),
('krayon'),
('kreasi'),
('kreatif'),
('kreativitas'),
('kreator'),
('krebo'),
('krecek'),
('kredibilitas'),
('kredit'),
('kreditabel');
INSERT INTO `katadasar` (`kata`) VALUES
('kreditor'),
('kredo'),
('krem'),
('kremasi'),
('krematori'),
('krematorium'),
('kreol'),
('kreolin'),
('kreolisasi'),
('kreosol'),
('kresendo'),
('kresol'),
('kretin'),
('kribo'),
('kricak'),
('krida'),
('krifoli'),
('krim'),
('kriminal'),
('kriminalis'),
('kriminalisasi'),
('kriminalitas'),
('kriminolog'),
('kriminologi'),
('kriminologis'),
('kring'),
('krio'),
('kriofil'),
('kriofit'),
('kriogen'),
('kriogenika'),
('krioterapi'),
('kripta'),
('kriptogam'),
('kriptografi'),
('kriptogram'),
('kriptol'),
('kripton'),
('krisan'),
('krisantemum'),
('krisis'),
('krisma'),
('krisoberil'),
('krisofil'),
('krisolit'),
('krisopras'),
('krista'),
('kristal'),
('kristalisasi'),
('kristalografi'),
('kristaloid'),
('kristalosa'),
('Kristen'),
('kristiani'),
('Kristus'),
('kriteria'),
('kriterium'),
('kritik'),
('kritikus'),
('kritis'),
('kritisi'),
('kriya'),
('krobongan'),
('kroco'),
('kroket'),
('krol'),
('kromat'),
('kromatid'),
('kromatika'),
('kromatin'),
('kromatis'),
('kromatofor'),
('kromatografi'),
('kromit'),
('kromium'),
('kromo'),
('kromofil'),
('kromofob'),
('kromogen'),
('kromong'),
('kromosfer'),
('kromosom'),
('kromotropi'),
('kronem'),
('kroni'),
('kronik'),
('kroniometri'),
('kronis'),
('kronisme'),
('kronobiologi'),
('kronogram'),
('kronologi'),
('kronologis'),
('kronometer'),
('kronosekuen'),
('kronoskop'),
('krosboi'),
('kroto'),
('kru'),
('kruistik'),
('kruk'),
('krukat'),
('krusial'),
('krustasea'),
('ksi'),
('ku'),
('kuaci'),
('kuadran'),
('kuadrat'),
('kuadratika'),
('kuadratur'),
('kuadratus'),
('kuadrenium'),
('kuadriliun'),
('kuadripartit'),
('kuadrisep'),
('kuadrupel'),
('kuadrupleks'),
('kuadruplet'),
('kuah'),
('kuai'),
('kuak'),
('kuala'),
('kualat'),
('kuali'),
('kualifikasi'),
('kualitas'),
('kualitatif'),
('kualon'),
('kuang'),
('kuangkiut'),
('kuangwung'),
('kuantifikasi'),
('kuantitas'),
('kuantitatif'),
('kuantum'),
('kuap'),
('kuar'),
('kuari'),
('kuarik'),
('kuark'),
('kuarsa'),
('kuarsit'),
('kuart'),
('kuartal'),
('kuarter'),
('kuarterner'),
('kuartet'),
('kuartil'),
('kuarto'),
('kuas'),
('kuasa'),
('kuasar'),
('kuasi'),
('kuat'),
('kuatren'),
('kuau'),
('kuaya'),
('kuayah'),
('kuayan'),
('kubah'),
('kubak'),
('kubang'),
('kubik'),
('kubil'),
('kubin'),
('kubis'),
('kubisme'),
('kubistik'),
('kubit'),
('kuboid'),
('kubra'),
('Kubti'),
('kubu'),
('kubul'),
('kubung'),
('kubur'),
('kubus'),
('kucai'),
('kucak'),
('kucam'),
('kucek'),
('kucel'),
('kucica'),
('kucil'),
('kucing'),
('kucir'),
('kucup'),
('kucur'),
('kuda'),
('kudai'),
('kudang'),
('kudap'),
('kudeta'),
('kudian'),
('kudis'),
('kudu'),
('kuduk'),
('kudung'),
('kudup'),
('kudus'),
('kue'),
('kueni'),
('kuesioner'),
('kuetiau'),
('kufu'),
('kufur'),
('kui'),
('kuih'),
('kuil'),
('kuilu'),
('kuin'),
('kuini'),
('kuinina'),
('kuintal'),
('kuintesens'),
('kuintet'),
('kuintil'),
('kuintiliun'),
('kuintuplet'),
('kuir'),
('kuis'),
('kuit'),
('kuitansi'),
('kujang'),
('kujarat'),
('kujung'),
('kujur'),
('kujut'),
('kuk'),
('kukabura'),
('kukai'),
('kukila'),
('kuku'),
('kukuh'),
('kukuk'),
('kukukbeluk'),
('kukul'),
('kukup'),
('kukur'),
('kukuruyuk'),
('kukus'),
('kulah'),
('kulai'),
('kulak'),
('kulakasar'),
('kulan'),
('kulansing'),
('kulasentana'),
('kulat'),
('kulawangsa'),
('kuli'),
('kuliah'),
('kulim'),
('kulimat'),
('kuliner'),
('kulir'),
('kulit'),
('kulkas'),
('kulminasi'),
('kulon'),
('kulot'),
('kult'),
('kultivar'),
('kultivasi'),
('kultur'),
('kultural'),
('kulturisasi'),
('kultus'),
('kulub'),
('kuluk'),
('kulum'),
('kulup'),
('kulur'),
('kulut'),
('kulzum'),
('kumai'),
('kumal'),
('kuman'),
('kumandang'),
('kumanga'),
('kumat'),
('kumbah'),
('kumbang'),
('kumbar'),
('kumbik'),
('kumbu'),
('kumbuh'),
('kumena'),
('kumico'),
('kumis'),
('kumiskucing'),
('kumpai'),
('kumpal'),
('kumpar'),
('kumpi'),
('kumpul'),
('kumuh'),
('kumulasi'),
('kumulatif'),
('kumulonimbus'),
('kumulus'),
('kumur'),
('kumus'),
('kumut'),
('kunani'),
('kunarpa'),
('kunca'),
('kuncah'),
('kuncen'),
('kunci'),
('kuncung'),
('kuncup'),
('kundai'),
('kundang'),
('kundi'),
('kundur'),
('kunduran'),
('kung'),
('kungfu'),
('kungkang'),
('kungki'),
('kungkum'),
('kungkung'),
('kuning'),
('kunjung'),
('kuno'),
('kunta'),
('kuntau'),
('kuntilanak'),
('kuntit'),
('kuntuan'),
('kuntul'),
('kuntum'),
('kuntung'),
('kunut'),
('kunyah'),
('kunyam'),
('kunyit'),
('kunyuk'),
('kuorum'),
('kuosien'),
('kuota'),
('kup'),
('kupa'),
('kupahan'),
('kupak'),
('kupang'),
('kupas'),
('kupat'),
('kupe'),
('kupel'),
('kupi'),
('kupil'),
('kuping'),
('kupir'),
('kuplet'),
('kupluk'),
('kupnat'),
('kupon'),
('kuproprotein'),
('kuprum'),
('kupui'),
('kupur'),
('kur'),
('kura'),
('kurai'),
('kurambit'),
('kurang'),
('kurap'),
('kuras'),
('kurasani'),
('kurasao'),
('kuratif'),
('kurator'),
('kuratorium'),
('kurau'),
('kurawal'),
('kurban'),
('kurcaci'),
('kuren'),
('kuret'),
('kuretase'),
('kuria'),
('kuricak'),
('kurigram'),
('kurik'),
('kurikuler'),
('kurikulum'),
('kuring'),
('kuriositas'),
('kuripan'),
('kurir'),
('kuririk'),
('kurium'),
('kurkatovium'),
('kurkuma'),
('kurma'),
('kurs'),
('kursemangat'),
('kursi'),
('kursif'),
('kursor'),
('kursus'),
('kurtase'),
('kurun'),
('kurung'),
('kurus'),
('kurva'),
('kurvalinier'),
('kurvatur'),
('kusa'),
('kusal'),
('kusam'),
('kusanin'),
('kusau'),
('kusen'),
('kusik'),
('kusir'),
('kuskus'),
('kuspis'),
('kusruk'),
('kusta'),
('kusu'),
('kusuf'),
('kusuma'),
('kusut'),
('kuta'),
('kutaha'),
('kutak'),
('kutang'),
('kutat'),
('kuteks'),
('kuteri'),
('kuti'),
('kutik'),
('kutikula'),
('kutil'),
('kutin'),
('kuting'),
('kutip'),
('kutu'),
('kutub'),
('kutubaru'),
('kutubusitah'),
('kutuk'),
('kutung'),
('kutut'),
('kuud'),
('kuwu'),
('kuwuk'),
('kuwur'),
('kuya'),
('kuyang'),
('kuyu'),
('kuyup'),
('kwartet'),
('kwartir'),
('kwasiorkor'),
('kweni'),
('kwetiau'),
('kwosien'),
('laal'),
('lab'),
('laba'),
('labak'),
('labang'),
('labas'),
('label'),
('labelum'),
('laberang'),
('labial'),
('labialisasi'),
('labil'),
('labiodental'),
('labiovelar'),
('labirin'),
('labium'),
('laboran'),
('laboratoris'),
('laboratorium'),
('labrak'),
('labrakan'),
('labres'),
('labrum'),
('labu'),
('labuda'),
('labuh'),
('labun'),
('labur'),
('labut'),
('lacak'),
('laci'),
('lacur'),
('lacut'),
('lada'),
('ladah'),
('ladam'),
('ladan'),
('ladang'),
('laden'),
('ladi'),
('lading'),
('ladu'),
('ladung'),
('lafal'),
('laga'),
('lagak'),
('lagam'),
('lagan'),
('lagang'),
('lagau'),
('lagi'),
('lagiah'),
('lago'),
('lagonder'),
('lagu'),
('laguna'),
('lah'),
('lahab'),
('lahad'),
('lahak'),
('lahan'),
('lahang'),
('lahap'),
('lahar'),
('lahir'),
('lahiriah'),
('lai'),
('laici'),
('laif'),
('laik'),
('lailah'),
('lailatulkadar'),
('lain'),
('lais'),
('laja'),
('lajak'),
('lajang'),
('lajat'),
('lajnah'),
('laju'),
('lajur'),
('lak'),
('lakab'),
('lakak'),
('lakar'),
('lakara'),
('laken'),
('lakeri'),
('laki'),
('laklak'),
('laklakan'),
('lakmus'),
('laknat'),
('laknatullah'),
('lakon'),
('lakonik'),
('lakonisme'),
('lakrimator'),
('laksa'),
('laksamana'),
('laksana'),
('laksatif'),
('laktase'),
('laktasi'),
('laktat'),
('laktogen'),
('laktoglobulin'),
('laktometer'),
('lakton'),
('laktosa'),
('laku'),
('lakulajak'),
('lakum'),
('lakuna'),
('lakur'),
('lakustrin'),
('lala'),
('lalah'),
('lalai'),
('lalak'),
('lalandak'),
('lalang'),
('lalap'),
('lalat'),
('lalau'),
('lali'),
('lalu'),
('lalulintas'),
('lam'),
('lama'),
('lamalif'),
('laman'),
('lamang'),
('lamar'),
('lambai'),
('lambak'),
('lamban'),
('lambang'),
('lambar'),
('lambat'),
('lambda'),
('lambe'),
('lambert'),
('lambit'),
('lambo'),
('lambu'),
('lambuk'),
('lambung'),
('lambur'),
('lamdukpai'),
('lamela'),
('lamender'),
('lamin'),
('lamina'),
('laminasi'),
('laminating'),
('lampai'),
('lampam'),
('lampan'),
('lampang'),
('lampar'),
('lampas'),
('lampau'),
('lampeni'),
('lampes'),
('lampias'),
('lampik'),
('lampin'),
('lamping'),
('lampion'),
('lampir'),
('lampit'),
('lampok'),
('lampor'),
('lampu'),
('lampung'),
('lamtoro'),
('lamtoronisasi'),
('lamun'),
('lamur'),
('lamusir'),
('lana'),
('lanang'),
('lanar'),
('lanau'),
('lanbau'),
('lanca'),
('lancang'),
('lancap'),
('lancar'),
('lancia'),
('lancing'),
('lancip'),
('lancong'),
('lancung'),
('lancur'),
('lancut'),
('landa'),
('landahur'),
('landai'),
('landak'),
('landang'),
('landap'),
('landas'),
('landau'),
('landors'),
('landrad'),
('landuk'),
('landung'),
('landur'),
('lang'),
('langah'),
('langau'),
('langen'),
('langendrian'),
('langenswara'),
('langgah'),
('langgai'),
('langgam'),
('langgan'),
('langgang'),
('langgar'),
('langgas'),
('langgayan'),
('langgeng'),
('langguk'),
('langgung'),
('langi'),
('langir'),
('langis'),
('langit'),
('langka'),
('langkah'),
('langkai'),
('langkan'),
('langkang'),
('langkap'),
('langkara'),
('langkas'),
('langkat'),
('langkau'),
('langking'),
('langkisan'),
('langkong'),
('langkup'),
('langlai'),
('langlang'),
('langsai'),
('langsam'),
('langsar'),
('langsat'),
('langse'),
('langseng'),
('langsi'),
('langsing'),
('langsir'),
('langsuir'),
('langsung'),
('langu'),
('langut'),
('lanhir'),
('lanja'),
('lanjai'),
('lanjak'),
('lanjam'),
('lanjang'),
('lanjar'),
('lanjau'),
('lanji'),
('lanjuk'),
('lanjung'),
('lanjur'),
('lanjut'),
('lanolin'),
('lanset'),
('lansia'),
('lansir'),
('lanskap'),
('lantah'),
('lantai'),
('lantak'),
('lantam'),
('lantan'),
('lantang'),
('lantanum'),
('lantar'),
('lantas'),
('lantera'),
('lantesari'),
('lantik'),
('lantin'),
('lanting'),
('lantip'),
('lantun'),
('lantung'),
('lantur'),
('lanugo'),
('lanun'),
('lanus'),
('lanyah'),
('lanyak'),
('lanyau'),
('laocu'),
('laos'),
('laoteng'),
('lap'),
('lapah'),
('lapak'),
('lapang'),
('lapar'),
('laparoskop'),
('laparoskopi'),
('lapel'),
('lapih'),
('lapik'),
('lapili'),
('lapir'),
('lapis'),
('lapislazuli'),
('lapor'),
('laptop'),
('lapuk'),
('lapun'),
('lara'),
('larah'),
('larai'),
('larak'),
('laram'),
('larang'),
('larap'),
('laras'),
('larat'),
('larau'),
('largisimo'),
('largo'),
('lari'),
('larih'),
('larik'),
('laring'),
('laringal'),
('laringitis'),
('laringoskop'),
('laris'),
('larnaks'),
('laron'),
('lars'),
('laru'),
('larung'),
('larut'),
('larva'),
('larvarium'),
('las'),
('lasa'),
('lasah'),
('lasak'),
('lasana'),
('lasat'),
('laser'),
('lasi'),
('lasinia'),
('laskar'),
('laso'),
('Lasparaginase'),
('lasuh'),
('lat'),
('lata'),
('latah'),
('latak'),
('latam'),
('latar'),
('latarbelakang'),
('latas'),
('lateks'),
('laten'),
('latensi'),
('lateral'),
('laterit'),
('latif'),
('latifundium'),
('latih'),
('lating'),
('latis'),
('latma'),
('latosol'),
('latuh'),
('latuk'),
('latung'),
('latur'),
('lauh'),
('lauk'),
('laun'),
('laung'),
('laur'),
('lauya'),
('lava'),
('lavase'),
('lavendel'),
('lavender'),
('lawa'),
('lawah'),
('lawak'),
('Lawalata'),
('lawamah'),
('lawan'),
('lawang'),
('lawar'),
('lawas'),
('lawat'),
('lawazim'),
('lawe'),
('lawean'),
('lawi'),
('lawina'),
('lawon'),
('lawrensium'),
('layah'),
('layak'),
('layam'),
('layan'),
('layang'),
('layap'),
('layar'),
('layas'),
('layat'),
('layer'),
('layon'),
('layu'),
('layuh'),
('layuk'),
('layung'),
('layur'),
('layut'),
('laza'),
('lazim'),
('lazuardi'),
('leak'),
('lebah'),
('lebai'),
('lebak'),
('lebam'),
('leban'),
('lebang'),
('lebap'),
('lebar'),
('Lebaran'),
('lebas'),
('lebat'),
('leber'),
('lebih'),
('lebuh'),
('lebuk'),
('lebum'),
('lebun'),
('lebung'),
('lebur'),
('lecah'),
('lecak'),
('lecap'),
('lecat'),
('leceh'),
('lecek'),
('lecer'),
('lecet'),
('leci'),
('lecit'),
('leco'),
('lecok'),
('lecuh'),
('lecun'),
('lecup'),
('lecur'),
('lecut'),
('ledak'),
('ledang'),
('ledek'),
('ledeng'),
('ledes'),
('leding'),
('ledos'),
('ledre'),
('leduk'),
('ledung'),
('lefa'),
('lega'),
('legal'),
('legalisasi'),
('legalitas'),
('legam'),
('legap'),
('legar'),
('legasi'),
('legasteni'),
('legat'),
('legataris'),
('legato'),
('legator'),
('lege'),
('legek'),
('legen'),
('legenda'),
('legendaris'),
('leger'),
('leges'),
('leghorn'),
('Legi'),
('legih'),
('legio'),
('legislasi'),
('legislatif'),
('legislator'),
('legisme'),
('legit'),
('legitimaris'),
('legitimas'),
('legitimasi'),
('legitimitas'),
('legiun'),
('lego'),
('legok'),
('legong'),
('legu'),
('legum'),
('legunder'),
('legung'),
('lehar'),
('leher'),
('lei'),
('leja'),
('lejang'),
('lejar'),
('lejas'),
('lejit'),
('lejok'),
('leka'),
('lekam'),
('lekang'),
('lekap'),
('lekar'),
('lekas'),
('lekat'),
('lekemia'),
('lekir'),
('lekit'),
('lekok'),
('lekosit'),
('leksem'),
('leksikal'),
('leksikograf'),
('leksikografi'),
('leksikografis'),
('leksikolog'),
('leksikologi'),
('leksikon'),
('leksikostatistik'),
('leksis'),
('lekton'),
('lektor'),
('lektur'),
('leku'),
('lekuk'),
('lekum'),
('lekun'),
('lekung'),
('lela'),
('lelah'),
('lelai'),
('lelaki'),
('lelancur'),
('lelang'),
('lelangon'),
('lelangse'),
('lelap'),
('lelar'),
('lelas'),
('lelat'),
('lelatu'),
('lele'),
('leleh'),
('lelembut'),
('lelemuku'),
('lelep'),
('leler'),
('leles'),
('lelet'),
('lelewa'),
('leli'),
('leluasa'),
('lelucon'),
('leluhur'),
('leluing'),
('lelung'),
('lelungit'),
('leluri'),
('lem'),
('lema'),
('lemah'),
('lemak'),
('lemang'),
('lemari'),
('lemas'),
('lemau'),
('lembaga'),
('lembah'),
('lembai'),
('lembak'),
('lembam'),
('lembang'),
('lembap'),
('lembar'),
('lembayung'),
('lembega'),
('lembek'),
('lembeng'),
('lembidang'),
('lembing'),
('lembok'),
('lembora'),
('lembu'),
('lembung'),
('lembur'),
('lemburu'),
('lembut'),
('lemena'),
('lemender'),
('lemes'),
('lemidi'),
('lemo'),
('lemon'),
('lempah'),
('lempai'),
('lempap'),
('lempar'),
('lempari'),
('lempaung'),
('lempem'),
('lempeng'),
('lemper'),
('lemping'),
('lempoh'),
('lempuh'),
('lempuk'),
('lempung'),
('lempuyang'),
('lempuyangan'),
('lemur'),
('lemusir'),
('lena'),
('lenan'),
('lencana'),
('lencang'),
('lenceng'),
('lencet'),
('lenci'),
('lencir'),
('lencit'),
('lencong'),
('lencun'),
('lenda'),
('lendaian'),
('lendeh'),
('lender'),
('lendir'),
('lendot'),
('lendung'),
('lendut'),
('leng'),
('lenga'),
('lengah'),
('lengai'),
('lengak'),
('lengan'),
('lengang'),
('lengar'),
('lengas'),
('lengat'),
('lenge'),
('lenggak'),
('lenggana'),
('lenggang'),
('lenggek'),
('lengger'),
('lenggok'),
('lenggong'),
('lenggor'),
('lenggundi'),
('lenggut'),
('lengit'),
('lengkai'),
('lengkanas'),
('lengkang'),
('lengkap'),
('lengkara'),
('lengkeng'),
('lengkesa'),
('lengket'),
('lengking'),
('lengkitang'),
('lengkok'),
('lengkong'),
('lengkuas'),
('lengkung'),
('lengkur'),
('lengoh'),
('lengong'),
('lengos'),
('lengseng'),
('lengser'),
('lengset'),
('lenguh'),
('lengung'),
('lening'),
('lenis'),
('lenitrik'),
('lenja'),
('lenjan'),
('lenjaran'),
('lenjing'),
('lenjuang'),
('lenong'),
('lenor'),
('lens'),
('lensa'),
('lenser'),
('lenset'),
('lenso'),
('lentang'),
('lenteng'),
('lentera'),
('lentik'),
('lenting'),
('lentisel'),
('lentoid'),
('lentok'),
('lentong'),
('lentuk'),
('lentum'),
('lentung'),
('lentur'),
('lentus'),
('lenung'),
('lenyah'),
('lenyai'),
('lenyak'),
('lenyap'),
('lenyau'),
('lenyeh'),
('lenyet'),
('lenyut'),
('Leo'),
('leonid'),
('leontin'),
('leot'),
('lepa'),
('lepai'),
('lepak'),
('lepang'),
('lepap'),
('lepas'),
('lepat'),
('lepau'),
('lepe'),
('lepek'),
('leper'),
('leperi'),
('lepes'),
('lepet'),
('lepih'),
('lepik'),
('lepit'),
('leplap'),
('lepoh'),
('lepok'),
('lepot'),
('lepra'),
('leproma'),
('lepromin'),
('leproseri'),
('leptodos'),
('leptoskop'),
('leptosom'),
('lepu'),
('lepuh'),
('lepuk'),
('lepur'),
('lerah'),
('lerai'),
('lerak'),
('lerang'),
('lerap'),
('lereng'),
('leret'),
('lerok'),
('lerot'),
('les'),
('lesa'),
('lesak'),
('lesan'),
('lesang'),
('lesap'),
('lesbi'),
('lesbian'),
('lesbianisme'),
('leseh'),
('lesek'),
('leset'),
('lesi'),
('lesing'),
('lesir'),
('lesit'),
('lesitina'),
('lesnar'),
('lesot'),
('lesplang'),
('lestari'),
('lestek'),
('lesterung'),
('lesu'),
('lesung'),
('lesus'),
('lesut'),
('leta'),
('letai'),
('letak'),
('letal'),
('letalitas'),
('letang'),
('letargi'),
('letek'),
('leter'),
('letih'),
('letik'),
('leting'),
('letis'),
('letnan'),
('letoi'),
('letos'),
('letraset'),
('letuk'),
('letum'),
('letung'),
('letup'),
('letur'),
('letus'),
('leuca'),
('leukemia'),
('leukoderma'),
('leukofit'),
('leukoma'),
('leukonisia'),
('leukopenia'),
('leukoplakia'),
('leukore'),
('leukosit'),
('leukositometer'),
('leukositosis'),
('level'),
('lever'),
('leveransir'),
('levertran'),
('levirat'),
('levitin'),
('levulosa'),
('lewa'),
('lewah'),
('lewar'),
('lewat'),
('lewisid'),
('leyeh'),
('leyot'),
('lezat'),
('liabilitas'),
('lian'),
('liana'),
('liang'),
('liangliong'),
('liar'),
('lias'),
('liat'),
('liau'),
('libas'),
('libat'),
('libei'),
('liberal'),
('liberalis'),
('liberalisasi'),
('liberalisme'),
('liberalistis'),
('liberasi'),
('liberator'),
('libero'),
('libidis'),
('libido'),
('Libra'),
('librasi'),
('libreto'),
('libur'),
('licak'),
('licau'),
('lici'),
('licik'),
('licin'),
('licurai'),
('lid'),
('lidah'),
('lidas'),
('lidi'),
('lidid'),
('lifo'),
('lift'),
('lifter'),
('liga'),
('ligamen'),
('ligan'),
('ligar'),
('ligas'),
('ligasi'),
('ligat'),
('ligatur'),
('ligih'),
('lignin'),
('lignit'),
('lignoselulosa'),
('lignosulfonat'),
('lignotuber'),
('lihai'),
('lihat'),
('lik'),
('likantropi'),
('likas'),
('likat'),
('likir'),
('liku'),
('likuid'),
('likuida'),
('likuidasi'),
('likuiditas'),
('likur'),
('likut'),
('lil'),
('lila'),
('lilah'),
('lilan'),
('lilau'),
('lili'),
('lilin'),
('liliput'),
('lilit'),
('lilitkutu'),
('lillahi'),
('lima'),
('liman'),
('limar'),
('limas'),
('limau'),
('limbah'),
('limbai'),
('limbak'),
('limban'),
('limbang'),
('limbat'),
('limbing'),
('limbubu'),
('limbuk'),
('limbung'),
('limbur'),
('limfa'),
('limfadema'),
('limfadenitis'),
('limfadenoma'),
('limfadenosis'),
('limfaderitis'),
('limfangioma'),
('limfatik'),
('limfoblartoma'),
('limfoblas'),
('limfoblastoma'),
('limfografi'),
('limfoma'),
('limfonodus'),
('limfopenia'),
('limfosit'),
('limfositopenia'),
('limfositosis'),
('limit'),
('limitasi'),
('limitatif'),
('limnetik'),
('limnologi'),
('limnoplankton'),
('limpa'),
('limpah'),
('limpap'),
('limpapas'),
('limpas'),
('limpau'),
('limpit'),
('limpoh'),
('limpung'),
('limun'),
('limusin'),
('limut'),
('linang'),
('linau'),
('lincah'),
('lincak'),
('lincam'),
('lincir'),
('lincun'),
('lindak'),
('lindang'),
('lindap'),
('lindas'),
('lindik'),
('lindis'),
('lindu'),
('lindung'),
('lindur'),
('linear'),
('linen'),
('ling'),
('lingar'),
('lingat'),
('lingga'),
('linggata'),
('linggayuran'),
('linggi'),
('linggis'),
('lingkap'),
('lingkar'),
('lingkawa'),
('lingkis'),
('lingkung'),
('lingkup'),
('linglung'),
('lingsa'),
('lingsir'),
('lingsu'),
('linguafon'),
('linguis'),
('linguistik'),
('lini'),
('linier'),
('linimen'),
('lining'),
('linjak'),
('linoleum'),
('linsang'),
('lintabung'),
('lintah'),
('lintang'),
('lintap'),
('lintar'),
('lintas'),
('lintibang'),
('linting'),
('lintir'),
('lintuh'),
('lintup'),
('linu'),
('linuhung'),
('linyak'),
('linyar'),
('lio'),
('liofilisasi'),
('liong'),
('liontin'),
('lipai'),
('lipan'),
('lipas'),
('lipase'),
('lipat'),
('lipatganda'),
('lipektomi'),
('lipemia'),
('lipid'),
('lipiodol'),
('lipit'),
('liplap'),
('lipoksidase'),
('lipolisis'),
('lipoprotein'),
('lipstik'),
('lipu'),
('lipur'),
('liput'),
('lir'),
('lira'),
('lirida'),
('lirih'),
('lirik'),
('liris'),
('lis'),
('lisah'),
('lisan'),
('lisani'),
('lisensi'),
('lisimeter'),
('lisis'),
('lisol'),
('lisong'),
('lisplang'),
('lister'),
('listeria'),
('listrik'),
('lisu'),
('lisus'),
('lisut'),
('litah'),
('litak'),
('litani'),
('liter'),
('literator'),
('literer'),
('litium'),
('litografi'),
('litologi'),
('litoral'),
('litosfer'),
('litotes'),
('litotomi'),
('litsus'),
('liturgi'),
('liturgis'),
('liuk'),
('liur'),
('liut'),
('liwa'),
('liwan'),
('liwat'),
('liwet'),
('loak'),
('lob'),
('loba'),
('lobak'),
('loban'),
('loberci'),
('lobi'),
('lobster'),
('locok'),
('locot'),
('lodan'),
('lodeh'),
('lodoh'),
('lodong'),
('log'),
('logam'),
('logaritma'),
('logat'),
('logawiah'),
('logika'),
('logis'),
('logistik'),
('logo'),
('logogram'),
('logopedia'),
('logotip'),
('lohok'),
('loji'),
('lok'),
('loka'),
('lokacipta'),
('lokakarya'),
('lokal'),
('lokalis'),
('lokalisasi'),
('lokan'),
('lokananta'),
('lokap'),
('lokasi'),
('lokastiti'),
('lokatif'),
('lokatikranta'),
('lokatraya'),
('lokawarta'),
('lokawidura'),
('lokawigna'),
('lokawiruda'),
('lokawisata'),
('lokcuan'),
('lokek'),
('lokeswara'),
('loket'),
('loki'),
('lokia'),
('lokika'),
('lokio'),
('loklok'),
('lokomobil'),
('lokomotif'),
('lokos'),
('loksek'),
('loksun'),
('lokus'),
('lokusi'),
('lolak'),
('loleng'),
('loloh'),
('lolohan'),
('lolong'),
('lolos'),
('lomba'),
('lombar'),
('lombok'),
('lombong'),
('lomek'),
('lomot'),
('lompat'),
('lompayang'),
('lompok'),
('lompong'),
('lonan'),
('loncat'),
('loncek'),
('lonceng'),
('loncer'),
('lonco'),
('loncos'),
('londang'),
('londong'),
('loneng'),
('long'),
('longdres'),
('longgar'),
('longgok'),
('longgor'),
('longitudinal'),
('longo'),
('longok'),
('longong'),
('longser'),
('longsor'),
('longtorso'),
('lonjak'),
('lonjong'),
('lonjor'),
('lonsong'),
('lontai'),
('lontar'),
('lontara'),
('lonte'),
('lontok'),
('lontong'),
('lonyok'),
('lop'),
('lopak'),
('lopek'),
('loper'),
('lopis'),
('lopor'),
('lor'),
('lorah'),
('loran'),
('lorat'),
('lorber'),
('lorek'),
('loreng'),
('lori'),
('lornyet'),
('lorong'),
('lorot'),
('los'),
('lose'),
('losion'),
('losmen'),
('loso'),
('losong'),
('lot'),
('lota'),
('lotak'),
('lotek'),
('loteng'),
('lotis'),
('lotong'),
('lotre'),
('lotus'),
('lowong'),
('loya'),
('loyak'),
('loyal'),
('loyalis'),
('loyalitas'),
('loyang'),
('loyar'),
('loyo'),
('loyong'),
('lozenge'),
('luah'),
('luak'),
('luang'),
('luap'),
('luar'),
('luarbiasa'),
('luas'),
('luat'),
('luban'),
('lubang'),
('luber'),
('lubuk'),
('lucah'),
('lucu'),
('lucup'),
('lucut'),
('ludah'),
('ludat'),
('ludes'),
('luding'),
('ludruk'),
('lues'),
('lugas'),
('lugu'),
('lugut'),
('luhmahful'),
('luhung'),
('luhur'),
('luih'),
('luik'),
('luing'),
('luk'),
('luka'),
('lukah'),
('lukat'),
('lukeh'),
('lukis'),
('luks'),
('luku'),
('lukut'),
('lulai'),
('luli'),
('luluh'),
('luluhlantak'),
('luluk'),
('lulum'),
('lulup'),
('lulur'),
('lulus'),
('lulut'),
('lum'),
('lumai'),
('lumang'),
('lumar'),
('lumas'),
('lumat'),
('lumayan'),
('lumbal'),
('lumbu'),
('lumbung'),
('lumen'),
('lumer'),
('luminositas'),
('lumpang'),
('lumpektomi'),
('lumpia'),
('lumping'),
('lumpuh'),
('lumpuk'),
('lumpur'),
('lumrah'),
('lumsum'),
('lumuh'),
('lumur'),
('lumus'),
('lumut'),
('lunak'),
('lunas'),
('lunau'),
('luncai'),
('luncas'),
('luncung'),
('luncur'),
('lundang'),
('lundi'),
('lundu'),
('luner'),
('lung'),
('lungguh'),
('lungkah'),
('lungkang'),
('lungkum'),
('lunglai'),
('lunglung'),
('lungsar'),
('lungse'),
('lungsin'),
('lungsung'),
('lungsur'),
('lungun'),
('lunjur'),
('lunta'),
('luntang'),
('luntas'),
('luntur'),
('lunyah'),
('lunyai'),
('lup'),
('lupa'),
('lupat'),
('lupi'),
('lupuh'),
('lupuk'),
('lupung'),
('lupus'),
('luput'),
('lurah'),
('lurik'),
('luru'),
('lurub'),
('luruh'),
('lurus'),
('lurut'),
('lus'),
('lusa'),
('lusin'),
('lustrum'),
('lusuh'),
('lut'),
('lutetium'),
('luti'),
('lutu'),
('lutung'),
('lutut'),
('luweng'),
('luwes'),
('luyak'),
('luyu'),
('luyut'),
('maab'),
('maaf'),
('mabriuk'),
('mabrur'),
('mabuh'),
('mabuk'),
('mabul'),
('macakal'),
('macam'),
('macan'),
('macapat'),
('mace'),
('macet'),
('macis'),
('mad'),
('madah'),
('madali'),
('madam'),
('madang'),
('madani'),
('madar'),
('madat'),
('madewi'),
('madi'),
('madia'),
('madik'),
('madinding'),
('madmadah'),
('mado'),
('madona'),
('madras'),
('madrasah'),
('madu'),
('madukara'),
('madumangsa'),
('madya'),
('maesan'),
('maesenas'),
('maestro'),
('mafela'),
('mafhum'),
('mafia'),
('mafioso'),
('mafsadah'),
('mafsadat'),
('mag'),
('magainin'),
('magalah'),
('magandi'),
('magang'),
('magasin'),
('magel'),
('magenta'),
('magersari'),
('magfirah'),
('magi'),
('magis'),
('magister'),
('magistrat'),
('maglub'),
('magma'),
('magnesium'),
('magnesol'),
('magnet'),
('magnetik'),
('magnetika'),
('magnetis'),
('magnetisme'),
('magnetit'),
('magnetometer'),
('magnetor'),
('magnetostatika'),
('magnitudo'),
('magrib'),
('magribi'),
('magrur'),
('magun'),
('mah'),
('mahabah'),
('mahabintang'),
('mahadewa'),
('mahadewi'),
('mahaduta'),
('MahaEsa'),
('mahaguru'),
('mahah'),
('mahajana'),
('mahakala'),
('mahakarya'),
('mahakuasa'),
('mahal'),
('mahamen'),
('mahamenteri'),
('mahamulia'),
('mahang'),
('mahaparana'),
('mahapatih'),
('mahar'),
('maharaja'),
('maharajalela'),
('maharana'),
('maharani'),
('mahardika'),
('maharesi'),
('maharupa'),
('mahasiswa'),
('mahasiswi'),
('mahasuci'),
('mahatahu'),
('mahatma'),
('mahatur'),
('Mahayana'),
('mahbub'),
('mahbubah'),
('mahdi'),
('maherat'),
('mahesa'),
('maheswara'),
('mahfuz'),
('mahia'),
('mahir'),
('mahkamah'),
('mahkota'),
('mahligai'),
('mahmud'),
('mahoni'),
('mahram'),
('mahsul'),
('mahsyar'),
('mahwu'),
('mahyong'),
('mahzurat'),
('mai'),
('maido'),
('maimun'),
('main'),
('mair'),
('mairat'),
('maizena'),
('maja'),
('majaan'),
('majakane'),
('majakaya'),
('majakeling'),
('majal'),
('majalah'),
('majas'),
('majasi'),
('majati'),
('majedub'),
('majelis'),
('majemuk'),
('majenun'),
('majikan'),
('majir'),
('majizat'),
('majong'),
('maju'),
('majuh'),
('majuj'),
('majun'),
('majung'),
('majusi'),
('mak'),
('maka'),
('makadam'),
('makadasang'),
('makadok'),
('makalah'),
('makalangkang'),
('makam'),
('makan'),
('makantah'),
('makantuh'),
('makanya'),
('makao'),
('makaopo'),
('makar'),
('makaroni'),
('makbud'),
('makbul'),
('makcik'),
('makcomblang'),
('makda'),
('makdan'),
('makelar'),
('makerel'),
('maket'),
('makhdum'),
('makhluk'),
('makhraj'),
('maki'),
('makin'),
('making'),
('makiyah'),
('maklaf'),
('maklum'),
('maklumat'),
('maklun'),
('makmal'),
('makmum'),
('makmur'),
('makna'),
('maknawi'),
('makramat'),
('makrame'),
('makrifat'),
('makrifatullah'),
('makro'),
('makroekonomi'),
('makrofita'),
('makrofotografi'),
('makroftalmus'),
('makrogametosit'),
('makrohistori'),
('makrokosmos'),
('makrokriminologi'),
('makrolinguistik'),
('makromelia'),
('makrometeorologi'),
('makromolekul'),
('makrosefalik'),
('makroskopis'),
('makrosmatik'),
('makrososiologi'),
('makruf'),
('makruh'),
('maksi'),
('maksiat'),
('maksila'),
('maksim'),
('maksimal'),
('maksimum'),
('maksud'),
('maksum'),
('maktab'),
('maktub'),
('makua'),
('makul'),
('makula'),
('makulat'),
('makurung'),
('makyong'),
('makzul'),
('mal'),
('mala'),
('malabau'),
('malabsorpsi'),
('malafide'),
('malafungsi'),
('malagandang'),
('malagizi'),
('malah'),
('malai'),
('malaikat'),
('malaikatulmaut'),
('malaise'),
('malaka'),
('malakama'),
('malakat'),
('malakit'),
('malakofili'),
('malakologi'),
('malakut'),
('malam'),
('malan'),
('malang'),
('malangbang'),
('malap'),
('malapari'),
('malapetaka'),
('malapraktik'),
('malar'),
('malaria'),
('malas'),
('malasia'),
('malasuai'),
('malatindak'),
('maldistribusi'),
('male'),
('maleman'),
('maleo'),
('maleolus'),
('maligai'),
('malih'),
('malik'),
('Maliki'),
('Malikuljabar'),
('Malikulmuluk'),
('malim'),
('maling'),
('malis'),
('malisol'),
('malka'),
('malnutrisi'),
('maloklusi'),
('malt'),
('maltase'),
('maltosa'),
('malu'),
('malun'),
('malung'),
('mam'),
('mama'),
('mamai'),
('mamak'),
('mamalia'),
('maman'),
('mamanah'),
('mamanda'),
('mamang'),
('mamano'),
('mamat'),
('mambang'),
('mambek'),
('mambo'),
('mambruk'),
('mambu'),
('mambung'),
('mamduhah'),
('mami'),
('mamik'),
('mamlakat'),
('mamografi'),
('mampai'),
('mampir'),
('mampu'),
('mampung'),
('mampus'),
('mamut'),
('man'),
('mana'),
('manah'),
('manai'),
('manajemen'),
('manajer'),
('manajerial'),
('manakala'),
('manakan'),
('manakib'),
('manalagi'),
('manasik'),
('manasongo'),
('manasuka'),
('manau'),
('mancanegara'),
('mancawarna'),
('manci'),
('mancung'),
('mancur'),
('manda'),
('mandah'),
('mandai'),
('mandala'),
('mandalika'),
('mandam'),
('mandarin'),
('mandat'),
('mandataris'),
('mandau'),
('mandeh'),
('mandek'),
('mandelevium'),
('mandi'),
('mandibula'),
('mandil'),
('mandir'),
('mandiri'),
('mandolin'),
('mandor'),
('mandraguna'),
('mandril'),
('mandrin'),
('mandu'),
('mandul'),
('mandung'),
('maneken'),
('manerisme'),
('manfaat'),
('mang'),
('mangan'),
('mangap'),
('mangas'),
('mangau'),
('mangayubagya'),
('mangga'),
('manggah'),
('manggala'),
('manggar'),
('manggis'),
('manggung'),
('mangir'),
('mangkak'),
('mangkanya'),
('mangkar'),
('mangkas'),
('mangkat'),
('mangkel'),
('mangkih'),
('mangkir'),
('mangkok'),
('mangkubumi'),
('mangkuk'),
('mangkus'),
('mangsa'),
('mangsi'),
('mangu'),
('mangun'),
('mangut'),
('mani'),
('mania'),
('maniak'),
('manifes'),
('manifestasi'),
('manifesto'),
('manik'),
('manikam'),
('manikdepresi'),
('manikmaya'),
('manikur'),
('manila'),
('manimba'),
('manipol'),
('manipulasi'),
('manipulatif'),
('manipulator'),
('manira'),
('manis'),
('manise'),
('manja'),
('manjapada'),
('manjau'),
('manjeri'),
('manjing'),
('manjung'),
('manjur'),
('manol'),
('manometer'),
('manora'),
('manostat'),
('manset'),
('mansiang'),
('mansukh'),
('manta'),
('mantan'),
('mantap'),
('mantel'),
('manten'),
('mantik'),
('mantiki'),
('mantisa'),
('mantra'),
('mantram'),
('mantri'),
('mantu'),
('mantuk'),
('manual'),
('manufaktur'),
('manufakturing'),
('manuk'),
('manumisio'),
('manumpak'),
('manunggal'),
('manusia'),
('manusiawi'),
('manuskrip'),
('manut'),
('manuver'),
('manuwa'),
('manyala'),
('manyar'),
('manzil'),
('manzilah'),
('maois'),
('map'),
('mapalus'),
('mapan'),
('mar'),
('mara'),
('marah'),
('maraja'),
('marak'),
('marakas'),
('marambung'),
('maramus'),
('maranta'),
('marapulai'),
('maras'),
('maraton'),
('marbling'),
('marbut'),
('marcapada'),
('mardatillah'),
('mardud'),
('mare'),
('marem'),
('Maret'),
('marfuk'),
('marga'),
('margalit'),
('margarin'),
('margasatwa'),
('margin'),
('marginal'),
('marginalisasi'),
('marginalisme'),
('margrit'),
('marhaban'),
('marhaen'),
('marhaenis'),
('marhaenisme'),
('mari'),
('maria'),
('Marikh'),
('marikultur'),
('marimu'),
('marina'),
('marinade'),
('marine'),
('marinir'),
('marinyo'),
('marinyu'),
('marital'),
('maritim'),
('mariyuana'),
('marjik'),
('mark'),
('marka'),
('markado'),
('markah'),
('markas'),
('markasit'),
('marketri'),
('markis'),
('markisa'),
('markoni'),
('markonis'),
('markusip'),
('marlin'),
('marmelade'),
('marmer'),
('marmot'),
('maro'),
('marpaud'),
('marsaoleh'),
('marsekal'),
('marsepen'),
('marsose'),
('martabak'),
('martaban'),
('martabat'),
('martandang'),
('martil'),
('martini'),
('martir'),
('maru'),
('marus'),
('marut'),
('marwas'),
('mas'),
('masa'),
('masabodoh'),
('masai'),
('masak'),
('masakat'),
('masala'),
('masalah'),
('masam'),
('masap'),
('masase'),
('masayu'),
('masbuk'),
('masdar'),
('Masehi'),
('masektomi'),
('maser'),
('maserasi'),
('masif'),
('masih'),
('masin'),
('masinal'),
('masinis'),
('masir'),
('masjid'),
('Masjidilaksa'),
('Masjidilharam'),
('maskanat'),
('maskapai'),
('maskara'),
('maskat'),
('maskawin'),
('masker'),
('maskodok'),
('maskon'),
('maskot'),
('maskulin'),
('maskulinitas'),
('maskumambang'),
('maslahat'),
('masnawi'),
('masohi'),
('masoi'),
('masokhis'),
('masokhisme'),
('masokisme'),
('mason'),
('masrum'),
('massa'),
('massal'),
('mastautin'),
('mastektomi'),
('master'),
('masterplan'),
('mastik'),
('mastitis'),
('mastodon'),
('mastuli'),
('masturbasi'),
('masuk'),
('masuliah'),
('masyaAllah'),
('masyakah'),
('masyarakat'),
('masygul'),
('masyhadat'),
('masyhur'),
('masyrik'),
('masyuk'),
('mata'),
('matador'),
('matahari'),
('matakao'),
('matalamat'),
('matan'),
('matang'),
('mate'),
('matematika'),
('matematikawan'),
('matematikus'),
('matematis'),
('materi'),
('material'),
('materialis'),
('materialisme'),
('materialistis'),
('materiil'),
('mati'),
('matine'),
('matlak'),
('matoa'),
('maton'),
('matra'),
('matras'),
('matres'),
('matriarkal'),
('matriarkat'),
('matriks'),
('matrikulasi'),
('matrilineal'),
('matrilokal'),
('matris'),
('matronim'),
('matros'),
('matu'),
('matur'),
('maturasi'),
('maturitas'),
('mau'),
('mauizah'),
('maujud'),
('maujudat'),
('maukhid'),
('maukif'),
('maukuf'),
('maula'),
('maulai'),
('maulana'),
('maulhayat'),
('maulid'),
('maulidurasul'),
('maulud'),
('maung'),
('maupun'),
('mausoleum'),
('maut'),
('mauz'),
('mawadah'),
('mawar'),
('mawas'),
('mawasdiri'),
('maweda'),
('mawin'),
('mawon'),
('mawut'),
('mayam'),
('mayangda'),
('mayapada'),
('mayat'),
('mayeng'),
('mayokratio'),
('mayones'),
('mayor'),
('mayoret'),
('mayoritas'),
('mayung'),
('mayur'),
('mazarin'),
('mazbah'),
('mazhab'),
('mazi'),
('mazkur'),
('mazmumah'),
('mazmur'),
('mbah'),
('mbak'),
('mbakyu'),
('mbeling'),
('mbok'),
('meander'),
('mebel'),
('mecis'),
('medali'),
('medalion'),
('medan'),
('medang'),
('mede'),
('media'),
('medial'),
('median'),
('mediasi'),
('mediastinum'),
('mediator'),
('medik'),
('medikamentosa'),
('medikasi'),
('medikolegal'),
('medikus'),
('medil'),
('medio'),
('medis'),
('medisinal'),
('medit'),
('meditasi'),
('Mediterania'),
('medium'),
('medok'),
('medu'),
('medula'),
('Medusa'),
('mega'),
('megafon'),
('megah'),
('megak'),
('megakredit'),
('megalit'),
('Megalitikum'),
('megalomania'),
('megalomaniak'),
('megalopolis'),
('megalosit'),
('megamerger'),
('megan'),
('megaohm'),
('megapolis'),
('megaproyek'),
('megar'),
('megaspora'),
('megasporangium'),
('megasporofil'),
('megat'),
('megaton'),
('megatren'),
('megatruh'),
('megawatt'),
('meger'),
('Mei'),
('meiosis'),
('meja'),
('mejahijau'),
('mejam'),
('mejan'),
('mejana'),
('mejeng'),
('mek'),
('mekanik'),
('mekanika'),
('mekanikgraha'),
('mekanis'),
('mekanisasi'),
('mekanisme'),
('mekap'),
('mekar'),
('meko'),
('mekonium'),
('mel'),
('melabuai'),
('melambang'),
('Melanesia'),
('melangkup'),
('melanin'),
('melanisme'),
('melankolia'),
('melankolis'),
('melankonis'),
('melanoderma'),
('melar'),
('melas'),
('melase'),
('melasma'),
('melati'),
('melawah'),
('melek'),
('meleng'),
('meler'),
('melesek'),
('meleset'),
('melik'),
('melinjo'),
('melit'),
('melitofili'),
('meliwis'),
('melodi'),
('melodika'),
('melodius'),
('melodrama'),
('melodramatik'),
('melodramatis'),
('melon'),
('melor'),
('melotot'),
('melpari'),
('melukut'),
('melulu'),
('melur'),
('memang'),
('memar'),
('membal'),
('memble'),
('membran'),
('memedi'),
('memek'),
('memo'),
('memoar'),
('memorabilia'),
('memorandum'),
('memorat'),
('memori'),
('memorial'),
('mempan'),
('mempelai'),
('mempelam'),
('mempelas'),
('mempelasari'),
('mempelashari'),
('mempening'),
('memper'),
('mempitis'),
('mempurung'),
('memutah'),
('menaga'),
('menak'),
('menampun'),
('menang'),
('menantu'),
('menara'),
('menat'),
('mencak'),
('menceng'),
('menceret'),
('mencit'),
('menclok'),
('mencok'),
('mencong'),
('mencos'),
('mencret'),
('mendak'),
('mendap'),
('mendapa'),
('mendeleka'),
('mendelevium'),
('mendeng'),
('mendiang'),
('mendikai'),
('mending'),
('mendira'),
('mendoan'),
('mendonan'),
('mendong'),
('mendreng'),
('mendu'),
('mendung'),
('mendur'),
('mendura'),
('mendut'),
('menep'),
('menepaat'),
('mengah'),
('mengangah'),
('mengap'),
('mengapmendam'),
('mengeh'),
('mengerawan'),
('mengerna'),
('menget'),
('mengga'),
('menggala'),
('menggusta'),
('mengi'),
('mengicip'),
('mengirat'),
('mengkal'),
('mengkali'),
('mengkaras'),
('mengkelan'),
('mengkerang'),
('mengkeret'),
('mengking'),
('mengkirai'),
('mengkis'),
('mengkona'),
('mengkudu'),
('mengok'),
('mengor'),
('mengot'),
('mengsol'),
('mengsong'),
('mengung'),
('menhir'),
('meni'),
('meningitis'),
('menir'),
('meniran'),
('meniskus'),
('menit'),
('menjangan'),
('menjelai'),
('menong'),
('menopause'),
('menor'),
('menoragia'),
('menostaksis'),
('mens'),
('Menserendahi'),
('mensiang'),
('menstruasi'),
('mensurasi'),
('mentah'),
('mentak'),
('mental'),
('mentalitas'),
('mentang'),
('mentari'),
('mentaruh'),
('mentas'),
('mentaus'),
('mentega'),
('menteleng'),
('menteng'),
('mentereng'),
('menteri'),
('mentibu'),
('mentifakta'),
('mentigi'),
('mentilau'),
('mentimun'),
('mentis'),
('mentok'),
('mentol'),
('mentolo'),
('mentor'),
('mentora'),
('mentul'),
('menu'),
('menuet'),
('menung'),
('menur'),
('meong'),
('mepet'),
('meracang'),
('merah'),
('merajak'),
('merakan'),
('meralgia'),
('merambai'),
('merambung'),
('merana'),
('merang'),
('meranggi'),
('merangsi'),
('merangu'),
('meranti'),
('merat'),
('merawal'),
('merbah'),
('merbau'),
('merbaya'),
('merbuk'),
('merbulan'),
('mercon'),
('mercu'),
('mercusuar'),
('merdangga'),
('merdeka'),
('merdesa'),
('merdinah'),
('merdu'),
('merduk'),
('mere'),
('merek'),
('mereka'),
('merem'),
('merembung'),
('mereng'),
('meres'),
('mergat'),
('merger'),
('mergul'),
('meri'),
('meriam'),
('meriang'),
('merica'),
('meridian'),
('merih'),
('merik'),
('merikan'),
('merikarp'),
('mering'),
('meristem'),
('merjan'),
('merkah'),
('merkantilisme'),
('merkubang'),
('merkuri'),
('merkurium'),
('Merkurius'),
('merkuro'),
('merkurokrom'),
('merlilin'),
('merlimau'),
('merogoni'),
('merot'),
('merpati'),
('merpaud'),
('merpitis'),
('merpoyan'),
('merserisasi'),
('mersik'),
('merta'),
('mertamu'),
('mertapal'),
('mertayam'),
('mertega'),
('mertelu'),
('mertua'),
('meru'),
('merubi'),
('merunggai'),
('merut'),
('merwatin'),
('mes'),
('Mesa'),
('mesan'),
('mesara'),
('mesem'),
('mesin'),
('mesiu'),
('meskalina'),
('meski'),
('mesmerisme'),
('mesoderm'),
('mesodermik'),
('mesofili'),
('mesofit'),
('mesolitik'),
('mesolitikum'),
('mesometeorologi'),
('mesomorf'),
('meson'),
('mesopause'),
('mesosfer'),
('mesotel'),
('mesotoraks'),
('mesozoa'),
('mesozoikum'),
('mesra'),
('mesti'),
('mestika'),
('mestizo'),
('mesum'),
('mesut'),
('meta'),
('metabahasa'),
('metabolik'),
('metabolis'),
('metabolisme'),
('metabolit'),
('metafil'),
('metafisik'),
('metafisika'),
('metafora'),
('metaforis'),
('metah'),
('metai'),
('metal'),
('metalik'),
('metalinguistik'),
('metalografi'),
('metaloid'),
('metalurgi'),
('metalurgis'),
('metamorf'),
('metamorfis'),
('metamorfisme'),
('metamorfosis'),
('metana'),
('metanefros'),
('metanol'),
('metari'),
('metasenter'),
('metastasis'),
('metatarsus'),
('metatesis'),
('metazoa'),
('mete'),
('meteor'),
('meteorit'),
('meteorograf'),
('meteorogram'),
('meteoroid'),
('meteorologi'),
('meteorologis'),
('meteorologiwan'),
('meter'),
('meterai'),
('metil'),
('metode'),
('metodik'),
('metodis'),
('metodologi'),
('metonimi'),
('metonimia'),
('metrik'),
('metris'),
('metro'),
('metrologi'),
('metromini'),
('metronimik'),
('metronom'),
('metronomis'),
('metropolis'),
('metropolisasi'),
('metropolitan'),
('metroragia'),
('metrum'),
('meunasah'),
('mewah'),
('mewari'),
('mewek'),
('mezanin'),
('mezbah'),
('mezosopran'),
('miak'),
('miana'),
('miang'),
('miap'),
('miasma'),
('midar'),
('midi'),
('midik'),
('midodareni'),
('mieloma'),
('migrain'),
('migran'),
('migrasi'),
('migren'),
('mihrab'),
('mihun'),
('miiofili'),
('mijil'),
('miju'),
('mik'),
('mika'),
('mikat'),
('mikologi'),
('mikologiwan'),
('mikoprotein'),
('mikosis'),
('mikotoksin'),
('mikraj'),
('mikro'),
('mikroanalisis'),
('mikroangiopati'),
('mikrob'),
('mikrobiologi'),
('mikrobiologis'),
('mikrobisida'),
('mikrobus'),
('mikroekonomi'),
('mikroelektronika'),
('mikroelemen'),
('mikrofag'),
('mikrofarad'),
('mikrofilm'),
('mikrofita'),
('mikrofon'),
('mikrofotografi'),
('mikrogelombang'),
('mikrograf'),
('mikrografika'),
('mikrogram'),
('mikrohabitat'),
('mikrohistori'),
('mikrohm'),
('mikroklimat'),
('mikrokomputer'),
('mikrokosmos'),
('mikrolet'),
('mikrolinguistik'),
('mikrolit'),
('mikromanipulasi'),
('mikrometer'),
('mikrometri'),
('mikron'),
('mikroorganisme'),
('mikroprosesor'),
('mikrosefalia'),
('mikrosekon'),
('mikroskop'),
('mikroskopis'),
('mikrospora'),
('mikrotom'),
('mikrovilus'),
('mikrowatt'),
('mikser'),
('miksoedema'),
('mil'),
('milad'),
('milenium'),
('miliampere'),
('miliar'),
('miliarder'),
('miliaria'),
('miliarwan'),
('milibar'),
('milieu'),
('miligram'),
('milik'),
('mililiter'),
('milimeter'),
('milimikron'),
('milimol'),
('milioner'),
('milir'),
('milisi'),
('militan'),
('militansi'),
('militer'),
('militerisme'),
('militeristis'),
('miliun'),
('miliuner'),
('milivolt'),
('milu'),
('mim'),
('mimbar'),
('mimeograf'),
('mimesis'),
('mimi'),
('mimik'),
('mimikri'),
('mimis'),
('mimisan'),
('mimosa'),
('mimpi'),
('min'),
('minat'),
('minder'),
('mindi'),
('mindoan'),
('mindring'),
('mineral'),
('mineralisasi'),
('mineralogi'),
('mineralogis'),
('minggat'),
('minggir'),
('Minggu'),
('minhaj'),
('mini'),
('miniatur'),
('minibasket'),
('minibus'),
('minikar'),
('minikata'),
('minikomputer'),
('minim'),
('minimal'),
('minimarket'),
('minimum'),
('minium'),
('minor'),
('minoritas'),
('minta'),
('mintak'),
('mintakat'),
('mintakulburuj'),
('minterat'),
('Mintuna'),
('minum'),
('minus'),
('minyak'),
('mioglobin'),
('miokardia'),
('mioma'),
('miop'),
('miopia'),
('miosis'),
('miotik'),
('mipis'),
('mirah'),
('mirakel'),
('mirat'),
('miriapod'),
('mirih'),
('mirik'),
('miring'),
('mirip'),
('miris'),
('mirmekofag'),
('mirmekofili'),
('mirmekologi'),
('misa'),
('misai'),
('misal'),
('misan'),
('misantrop'),
('misbah'),
('misdinar'),
('misi'),
('misil'),
('misiologi'),
('misionaris'),
('misioner'),
('miskal'),
('miskin'),
('miskram'),
('misoa'),
('misofobia'),
('misogami'),
('misoginis'),
('mispersepsi'),
('mistar'),
('mister'),
('misteri'),
('misterius'),
('mistik'),
('mistis'),
('mistisisme'),
('mistri'),
('misuh'),
('miswat'),
('mitasi'),
('mite'),
('mitisida'),
('mitogen'),
('mitologi'),
('mitologis'),
('mitos'),
('mitosis'),
('mitra'),
('mitraliur'),
('mitrasejajar'),
('mizab'),
('mizan'),
('mnemonik'),
('mob'),
('mobil'),
('mobilet'),
('mobilisasi'),
('mobilisator'),
('mobilitas'),
('moblong'),
('mobokrasi'),
('mochi'),
('modal'),
('modalitas'),
('modar'),
('mode'),
('model'),
('modeling'),
('modem'),
('moderamen'),
('moderat'),
('moderato'),
('moderator'),
('modern'),
('modernisasi'),
('modernisme'),
('modernitas'),
('modernomaniak'),
('modifikasi'),
('modifikatif'),
('modin'),
('modis'),
('modiste'),
('modul'),
('modular'),
('modulasi'),
('modulator'),
('modus'),
('mofet'),
('moga'),
('mogok'),
('mohair'),
('mohon'),
('mohor'),
('mojah'),
('mojang'),
('mok'),
('moka'),
('moke'),
('moko'),
('moksa'),
('mol'),
('mola'),
('molar'),
('mole'),
('molek'),
('molekul'),
('molekuler'),
('moler'),
('moles'),
('molibden'),
('molibdenum'),
('molor'),
('molos'),
('molotov'),
('moluska'),
('momen'),
('momental'),
('momentum'),
('momok'),
('momong'),
('monarki'),
('moncong'),
('moncor'),
('mondial'),
('mondok'),
('mondolan'),
('mondong'),
('monel'),
('moneter'),
('monggol'),
('mongkok'),
('mongmong'),
('mongolisme'),
('mongoloid'),
('monisme'),
('monitor'),
('mono'),
('monoatom'),
('monodi'),
('monodrama'),
('monofag'),
('monofobia'),
('monofonir'),
('monogam'),
('monogami'),
('monogini'),
('monografi'),
('monogram'),
('monokarpa'),
('monokel'),
('monokini'),
('monoklin'),
('monoklinal'),
('monokotil'),
('monokotiledon'),
('monokrasi'),
('monokrom'),
('monokromatis'),
('monokromator'),
('monoksida'),
('monokultur'),
('monolingual'),
('monolit'),
('monolitik'),
('monolog'),
('monoloyalitas'),
('monomania'),
('monomer'),
('monoploid'),
('monopoli'),
('monopolistik'),
('monopsoni'),
('monorel'),
('monosakarida'),
('monosem'),
('monosemantik'),
('monosilabel'),
('monosilabisme'),
('monosit'),
('monospermi'),
('monoteis'),
('monoteisme'),
('monotipe'),
('monoton'),
('monsinyur'),
('monster'),
('monstera'),
('monsun'),
('montase'),
('montir'),
('montit'),
('montok'),
('monumen'),
('monumental'),
('monyet'),
('monyong'),
('monyos'),
('mop'),
('mopela'),
('mopit'),
('morak'),
('moral'),
('moralis'),
('moralisasi'),
('moralisme'),
('moralistis'),
('moralitas'),
('moratorium'),
('morbiditas'),
('morbili'),
('mordan'),
('moreng'),
('mores'),
('morf'),
('morfem'),
('morfemik'),
('morfemis'),
('morfin'),
('morfinis'),
('morfofonem'),
('morfofonemik'),
('morfofonemis'),
('morfofonologi'),
('morfogenesis'),
('morfologi'),
('morfzero'),
('mori'),
('moril'),
('mormon'),
('moron'),
('morong'),
('mortalitas'),
('mortar'),
('mortir'),
('mosaik'),
('mosi'),
('moster'),
('mota'),
('motel'),
('motif'),
('motivasi'),
('motivator'),
('moto'),
('motor'),
('motorik'),
('motoris'),
('motorisasi'),
('moyang'),
('mozaik'),
('mua'),
('muai'),
('muak'),
('muakadah'),
('mual'),
('mualaf'),
('mualamat'),
('mualif'),
('mualim'),
('muamalah'),
('muamalat'),
('muanas'),
('muara'),
('muarikh'),
('muas'),
('muasasah'),
('muasir'),
('muat'),
('muazam'),
('muazin'),
('mubah'),
('mubalig'),
('mubaligah'),
('mubarak'),
('mubarat'),
('mubazir'),
('mubtadi'),
('mubut'),
('mud'),
('muda'),
('mudah'),
('mudarabah'),
('mudarat'),
('mudasir'),
('mudat'),
('mudigah'),
('mudik'),
('mudra'),
('mudun'),
('mufaham'),
('mufakat'),
('mufarik'),
('mufasal'),
('mufasir'),
('muflis'),
('mufrad'),
('mufsidin'),
('mufti'),
('mugabat'),
('muhabah'),
('muhadarah'),
('muhadat'),
('muhajat'),
('muhajir'),
('muhajirin'),
('muhal'),
('muhalil'),
('muhami'),
('Muhammad'),
('Muharam'),
('muhasabah'),
('muhib'),
('muhibah'),
('muhit'),
('muhlikah'),
('muhrim'),
('muhsin'),
('muhtasyam'),
('muih'),
('mujadalah'),
('mujadid'),
('mujahadat'),
('mujahid'),
('mujahidin'),
('mujair'),
('mujang'),
('mujarab'),
('mujarad'),
('mujari'),
('mujbir'),
('mujtahid'),
('mujtamak'),
('mujur'),
('muka'),
('mukabalah'),
('mukadam'),
('mukadas'),
('mukadim'),
('mukadimah'),
('mukadis'),
('mukah'),
('mukalaf'),
('mukalid'),
('mukaram'),
('mukatabah'),
('mukena'),
('mukhabarah'),
('mukhalaf'),
('mukhalafah'),
('mukhalif'),
('mukhalis'),
('mukhlis'),
('mukhtasar'),
('mukibat'),
('mukim'),
('mukimin'),
('mukjizat'),
('mukmin'),
('mukminat'),
('mukminin'),
('mukoprotein'),
('mukosa'),
('mukositis'),
('muktabar'),
('muktamad'),
('muktamar'),
('muktamirin'),
('muktazilah'),
('mukun'),
('mula'),
('mulai'),
('mulakat'),
('mulamasah'),
('mulas'),
('mulato'),
('mulazamah'),
('mulhid'),
('mulia'),
('muliawan'),
('mullah'),
('mulsa'),
('multazam'),
('multibahasa'),
('multibahasawan'),
('multidimensi'),
('multidisipliner'),
('multietnik'),
('multifaset'),
('multifungsi'),
('multigravida'),
('multiguna'),
('multijutawan'),
('multikompleks'),
('multikrisis'),
('multikultur'),
('multikulturalisme'),
('multilateral'),
('multilingual'),
('multilingualisme'),
('multimedia'),
('multimeter'),
('multimilioner'),
('multinasional'),
('multinegara'),
('multiorgan'),
('multipara'),
('multipel'),
('multipleks'),
('multiplikasi'),
('multiplikator'),
('multipolar'),
('multiprosesor'),
('multirasial'),
('multirasialisme'),
('multiseluler'),
('multivalen'),
('multivalensi'),
('multivitamin'),
('muluk'),
('mulur'),
('mulus'),
('mulut'),
('mumayiz'),
('mumbang'),
('mumbul'),
('mumbung'),
('mumet'),
('mumi'),
('mumifikasi'),
('mumpung'),
('mumpuni'),
('mumuk'),
('mumut'),
('munafik'),
('munafikin'),
('munajat'),
('munajim'),
('munasabah'),
('muncang'),
('munci'),
('muncikari'),
('muncrat'),
('muncul'),
('muncus'),
('mundam'),
('munding'),
('mundu'),
('mundur'),
('mung'),
('munggu'),
('munggur'),
('mungil'),
('mungkar'),
('mungkin'),
('mungkir'),
('mungkum'),
('mungkur'),
('mungmung'),
('mungsi'),
('mungut'),
('munib'),
('munjung'),
('muno'),
('munsyi'),
('muntaber'),
('muntah'),
('muntaha'),
('muntu'),
('muntul'),
('muntup'),
('munyuk'),
('muon'),
('mupus'),
('mur'),
('mura'),
('murad'),
('muradif'),
('murah'),
('murai'),
('murakab'),
('murakabi'),
('mural'),
('muram'),
('murang'),
('muras'),
('murbei'),
('murca'),
('muri'),
('murid'),
('muring'),
('muris'),
('murka'),
('murni'),
('mursal'),
('mursyid'),
('murtad'),
('muruah'),
('murung'),
('murup'),
('murus'),
('mus'),
('musaadah'),
('musabab'),
('musabaqah'),
('musafir'),
('musafirin'),
('musakat'),
('musala'),
('musang'),
('musara'),
('museolog'),
('museologi'),
('museum'),
('mushaf'),
('musibah'),
('musik'),
('musikal'),
('musikalisasi'),
('musikalitas'),
('musikolog'),
('musikologi'),
('musikologis'),
('musikus'),
('musim'),
('musisi'),
('muskil'),
('muskovit'),
('muslih'),
('muslihat'),
('muslim'),
('muslimat'),
('muslimin'),
('muslin'),
('musnah'),
('muspra'),
('mustahak'),
('mustahik'),
('mustahil'),
('mustaid'),
('mustajab'),
('mustaka'),
('mustakim'),
('mustamik'),
('mustang'),
('musuh'),
('musyarakah'),
('musyarakat'),
('musyarik'),
('musyawarah'),
('musyrik'),
('musyrikin'),
('musytak'),
('musytari'),
('mutagen'),
('mutah'),
('mutakadim'),
('mutakalim'),
('mutakhir'),
('mutaki'),
('mutalaah'),
('mutan'),
('mutasawif'),
('mutasi'),
('mutawif'),
('mute'),
('mutiara'),
('mutih'),
('mutilasi'),
('mutisme'),
('mutlak'),
('mutmainah'),
('mutu'),
('mutualisme'),
('mutung'),
('muwafakat'),
('muwahid'),
('muwajahah'),
('muwakal'),
('muwakil'),
('muwari'),
('muzah'),
('muzakar'),
('muzakarah'),
('muzaki'),
('muzamil'),
('muzawir'),
('muzhab'),
('naam'),
('nabatah'),
('nabati'),
('nabi'),
('nabu'),
('nada'),
('nadi'),
('nadim'),
('nadir'),
('naf'),
('nafar'),
('nafi'),
('nafiri'),
('nafkah'),
('nafsi'),
('nafsu'),
('nafta'),
('naftalena'),
('naftena'),
('naftol'),
('naga'),
('nagam'),
('nagara'),
('nagari'),
('nagasari'),
('nah'),
('nahak'),
('nahas'),
('nahdiyin'),
('nahi'),
('nahkoda'),
('nahu'),
('naib'),
('naif'),
('naik'),
('naikkelas'),
('naim'),
('najam'),
('najasah'),
('najis'),
('nak'),
('naka'),
('nakal'),
('nakara'),
('nakhoda'),
('nal'),
('nala'),
('nalam'),
('nalar'),
('nali'),
('naluri'),
('naluriah'),
('nama'),
('namaskara'),
('namatad'),
('namatium'),
('nambi'),
('namnam'),
('nampan'),
('namun'),
('nan'),
('nanah'),
('nanang'),
('nanap'),
('nanaplankton'),
('nanar'),
('nanas'),
('nandu'),
('nandung'),
('nang'),
('nangka'),
('nangkring'),
('nangui'),
('naning'),
('nanofarad'),
('nanofosil'),
('nanogram'),
('nanometer'),
('nanti'),
('napal'),
('napalm'),
('napas'),
('napuh'),
('naqal'),
('naqli'),
('nara'),
('narablog'),
('narapati'),
('narapidana'),
('narapraja'),
('narasi'),
('narasumber'),
('naratif'),
('narator'),
('narkolepsi'),
('narkomaniak'),
('narkose'),
('narkosis'),
('narkotik'),
('narpati'),
('narsis'),
('narsisisme'),
('narsisme'),
('narwastu'),
('nas'),
('nasab'),
('nasabah'),
('nasakh'),
('nasal'),
('nasalisasi'),
('nasar'),
('nasehat'),
('nasel'),
('nasi'),
('nasib'),
('nasihat'),
('nasion'),
('nasional'),
('nasionalis'),
('nasionalisasi'),
('nasionalisme'),
('nasionalistis'),
('nasionisme'),
('naskah'),
('nasofaring'),
('Nasrani'),
('nasti'),
('nasut'),
('natal'),
('natalitas'),
('natang'),
('natar'),
('nativis'),
('nativisme'),
('nativistik'),
('natolokal'),
('natrium'),
('natur'),
('natura'),
('natural'),
('naturalis'),
('naturalisasi'),
('naturalisme'),
('naturalistis'),
('naturopatis'),
('naung'),
('nauplius'),
('nausea'),
('nautik'),
('nautika'),
('nautikal'),
('nautilus'),
('navigasi'),
('navigator'),
('nawa'),
('nawaitu'),
('nawala'),
('nawalapatra'),
('nawalapradata'),
('nayaka'),
('nayam'),
('nayap'),
('nazam'),
('nazar'),
('Nazi'),
('naziisme'),
('nazim'),
('nazir'),
('ndoro'),
('ndoroisme'),
('neala'),
('nealogi'),
('nebeng'),
('nebula'),
('nebulium'),
('neces'),
('necis'),
('nefoskop'),
('nefrektomi'),
('nefridium'),
('nefrit'),
('nefritis'),
('nefroblastoma'),
('nefrologi'),
('nefron'),
('nefrosis'),
('negara'),
('negarawan'),
('negasi'),
('negatif'),
('negativisme'),
('negativistik'),
('Neger'),
('negosi'),
('negosiasi'),
('negosiator'),
('negrito'),
('Negro'),
('negroid'),
('Negus'),
('nek'),
('neka'),
('nekad'),
('nekara'),
('nekat'),
('nekel'),
('nekoneko'),
('nekrofag'),
('nekrofagus'),
('nekrofili'),
('nekrofilia'),
('nekrogeografi'),
('nekrolog'),
('nekrologi'),
('nekromansi'),
('nekropolis'),
('nekropsi'),
('nekrosis'),
('neksus'),
('nektar'),
('nelangsa'),
('nelayan'),
('nemagon'),
('nematoda'),
('nematologi'),
('nematosida'),
('nematosis'),
('nenda'),
('nendatan'),
('nenek'),
('nenekanda'),
('nenen'),
('nenenda'),
('nener'),
('nenes'),
('neng'),
('neodarwinisme'),
('neodimium'),
('neofeodalisme'),
('neofeodalistis'),
('neoiknologi'),
('neoimpresionisme'),
('neokarpi'),
('neoklasik'),
('neoklasisme'),
('neokolonialisme'),
('neoliberalisme'),
('neolit'),
('neolitik'),
('neolitikum'),
('neologi'),
('neologisme'),
('neolokal'),
('neon'),
('neonatal'),
('neonatus'),
('neontologi'),
('neoplasma'),
('neoplatonisme'),
('neoprena'),
('neositosis'),
('neotipologi'),
('neovirus'),
('neozoikum'),
('nepotis'),
('nepotisme'),
('neptunium'),
('Neptunus'),
('neraca'),
('neraka'),
('neraksarak'),
('neritik'),
('neritopelagik'),
('neritoplankton'),
('nervasi'),
('nervur'),
('nestapa'),
('nestor'),
('net'),
('neto'),
('netra'),
('netral'),
('netralis'),
('netralisasi'),
('netralisme'),
('netralitas'),
('neural'),
('neuralgia'),
('neurastenia'),
('neuritis'),
('neuroblastoma'),
('neuroglia'),
('neurolinguistik'),
('neurolog'),
('neurologi'),
('neurologis'),
('neuron'),
('neurosis'),
('neurotik'),
('neurotransmiter'),
('neustonologi'),
('neutrino'),
('neutron'),
('newton'),
('ngaben'),
('ngakngikngok'),
('ngalau'),
('nganga'),
('ngarai'),
('ngeang'),
('ngebet'),
('ngebut'),
('ngeceng'),
('ngeden'),
('ngenas'),
('ngengat'),
('ngeong'),
('ngeri'),
('ngiang'),
('ngilu'),
('ngoko'),
('ngoyo'),
('ngung'),
('nia'),
('niaga'),
('niagawan'),
('nian'),
('niasin'),
('niat'),
('nibung'),
('nidasi'),
('nidera'),
('nidikola'),
('nidulus'),
('nifak'),
('nifas'),
('nih'),
('nihil'),
('nihilis'),
('nihilisme'),
('nijas'),
('nik'),
('nikah'),
('nikel'),
('nikmat'),
('nikotin'),
('niktigami'),
('nila'),
('nilai'),
('nilakandi'),
('nilam'),
('nilau'),
('nilon'),
('nimbostratus'),
('nimbrung'),
('nimfomania'),
('ninabobo'),
('ning'),
('ningnong'),
('ningrat'),
('nini'),
('ninik'),
('ninitowok'),
('niobium'),
('nipah'),
('nipis'),
('nira'),
('niraksara'),
('niraksarawan'),
('nirgagasan'),
('nirgesekan'),
('nirguna'),
('nirkabel'),
('nirlaba'),
('nirleka'),
('nirmala'),
('nirselera'),
('nirwana'),
('nirwarta'),
('nisab'),
('nisan'),
('nisbah'),
('nisbi'),
('niscaya'),
('niskala'),
('nista'),
('nistagmus'),
('nistatin'),
('nitrat'),
('nitrifikasi'),
('nitrobenzena'),
('nitrofili'),
('nitrofit'),
('nitrogen'),
('nitrogliserin'),
('nitroselulosa'),
('niyaga'),
('noa'),
('nobat'),
('nobelium'),
('noda'),
('nodulus'),
('nodus'),
('noja'),
('noken'),
('noktah'),
('nokturia'),
('nokturnal'),
('nol'),
('nomad'),
('nomenklatur'),
('nomina'),
('nominal'),
('nominalisasi'),
('nominalisme'),
('nominasi'),
('nominatif'),
('nominator'),
('nomine'),
('nomogram'),
('nomokrasi'),
('nomor'),
('nomplok'),
('non'),
('nonagresi'),
('nonaktif'),
('nonblok'),
('nondepartemen'),
('nondepartemental'),
('none'),
('nonekonomi'),
('noneksakta'),
('nonfiksi'),
('nonformal'),
('nongol'),
('nonhistoris'),
('noni'),
('nonilium'),
('nonindustri'),
('nonintervensi'),
('nonius'),
('nonkimia'),
('nonkombatan'),
('nonkonvensional'),
('nonkooperasi'),
('nonkooperatif'),
('nonmedis'),
('nonmigas'),
('nonmiliter'),
('nonok'),
('nonol'),
('nonong'),
('nonpatogenik'),
('nonpemerintah'),
('nonpolitik'),
('nonpredikatif'),
('nonpribumi'),
('nonproduktif'),
('nonprofit'),
('nonprotein'),
('nonsens'),
('nonsilabis'),
('nonstandar'),
('nonstop'),
('nonteknis'),
('nontradisional'),
('nonverbal'),
('nopek'),
('norak'),
('norit'),
('norma'),
('normal'),
('normalisasi'),
('normatif'),
('nosologi'),
('nostalgia'),
('nostrum'),
('not'),
('nota'),
('notabene'),
('notariat'),
('notaris'),
('notasi'),
('notes'),
('notifikasi'),
('notula'),
('notulis'),
('nova'),
('novel'),
('novela'),
('novelet'),
('novelis'),
('November'),
('novena'),
('novokaina'),
('nrima'),
('nuansa'),
('nubuat'),
('nudis'),
('nudisme'),
('nugat'),
('nugraha'),
('nujum'),
('nukil'),
('nukleat'),
('nukleolus'),
('nukleon'),
('nukleoprotein'),
('nukleus'),
('nuklida'),
('nuklir'),
('nulipara'),
('numeralia'),
('numerik'),
('numeris'),
('numismatika'),
('nun'),
('nunatak'),
('nung'),
('nunsius'),
('nunut'),
('nur'),
('nuraga'),
('nurani'),
('nurbisa'),
('nuri'),
('nuriah'),
('nus'),
('nusaindah'),
('nusantara'),
('nusyu'),
('nutan'),
('nutasi'),
('nutfah'),
('nutriea'),
('nutrisi'),
('nutrisionis'),
('nutrisisme'),
('nuzul'),
('NuzululQuran'),
('nyai'),
('nyak'),
('nyala'),
('nyalang'),
('nyalar'),
('nyale'),
('nyali'),
('nyaman'),
('nyambing'),
('nyamik'),
('nyamleng'),
('nyampang'),
('nyamplung'),
('nyamuk'),
('nyamur'),
('nyana'),
('nyang'),
('nyanya'),
('nyanyah'),
('nyanyang'),
('nyanyar'),
('nyanyi'),
('nyanyu'),
('nyanyuk'),
('nyapang'),
('nyapnyap'),
('nyarang'),
('nyarik'),
('nyaring'),
('nyaris'),
('nyata'),
('nyatuh'),
('nyawa'),
('nyawang'),
('nyelekit'),
('nyemplong'),
('nyentrik'),
('nyenyai'),
('nyenyak'),
('nyenyat'),
('nyenyeh'),
('nyenyep'),
('Nyepi'),
('nyeri'),
('nyerocos'),
('nyi'),
('nyingnying'),
('nyinyir'),
('nyiri'),
('nyiru'),
('nyit'),
('nyiur'),
('nyolnyolan'),
('nyolo'),
('nyoman'),
('nyong'),
('nyonya'),
('nyonyeh'),
('nyonyong'),
('nyonyor'),
('nyungsung'),
('nyunyut'),
('nyureng'),
('nyut'),
('oase'),
('oasis'),
('obar'),
('obat'),
('obduksi'),
('obelisk'),
('obeng'),
('obesitas'),
('obi'),
('obituarium'),
('objek'),
('objektif'),
('objektivisme'),
('objektivitas'),
('oblak'),
('oblasi'),
('obligasi'),
('oblong'),
('obo'),
('obor'),
('obral'),
('obras'),
('obrol'),
('obrus'),
('observasi'),
('observatorium'),
('obsesi'),
('obsesif'),
('obsidian'),
('obsolet'),
('obstetri'),
('obstruen'),
('obstruksi'),
('obviatif'),
('obyek'),
('obyektif'),
('obyektivisme'),
('obyektivitas'),
('oceh'),
('odalan'),
('ode'),
('odekolonye'),
('odinometer'),
('oditur'),
('odoh'),
('odol'),
('odometer'),
('odontoblas'),
('odontoid'),
('odontologi'),
('odoran'),
('oersted'),
('ofensif'),
('oferte'),
('ofisial'),
('ofset'),
('oftalmia'),
('oftalmoskop'),
('oga'),
('ogah'),
('ogam'),
('ogel'),
('ogok'),
('ogonium'),
('ohm'),
('ohmmeter'),
('oja'),
('ojeg'),
('ojek'),
('ojok'),
('okarina'),
('oke'),
('oker'),
('oklokrasi'),
('oklusi'),
('oklusif'),
('oknum'),
('okok'),
('oksalat'),
('oksiasetilena'),
('oksida'),
('oksidan'),
('oksidasi'),
('oksidator'),
('oksigen'),
('oksigenase'),
('oksimoron'),
('oksitetrasiklin'),
('oksiton'),
('oktaf'),
('oktagon'),
('oktahedron'),
('oktal'),
('oktana'),
('oktet'),
('Oktober'),
('oktroi'),
('okulasi'),
('okuler'),
('okulis'),
('okultis'),
('okultisme'),
('okupasi'),
('okupasional'),
('olah'),
('olahgerak'),
('olahraga'),
('olahragawan'),
('olahtubuh'),
('olak'),
('Olanda'),
('oleander'),
('olefin'),
('oleh'),
('olek'),
('oleng'),
('oleografi'),
('oleometer'),
('oleovitamin'),
('oles'),
('olet'),
('oleum'),
('oli'),
('oligarki'),
('oligofagus'),
('oligofrenia'),
('oligopoli'),
('oligopolistis'),
('oligopsoni'),
('oligosen'),
('oligositemia'),
('oligotrofik'),
('oliman'),
('Olimpiade'),
('oliva'),
('olivin'),
('olok'),
('om'),
('oma'),
('ombak'),
('ombyok'),
('omega'),
('omel'),
('omikron'),
('omnibus'),
('omnivor'),
('omong'),
('ompol'),
('ompong'),
('ompreng'),
('omprong'),
('ompu'),
('omset'),
('omslah'),
('omswastiastu'),
('omzet'),
('onagata'),
('onak'),
('onani'),
('onar'),
('oncat'),
('once'),
('oncek'),
('oncen'),
('oncer'),
('oncom'),
('oncor'),
('onder'),
('onderdil'),
('onderdistrik'),
('onderneming'),
('onderok'),
('ondo'),
('ondoafi'),
('ondok'),
('ondos'),
('ong'),
('ongahangih'),
('ongeh'),
('onggok'),
('ongji'),
('ongkang'),
('ongkok'),
('ongkos'),
('ongok'),
('oniks'),
('onkogen'),
('onkologi'),
('onomasiologi'),
('onomastika'),
('onomatologi'),
('onomatope'),
('ons'),
('onslah'),
('ontogeni'),
('ontologi'),
('ontologis'),
('onyang'),
('onyok'),
('onyot'),
('oogenesis'),
('oolit'),
('opa'),
('opak'),
('opal'),
('opalesen'),
('opas'),
('opasitas'),
('opelet'),
('open'),
('opendim'),
('openkap'),
('oper'),
('opera'),
('operasi'),
('operasional'),
('operasionalisasi'),
('operatif'),
('operator'),
('operet'),
('operkulum'),
('opini'),
('opisometer'),
('opium'),
('oplah'),
('oplet'),
('oplos'),
('opmak'),
('opname'),
('oponen'),
('opor'),
('oportunis');
INSERT INTO `katadasar` (`kata`) VALUES
('oportunisme'),
('oportunistis'),
('oportunitas'),
('oposan'),
('oposisi'),
('oppo'),
('opsen'),
('opseter'),
('opsi'),
('opsin'),
('opsiner'),
('opsional'),
('opsir'),
('opstal'),
('optatif'),
('optik'),
('optika'),
('optimal'),
('optimis'),
('optimisme'),
('optimistis'),
('optimum'),
('optis'),
('optisien'),
('optoelektronika'),
('optometri'),
('optometris'),
('opus'),
('orak'),
('orakel'),
('oral'),
('oralit'),
('orang'),
('oranye'),
('orasi'),
('orator'),
('oratoria'),
('oratoris'),
('oratorium'),
('orbit'),
('orbita'),
('orbital'),
('orde'),
('order'),
('ordi'),
('ordinal'),
('ordinasi'),
('ordinat'),
('ordiner'),
('ordner'),
('ordo'),
('ordonans'),
('ordonansi'),
('oren'),
('oreng'),
('oreol'),
('oret'),
('organ'),
('organdi'),
('organel'),
('organik'),
('organis'),
('organisasi'),
('organisator'),
('organisatoris'),
('organisme'),
('organismus'),
('organogram'),
('organon'),
('orgasme'),
('orgasmik'),
('orgel'),
('orien'),
('oriental'),
('orientalis'),
('orientasi'),
('origami'),
('Orion'),
('orisinal'),
('orisinalitas'),
('orkes'),
('orkestra'),
('orkestrasi'),
('ornamen'),
('ornamental'),
('ornamentasi'),
('ornitologi'),
('ornitologis'),
('ornitosis'),
('orografi'),
('orografik'),
('orografis'),
('orok'),
('ortodidaktik'),
('ortodoks'),
('ortodoksi'),
('ortodrom'),
('ortoepi'),
('ortografi'),
('ortografis'),
('ortoklas'),
('ortopedagogik'),
('ortopedi'),
('ortopedis'),
('ose'),
('osean'),
('oseanarium'),
('oseanografi'),
('oseanologi'),
('osifikasi'),
('osikel'),
('osilasi'),
('osilator'),
('osilograf'),
('osilogram'),
('osiloskop'),
('oskulum'),
('osmium'),
('osmometer'),
('osmoregulasi'),
('osmose'),
('osmosis'),
('ostentasi'),
('osteoblas'),
('osteoklas'),
('osteologi'),
('osteopati'),
('osteoporosis'),
('ostium'),
('otak'),
('otar'),
('otek'),
('otentik'),
('oto'),
('otobus'),
('otofon'),
('otologi'),
('otomat'),
('otomatis'),
('otomatisasi'),
('otomobil'),
('otomotif'),
('otonom'),
('otonomi'),
('otopet'),
('otorisasi'),
('otoritas'),
('otoriter'),
('otoritet'),
('otoskop'),
('otot'),
('ototipi'),
('oval'),
('ovarium'),
('ovasi'),
('oven'),
('over'),
('overaktif'),
('overal'),
('overdosis'),
('overkompensasi'),
('overpopulasi'),
('overproduksi'),
('oversimplifikasi'),
('overste'),
('oviduk'),
('ovipar'),
('oviparitas'),
('ovipositor'),
('ovitesis'),
('ovovivipar'),
('ovulasi'),
('ovulum'),
('ovum'),
('oyak'),
('oyek'),
('oyok'),
('oyong'),
('oyot'),
('ozokerit'),
('ozon'),
('ozonisator'),
('ozonometer'),
('pabean'),
('pabrik'),
('pabrikan'),
('pabrikasi'),
('pacai'),
('pacak'),
('pacal'),
('pacangan'),
('pacar'),
('pacarcina'),
('pacau'),
('pace'),
('pacek'),
('paceklik'),
('pacet'),
('pacih'),
('pacik'),
('pacok'),
('pacu'),
('pacuk'),
('pacul'),
('pada'),
('padah'),
('padahal'),
('padak'),
('padam'),
('padan'),
('padang'),
('padas'),
('padasan'),
('padat'),
('padepokan'),
('padi'),
('padma'),
('padmasana'),
('padmi'),
('padri'),
('padu'),
('padudan'),
('paduk'),
('paduka'),
('paduraksa'),
('paedofil'),
('paes'),
('pagan'),
('paganisme'),
('pagar'),
('pagas'),
('pagebluk'),
('pagelaran'),
('pagi'),
('pagina'),
('pagoda'),
('pagon'),
('pagu'),
('pagun'),
('pagupon'),
('pagut'),
('paguyuban'),
('pah'),
('paha'),
('pahala'),
('paham'),
('pahang'),
('pahar'),
('pahat'),
('paheman'),
('pahit'),
('pahlawan'),
('pahter'),
('pai'),
('paidon'),
('pail'),
('pailit'),
('Paing'),
('pair'),
('pais'),
('paitua'),
('paja'),
('pajak'),
('pajan'),
('pajang'),
('pajuan'),
('pajuh'),
('pak'),
('pakai'),
('pakal'),
('pakan'),
('pakanira'),
('pakansi'),
('pakar'),
('pakaryan'),
('pakat'),
('pakau'),
('pakcik'),
('pakde'),
('pakem'),
('paket'),
('pakihang'),
('pakihi'),
('paking'),
('pakis'),
('paklik'),
('pakpui'),
('pakpung'),
('paksa'),
('paksi'),
('paksina'),
('pakta'),
('pakter'),
('paku'),
('pakuh'),
('pakuk'),
('pakuncen'),
('pakus'),
('pal'),
('pala'),
('paladium'),
('palagan'),
('palai'),
('palak'),
('palaka'),
('palam'),
('palamarta'),
('palang'),
('palapa'),
('palar'),
('palari'),
('palas'),
('palat'),
('palatabilitas'),
('palatal'),
('palatalisasi'),
('palatografi'),
('palatogram'),
('palatum'),
('palau'),
('palawija'),
('paldu'),
('pale'),
('palem'),
('palen'),
('paleoantropologi'),
('paleobotani'),
('paleoekologi'),
('paleogeografi'),
('paleografi'),
('paleografis'),
('paleoklimatologi'),
('paleolitik'),
('paleolitikum'),
('paleontologi'),
('paleosen'),
('paleozoikum'),
('pales'),
('palet'),
('paliatif'),
('palindrom'),
('paling'),
('palinologi'),
('palis'),
('palit'),
('palka'),
('pallawa'),
('palmarosa'),
('palmin'),
('palmistri'),
('palmitat'),
('palolo'),
('palpasi'),
('palsu'),
('paltu'),
('palu'),
('paluh'),
('palun'),
('palung'),
('palut'),
('pamah'),
('paman'),
('pameget'),
('pamer'),
('pamflet'),
('pamit'),
('pamong'),
('pamongpraja'),
('pamor'),
('pampa'),
('pampan'),
('pampang'),
('pampas'),
('pampat'),
('pamper'),
('pampiniform'),
('pamrih'),
('pamungkas'),
('pan'),
('pana'),
('panah'),
('panai'),
('panakawan'),
('panar'),
('panas'),
('panasea'),
('panau'),
('pancabicara'),
('pancabuta'),
('pancacita'),
('pancadarma'),
('pancaindra'),
('pancaka'),
('pancakara'),
('pancakembar'),
('pancal'),
('pancalima'),
('pancalogam'),
('pancalomba'),
('pancalongok'),
('pancamarga'),
('pancamuka'),
('pancang'),
('pancaniti'),
('pancapersada'),
('pancar'),
('pancaragam'),
('pancarajadiraja'),
('pancaroba'),
('pancarona'),
('pancarterus'),
('Pancasila'),
('Pancasilais'),
('pancasona'),
('pancasuara'),
('pancasuda'),
('pancausaha'),
('pancawalikrama'),
('pancawara'),
('pancawarna'),
('pancawarsa'),
('panci'),
('pancing'),
('pancir'),
('pancit'),
('panco'),
('pancong'),
('pancung'),
('pancur'),
('pancut'),
('pandai'),
('pandak'),
('pandam'),
('pandan'),
('pandang'),
('pandau'),
('pandawa'),
('pandega'),
('pandemi'),
('pandemik'),
('pandialektal'),
('pandir'),
('pandit'),
('pandom'),
('pandu'),
('panekuk'),
('panel'),
('panelis'),
('panembahan'),
('panembrama'),
('panen'),
('panewu'),
('pangabekti'),
('pangah'),
('pangan'),
('pangeran'),
('pangestu'),
('panggak'),
('panggal'),
('panggang'),
('panggar'),
('panggau'),
('panggih'),
('panggil'),
('panggon'),
('panggu'),
('panggul'),
('panggung'),
('pangkah'),
('pangkai'),
('pangkal'),
('pangkaltolak'),
('pangkas'),
('pangkat'),
('pangkek'),
('pangkin'),
('pangkon'),
('pangku'),
('pangkung'),
('pangkur'),
('panglima'),
('pangling'),
('panglong'),
('pangolat'),
('pangonan'),
('pangpet'),
('pangpung'),
('pangrehpraja'),
('pangrukti'),
('pangsa'),
('pangsek'),
('pangsi'),
('pangsit'),
('panguk'),
('pangur'),
('pangus'),
('panik'),
('paniki'),
('panil'),
('paninggil'),
('paningset'),
('panir'),
('paniradia'),
('panitera'),
('panitia'),
('panja'),
('panjak'),
('panjang'),
('panjar'),
('panjarwala'),
('panjat'),
('panji'),
('panjing'),
('panjul'),
('panjunan'),
('panjut'),
('pankreas'),
('pankromatis'),
('pankronis'),
('panlektal'),
('panleukopenia'),
('panoptikum'),
('panorama'),
('panser'),
('pantai'),
('pantak'),
('pantalon'),
('pantang'),
('pantar'),
('pantas'),
('pantat'),
('pantau'),
('panteis'),
('panteisme'),
('panteistis'),
('pantek'),
('Pantekosta'),
('panteon'),
('panter'),
('panti'),
('pantik'),
('panting'),
('pantis'),
('panto'),
('pantofel'),
('pantograf'),
('pantomim'),
('pantri'),
('pantul'),
('pantun'),
('panus'),
('panutan'),
('panyembrama'),
('papa'),
('papacang'),
('papah'),
('papain'),
('papak'),
('papakerma'),
('papan'),
('papar'),
('paparazi'),
('papas'),
('papatong'),
('papi'),
('papila'),
('papirus'),
('papras'),
('paprika'),
('papui'),
('par'),
('para'),
('parab'),
('parabasis'),
('parabel'),
('parabiosis'),
('parabola'),
('paradam'),
('parade'),
('paradigma'),
('paradigmatis'),
('paradiso'),
('paradoks'),
('paradoksal'),
('parados'),
('paraf'),
('parafasia'),
('parafemia'),
('parafin'),
('parafrasa'),
('parafrenia'),
('paragaster'),
('paragog'),
('paragon'),
('paragraf'),
('parah'),
('parak'),
('paralaks'),
('paraldehida'),
('paralel'),
('paralelisasi'),
('paralelisme'),
('paralelogram'),
('paralgesia'),
('paralinguistik'),
('paralinguistis'),
('paralipsis'),
('paralisis'),
('paralitis'),
('param'),
('paramarta'),
('paramasastra'),
('paramedis'),
('paramen'),
('parameter'),
('paramiliter'),
('paran'),
('parang'),
('paranoia'),
('paranoid'),
('paranormal'),
('paranpara'),
('parap'),
('parapalatal'),
('parapati'),
('paraplasme'),
('paraplegia'),
('parapodium'),
('parapsikolog'),
('parapsikologi'),
('paras'),
('parasetamol'),
('parasintesis'),
('parasit'),
('parasitisme'),
('parasitoid'),
('parasitologi'),
('parasitoma'),
('parasitopolis'),
('parasut'),
('parasutis'),
('parataksis'),
('parataktis'),
('paratesis'),
('paratifus'),
('paratiroid'),
('parau'),
('pare'),
('parenial'),
('parenkim'),
('parental'),
('parentesis'),
('parestesia'),
('parewa'),
('parfum'),
('parga'),
('parhelion'),
('pari'),
('paria'),
('parididimis'),
('parih'),
('parik'),
('parikan'),
('paring'),
('paripurna'),
('paris'),
('parit'),
('paritas'),
('pariwara'),
('pariwisata'),
('parka'),
('parket'),
('parkinson'),
('parkinsonisme'),
('parkir'),
('parkit'),
('parlemen'),
('parlementaria'),
('parlementarisme'),
('parlementer'),
('parmitu'),
('parodi'),
('paroki'),
('parokial'),
('parokialisme'),
('parolfaktori'),
('paron'),
('paronim'),
('paronisia'),
('paronomasia'),
('parotitis'),
('parser'),
('parsi'),
('parsial'),
('partai'),
('partenogenesis'),
('partikel'),
('partikelir'),
('partikularisme'),
('partisan'),
('partisi'),
('partisipan'),
('partisipasi'),
('partitif'),
('partitur'),
('partner'),
('partus'),
('paru'),
('paruh'),
('parun'),
('parut'),
('parvenu'),
('parwa'),
('pas'),
('pasah'),
('pasai'),
('pasak'),
('pasal'),
('pasang'),
('pasanggiri'),
('pasar'),
('pasara'),
('pasaraya'),
('pasase'),
('pasasir'),
('pasat'),
('pascabedah'),
('pascadoktoral'),
('pascajual'),
('pascakawin'),
('pascakrisis'),
('pascalahir'),
('pascalarva'),
('pascalikuidasi'),
('pascamodern'),
('pascamodernisme'),
('pascaoperasi'),
('pascapanen'),
('pascaperang'),
('pascaproduksi'),
('pascareformasi'),
('pascasarjana'),
('pascausaha'),
('pascayuwana'),
('paseban'),
('paser'),
('paset'),
('pasfoto'),
('pasi'),
('pasien'),
('pasif'),
('pasifikasi'),
('pasifisme'),
('pasigrafi'),
('pasilan'),
('pasim'),
('pasimologi'),
('pasir'),
('pasit'),
('pasiva'),
('Paskah'),
('pasmat'),
('pasmen'),
('pasok'),
('pasowan'),
('paspor'),
('pasrah'),
('pasta'),
('pastel'),
('pasteur'),
('pasteurisasi'),
('pasti'),
('pastiles'),
('pastor'),
('pastoral'),
('pastura'),
('pasu'),
('pasuel'),
('pasuk'),
('pasumandan'),
('pasung'),
('patah'),
('pataka'),
('patam'),
('patang'),
('patar'),
('patek'),
('patela'),
('paten'),
('pater'),
('patera'),
('paternalis'),
('paternalisme'),
('paternalistis'),
('patet'),
('patetis'),
('patgulipat'),
('pati'),
('patih'),
('patik'),
('patil'),
('patin'),
('patina'),
('pating'),
('patio'),
('patirasa'),
('patiseri'),
('patka'),
('patogen'),
('patogenesis'),
('patogenik'),
('patois'),
('patok'),
('patokimia'),
('patola'),
('patolog'),
('patologi'),
('patologis'),
('patolopolis'),
('patos'),
('patri'),
('patriark'),
('patriarkat'),
('patrilineal'),
('patrimonium'),
('patriot'),
('patriotik'),
('patriotisme'),
('patroli'),
('patron'),
('patronasi'),
('patrun'),
('patuh'),
('patuk'),
('patung'),
('patungan'),
('patut'),
('pauh'),
('pauhi'),
('pauk'),
('paul'),
('paun'),
('paung'),
('paus'),
('pause'),
('paut'),
('paviliun'),
('pawai'),
('pawak'),
('pawaka'),
('pawana'),
('pawang'),
('pawiyatan'),
('pawukon'),
('paya'),
('payah'),
('payang'),
('payar'),
('payau'),
('payet'),
('payon'),
('payu'),
('payudara'),
('payung'),
('peang'),
('pecah'),
('pecahbelah'),
('pecahbeling'),
('pecai'),
('pecak'),
('pecal'),
('pecara'),
('pecat'),
('pece'),
('pecel'),
('peci'),
('pecicilan'),
('pecinan'),
('pecok'),
('pecuk'),
('pecun'),
('pecut'),
('peda'),
('pedada'),
('pedadah'),
('pedagog'),
('pedagogi'),
('pedagogis'),
('pedak'),
('pedaka'),
('pedal'),
('pedanda'),
('pedang'),
('pedapa'),
('pedar'),
('pedas'),
('pedati'),
('pedel'),
('pedena'),
('pedendang'),
('pedengan'),
('pedepokan'),
('pedestrian'),
('pedet'),
('pedewakan'),
('pediatri'),
('pedih'),
('pedikur'),
('pedis'),
('pedisel'),
('pedogenesis'),
('pedok'),
('pedologi'),
('pedoman'),
('pedometer'),
('pedongkang'),
('peduli'),
('pedunkel'),
('pedusi'),
('pedut'),
('pegagang'),
('pegah'),
('pegal'),
('pegan'),
('pegang'),
('pegar'),
('pegari'),
('pegas'),
('pegat'),
('pego'),
('pegoh'),
('pegon'),
('pegun'),
('pehong'),
('pei'),
('pejaka'),
('pejal'),
('pejam'),
('pejatian'),
('pejera'),
('pek'),
('peka'),
('pekaja'),
('pekak'),
('pekakak'),
('pekan'),
('pekarang'),
('pekasam'),
('pekaseh'),
('pekat'),
('pekatu'),
('pekau'),
('pekerti'),
('pekik'),
('peking'),
('pekir'),
('pekis'),
('pekiwan'),
('pekojan'),
('peksi'),
('pektik'),
('pektin'),
('peku'),
('pekuk'),
('pekulun'),
('pekung'),
('pelabi'),
('pelagas'),
('pelagis'),
('pelagra'),
('pelah'),
('pelak'),
('pelampang'),
('pelan'),
('pelana'),
('pelanduk'),
('pelang'),
('pelangai'),
('pelanggi'),
('pelangi'),
('pelangkin'),
('pelangpang'),
('pelanting'),
('pelas'),
('pelasik'),
('pelaspas'),
('pelasuh'),
('pelat'),
('pelata'),
('pelatuk'),
('pelayon'),
('pelbagai'),
('pelbak'),
('pelbet'),
('pelebat'),
('pelebaya'),
('pelebegu'),
('pelebon'),
('pelecet'),
('pelecok'),
('peleh'),
('pelek'),
('pelekat'),
('pelekok'),
('pelekuk'),
('pelembaya'),
('pelencit'),
('pelengak'),
('pelengan'),
('pelengset'),
('pelepah'),
('peles'),
('pelesat'),
('peleset'),
('pelesir'),
('pelet'),
('peletek'),
('peletik'),
('peleting'),
('peleton'),
('pelias'),
('pelihara'),
('pelik'),
('pelikan'),
('pelikel'),
('pelinggam'),
('pelinteng'),
('pelintir'),
('pelipir'),
('pelipis'),
('pelir'),
('pelisir'),
('pelisit'),
('pelit'),
('pelita'),
('pelitur'),
('pelo'),
('pelog'),
('peloh'),
('pelojok'),
('pelonco'),
('pelong'),
('pelopor'),
('pelor'),
('pelorot'),
('pelosok'),
('pelosot'),
('pelota'),
('pelotaris'),
('pelotot'),
('pelples'),
('pelpolisi'),
('pels'),
('peluh'),
('peluit'),
('peluk'),
('pelumpung'),
('pelupuk'),
('peluru'),
('pelus'),
('pelvis'),
('pemali'),
('pemarip'),
('pematang'),
('pembayan'),
('pemendak'),
('pemeo'),
('pemidang'),
('pempek'),
('pemudi'),
('pemuras'),
('pen'),
('pena'),
('penak'),
('penaka'),
('penalti'),
('penampan'),
('penaram'),
('penasaran'),
('penat'),
('penatu'),
('penatua'),
('pencak'),
('pencar'),
('pencet'),
('pencil'),
('pencok'),
('pencong'),
('pencu'),
('pencut'),
('penda'),
('pendahan'),
('pendak'),
('pendam'),
('pendapa'),
('pendar'),
('pendaringan'),
('pendek'),
('pendet'),
('pendeta'),
('pending'),
('pendok'),
('pendongkok'),
('pendopo'),
('penduk'),
('pendulum'),
('penembahan'),
('penes'),
('penetrasi'),
('penetron'),
('penewu'),
('penganak'),
('penganan'),
('pengang'),
('pengantin'),
('pengap'),
('pengapuh'),
('pengar'),
('pengaruh'),
('pengat'),
('pengatu'),
('pengeng'),
('pengerih'),
('pengga'),
('penggaga'),
('penggah'),
('penggal'),
('penggar'),
('penggawa'),
('penghulu'),
('pengin'),
('pengkal'),
('pengkar'),
('pengki'),
('pengkis'),
('pengkol'),
('pengkor'),
('pengos'),
('penguin'),
('pengulun'),
('peni'),
('pening'),
('peningset'),
('penis'),
('penisilin'),
('penisilinat'),
('penitensi'),
('peniti'),
('penjajap'),
('penjalin'),
('penjara'),
('penjaruman'),
('penjor'),
('penjura'),
('penmes'),
('penologi'),
('penomah'),
('pensi'),
('pensil'),
('pensiun'),
('pentagin'),
('pentagon'),
('pentagram'),
('pentahedron'),
('pental'),
('pentameter'),
('pentan'),
('pentana'),
('pentang'),
('pentar'),
('pentas'),
('pentatonik'),
('pentil'),
('pentilasi'),
('penting'),
('pentode'),
('pentol'),
('pentosa'),
('pentotal'),
('pentung'),
('penuh'),
('penyap'),
('penyek'),
('penyet'),
('penyok'),
('penyu'),
('peok'),
('peot'),
('pepagan'),
('pepah'),
('pepak'),
('pepaku'),
('peparu'),
('pepas'),
('pepat'),
('pepatah'),
('pepaya'),
('pepe'),
('pepek'),
('pepeling'),
('peper'),
('pepermin'),
('pepes'),
('pepet'),
('pepindan'),
('peplum'),
('pepsin'),
('pepsina'),
('pepsinogen'),
('peptida'),
('peptidase'),
('peptik'),
('pepton'),
('pepuju'),
('pepunden'),
('pepung'),
('peputut'),
('per'),
('pera'),
('perabot'),
('perada'),
('peragat'),
('peragawan'),
('peragawati'),
('perah'),
('perahu'),
('perai'),
('peraji'),
('perak'),
('peraka'),
('peram'),
('peran'),
('perang'),
('perangah'),
('perangai'),
('peranggang'),
('peranggu'),
('perangin'),
('peranjat'),
('peranserta'),
('peranti'),
('peranye'),
('perap'),
('peras'),
('perasat'),
('perasukan'),
('perat'),
('perata'),
('perawan'),
('perawas'),
('perawis'),
('perbal'),
('perban'),
('perbani'),
('perbatin'),
('perbawa'),
('perbekel'),
('perca'),
('percaya'),
('percik'),
('percis'),
('percit'),
('percul'),
('perdah'),
('perdana'),
('perdata'),
('perdeo'),
('perdikan'),
('perdom'),
('perdu'),
('pere'),
('peredus'),
('pereh'),
('perei'),
('perekik'),
('perempuan'),
('perenggan'),
('perengkat'),
('perenial'),
('perenyak'),
('perenyuk'),
('perepat'),
('peres'),
('peresau'),
('peresih'),
('perestroika'),
('peretel'),
('perewa'),
('perfek'),
('perfeksi'),
('perfeksionis'),
('perfeksionisme'),
('perfektif'),
('perforasi'),
('perforator'),
('performa'),
('pergam'),
('pergedel'),
('pergi'),
('pergok'),
('pergol'),
('pergola'),
('peri'),
('peria'),
('perian'),
('periang'),
('peribahasa'),
('periboga'),
('peribudi'),
('peridi'),
('perifer'),
('periferal'),
('periferalis'),
('periferi'),
('perifiton'),
('perifrasa'),
('perifrastis'),
('perige'),
('perigel'),
('perigi'),
('perih'),
('perihal'),
('perihelion'),
('perikarditis'),
('perikardium'),
('perikemanusiaan'),
('perikondrium'),
('periksa'),
('perilaku'),
('perimbas'),
('perimeter'),
('perimisium'),
('perimpin'),
('perin'),
('perinci'),
('perincit'),
('perineum'),
('perineurium'),
('pering'),
('peringgan'),
('peringgi'),
('peringgitan'),
('peringis'),
('peringkat'),
('perintah'),
('periodat'),
('periode'),
('periodik'),
('periodisasi'),
('periodontium'),
('periorbita'),
('periosteum'),
('perirana'),
('perisa'),
('perisai'),
('periskop'),
('perispora'),
('peristalsis'),
('peristaltik'),
('peristerit'),
('peristiwa'),
('peristonium'),
('perit'),
('peritoneum'),
('peritonitis'),
('periuk'),
('perivaskuler'),
('perjaka'),
('perkakas'),
('perkale'),
('perkamen'),
('perkara'),
('perkasa'),
('perkedel'),
('perkelang'),
('perkolar'),
('perkolasi'),
('perkolator'),
('perkoler'),
('perkosa'),
('perkusi'),
('perkutut'),
('perlahan'),
('perlak'),
('perlambang'),
('perleng'),
('perlente'),
('perlenteh'),
('perli'),
('perlina'),
('perling'),
('perlip'),
('perlit'),
('perlop'),
('perlu'),
('perlup'),
('perlus'),
('permadani'),
('permai'),
('permaisuri'),
('permak'),
('permalin'),
('permana'),
('permanen'),
('permanganat'),
('permasan'),
('permata'),
('permeabel'),
('permeabilitas'),
('permen'),
('permil'),
('permisi'),
('permisif'),
('permutasi'),
('pernah'),
('pernak'),
('pernekel'),
('pernik'),
('pernikel'),
('pernis'),
('perogol'),
('perohong'),
('peroi'),
('peroksida'),
('peroksidase'),
('peroksisom'),
('peroman'),
('peron'),
('peroneal'),
('peronyok'),
('perosok'),
('perosot'),
('perot'),
('perpatih'),
('perpetuasi'),
('perponding'),
('pers'),
('persada'),
('persangga'),
('persekot'),
('persekusi'),
('persen'),
('persentase'),
('persentil'),
('persepsi'),
('perseptif'),
('perseptivitas'),
('perseus'),
('perseverasi'),
('persih'),
('persik'),
('persil'),
('persis'),
('persisi'),
('perslah'),
('persneling'),
('person'),
('persona'),
('personal'),
('personalia'),
('personalisme'),
('personalitas'),
('personanongrata'),
('personel'),
('personifikasi'),
('perspektif'),
('perspektivisme'),
('persuasi'),
('persuasif'),
('pertal'),
('pertama'),
('pertepel'),
('pertiwi'),
('pertua'),
('perturbasi'),
('pertusis'),
('peruak'),
('peruan'),
('peruang'),
('perubalsem'),
('perudang'),
('peruk'),
('perum'),
('perumpung'),
('perun'),
('perunggu'),
('perunjung'),
('perupuk'),
('perus'),
('perusa'),
('perusi'),
('perut'),
('perversi'),
('perwara'),
('perwira'),
('pes'),
('pesa'),
('pesai'),
('pesak'),
('pesakin'),
('pesam'),
('pesan'),
('pesantren'),
('pesara'),
('pesat'),
('pesawat'),
('pese'),
('pesek'),
('peser'),
('peset'),
('pesi'),
('pesimis'),
('pesimisme'),
('pesimistis'),
('pesing'),
('pesirah'),
('pesisir'),
('pesolot'),
('pesona'),
('pesong'),
('pesta'),
('pestaka'),
('pestapora'),
('pestisida'),
('pestol'),
('pesuk'),
('pesut'),
('pet'),
('peta'),
('petah'),
('petai'),
('petak'),
('petaka'),
('petal'),
('petala'),
('petaling'),
('petam'),
('petamari'),
('petan'),
('petanen'),
('petang'),
('petaram'),
('petarang'),
('petaruan'),
('petas'),
('petatus'),
('petegian'),
('petek'),
('petel'),
('petenteng'),
('peterana'),
('peterseli'),
('petes'),
('peti'),
('petia'),
('peties'),
('petik'),
('petikrah'),
('petikut'),
('petilan'),
('peting'),
('petiolus'),
('petir'),
('petis'),
('petisi'),
('petisiwan'),
('petitih'),
('petitum'),
('petogram'),
('petola'),
('petopan'),
('petor'),
('petrodolar'),
('petrografi'),
('petrogram'),
('petrokimia'),
('petrol'),
('petrolatum'),
('petroleum'),
('petrologi'),
('petromaks'),
('petsai'),
('petuah'),
('petuding'),
('petuduh'),
('petuk'),
('petunia'),
('peturun'),
('petus'),
('petut'),
('pewaka'),
('pewat'),
('peyek'),
('peyorasi'),
('peyot'),
('piadah'),
('piagam'),
('piah'),
('piak'),
('pial'),
('piala'),
('pialang'),
('pialing'),
('pialu'),
('piama'),
('piang'),
('pianggang'),
('pianggu'),
('pianika'),
('pianis'),
('piano'),
('pianola'),
('piantan'),
('piara'),
('piarit'),
('pias'),
('piaster'),
('piat'),
('piatu'),
('piawai'),
('pica'),
('picik'),
('picing'),
('picis'),
('picit'),
('pico'),
('picu'),
('picung'),
('pidana'),
('pidato'),
('pidi'),
('piezoelektrik'),
('piezoelektrisitas'),
('piezometer'),
('pigmen'),
('pigmentasi'),
('pigmi'),
('pigura'),
('pihak'),
('pijah'),
('pijak'),
('pijar'),
('pijat'),
('pijin'),
('pijinasi'),
('pijit'),
('pika'),
('pikap'),
('pikat'),
('pikau'),
('pike'),
('piket'),
('pikir'),
('piknik'),
('piknometer'),
('pikofarad'),
('pikogram'),
('pikolo'),
('piktografi'),
('piktogram'),
('pikul'),
('pikun'),
('pil'),
('pilah'),
('pilak'),
('pilang'),
('pilar'),
('pilas'),
('pilaster'),
('pilau'),
('pileh'),
('pilek'),
('pileren'),
('pilih'),
('pilin'),
('pilis'),
('pilon'),
('pilong'),
('pilorus'),
('pilositas'),
('pilot'),
('pilsener'),
('pilu'),
('pilus'),
('pimpel'),
('pimpin'),
('pimping'),
('pin'),
('pinak'),
('pinang'),
('pinar'),
('pincang'),
('pincuk'),
('pincut'),
('pinda'),
('pindah'),
('pindahtugas'),
('pindai'),
('pindang'),
('pines'),
('pinga'),
('pingai'),
('pinggah'),
('pinggan'),
('pinggang'),
('pinggir'),
('pinggul'),
('pingit'),
('pingkal'),
('pingkau'),
('pingpong'),
('pingsan'),
('pingul'),
('pinis'),
('pinisepuh'),
('pinisi'),
('pinjal'),
('pinjam'),
('pinjung'),
('pinset'),
('pinta'),
('pintal'),
('pintan'),
('pintang'),
('pintar'),
('pintas'),
('pintil'),
('pintu'),
('pintur'),
('pinus'),
('piogenik'),
('pion'),
('pioner'),
('piong'),
('pionir'),
('pipa'),
('pipet'),
('pipi'),
('pipih'),
('pipil'),
('pipis'),
('pipit'),
('pir'),
('pirai'),
('piramida'),
('piramidal'),
('pirang'),
('piranograf'),
('piranogram'),
('piranometer'),
('pirau'),
('pireksia'),
('pirektik'),
('piretrum'),
('pirian'),
('piriform'),
('pirik'),
('piring'),
('pirit'),
('pirofilit'),
('pirofobia'),
('piroksen'),
('pirolisis'),
('piromania'),
('pirometalurgi'),
('pirometer'),
('piroteknik'),
('pirsa'),
('piruet'),
('pirus'),
('pis'),
('pisah'),
('pisang'),
('pisau'),
('Pises'),
('pisiformis'),
('pisik'),
('pisin'),
('pisit'),
('pisitan'),
('pisovonus'),
('pispot'),
('pistol'),
('pistom'),
('piston'),
('pisuh'),
('pit'),
('pita'),
('pitak'),
('pitam'),
('pitanggang'),
('pitar'),
('pitarah'),
('pitawat'),
('piting'),
('pitiriasis'),
('pitis'),
('pitometer'),
('piton'),
('pitot'),
('pitut'),
('piuh'),
('piung'),
('piut'),
('piutang'),
('pivot'),
('piwulang'),
('piyik'),
('piza'),
('plafon'),
('plagiarisme'),
('plagiat'),
('plagiator'),
('plagioklas'),
('plakat'),
('plaket'),
('plaksegel'),
('plamir'),
('plan'),
('planaria'),
('planet'),
('planetarium'),
('planetoid'),
('plang'),
('plangkan'),
('planimeter'),
('planimetri'),
('planing'),
('planisfer'),
('plankton'),
('plano'),
('planologi'),
('planologis'),
('planospora'),
('plantase'),
('planula'),
('plasenta'),
('plaser'),
('plasma'),
('plasmodium'),
('plasmosis'),
('plastid'),
('plastik'),
('plastin'),
('plastis'),
('plastisitas'),
('plastogami'),
('plastometer'),
('plastron'),
('platelet'),
('platform'),
('platina'),
('platinoid'),
('platinum'),
('platisma'),
('plato'),
('platonik'),
('platonisme'),
('plaza'),
('plebisit'),
('pleidoi'),
('pleiogami'),
('pleistosen'),
('pleksus'),
('plengkung'),
('pleno'),
('pleonasme'),
('pleopod'),
('plerem'),
('plester'),
('pletora'),
('pleura'),
('plinplan'),
('plinteng'),
('plintit'),
('pliosaurus'),
('pliosen'),
('ploi'),
('ploidi'),
('plombir'),
('plonci'),
('plonco'),
('plong'),
('plontos'),
('plosif'),
('plot'),
('plug'),
('plumbago'),
('plumbum'),
('plural'),
('pluralis'),
('pluralisme'),
('pluralistis'),
('pluriform'),
('plus'),
('Pluto'),
('plutokrasi'),
('plutonik'),
('plutonium'),
('pluvial'),
('pluviograf'),
('pluviometer'),
('pneumatika'),
('pneumatofos'),
('pneumatokista'),
('pneumonia'),
('poal'),
('poces'),
('poci'),
('pocok'),
('pocong'),
('podemporem'),
('podikal'),
('podium'),
('poetika'),
('pof'),
('pogrom'),
('pohon'),
('poikilohalin'),
('poikiloterm'),
('poin'),
('poise'),
('poiseuille'),
('pojok'),
('pok'),
('pokah'),
('pokeng'),
('poker'),
('poket'),
('poko'),
('pokok'),
('pokrol'),
('poksai'),
('pokta'),
('pol'),
('pola'),
('polah'),
('polan'),
('polang'),
('polarimeter'),
('polarimetri'),
('polaris'),
('polarisasi'),
('polaritas'),
('poldan'),
('polder'),
('polemik'),
('polemis'),
('polen'),
('poleng'),
('polenter'),
('poler'),
('poles'),
('polet'),
('poliandri'),
('poliantus'),
('poliester'),
('polifagia'),
('polifase'),
('polifoni'),
('poligam'),
('poligami'),
('poligini'),
('poliglot'),
('poliglotisme'),
('poligon'),
('poligraf'),
('polihalin'),
('polikel'),
('poliket'),
('poliklinik'),
('polikrom'),
('polikultur'),
('polimer'),
('polimerisasi'),
('polinia'),
('polio'),
('polip'),
('polipeptida'),
('polipetal'),
('poliploid'),
('polipropilena'),
('polis'),
('polisakarida'),
('polisemi'),
('polisentrisme'),
('polisepal'),
('polisi'),
('polisiklis'),
('polisilogisme'),
('polisindeton'),
('polisional'),
('polispermi'),
('polister'),
('politbiro'),
('politeis'),
('politeisme'),
('politeistis'),
('politeknik'),
('politena'),
('politik'),
('politikus'),
('politis'),
('politisasi'),
('poliuretan'),
('polivini'),
('polizoa'),
('polka'),
('polkadot'),
('polmah'),
('polo'),
('polok'),
('polones'),
('polong'),
('polonium'),
('polonter'),
('polos'),
('polusi'),
('polutan'),
('polutif'),
('poma'),
('pomade'),
('pomologi'),
('pompa'),
('pompang'),
('pompon'),
('pompong'),
('ponakan'),
('ponco'),
('pondamen'),
('pondar'),
('ponderabilitas'),
('pondik'),
('pondoh'),
('pondok'),
('pondong'),
('pongah'),
('ponggang'),
('ponggok'),
('pongkol'),
('pongsu'),
('poni'),
('ponil'),
('ponok'),
('ponor'),
('pons'),
('ponten'),
('pontoh'),
('ponton'),
('poo'),
('pop'),
('popelin'),
('popi'),
('popok'),
('popor'),
('popularisasi'),
('popularitas'),
('populasi'),
('populer'),
('populis'),
('populisme'),
('porah'),
('porfiria'),
('pori'),
('porisitas'),
('porno'),
('pornografi'),
('pornografis'),
('porok'),
('porong'),
('poros'),
('porositas'),
('porot'),
('porselen'),
('porsi'),
('porta'),
('portabel'),
('portal'),
('portepel'),
('portik'),
('portir'),
('porto'),
('portofolio'),
('pos'),
('pose'),
('poser'),
('posesif'),
('posisi'),
('positif'),
('positivisme'),
('positivistik'),
('positron'),
('positronium'),
('poskar'),
('poso'),
('posologi'),
('postar'),
('poster'),
('posterior'),
('postulat'),
('postur'),
('pot'),
('potas'),
('potasium'),
('potator'),
('potehi'),
('potel'),
('potensi'),
('potensial'),
('potensiometer'),
('potia'),
('potlot'),
('potol'),
('potong'),
('potret'),
('poundal'),
('poyang'),
('praanggapan'),
('praba'),
('prabu'),
('pradana'),
('pradesa'),
('pradesain'),
('pradini'),
('praduga'),
('pragmatik'),
('pragmatika'),
('pragmatis'),
('pragmatisme'),
('prah'),
('prahara'),
('prahoto'),
('prairi'),
('praja'),
('prajaksa'),
('prajurit'),
('prakala'),
('prakarsa'),
('prakarya'),
('prakata'),
('prakilang'),
('prakira'),
('prakondisi'),
('prakonsepsi'),
('praksis'),
('praktik'),
('praktikan'),
('praktikum'),
('praktis'),
('praktisi'),
('pralahir'),
('pramenstruasi'),
('prameswari'),
('pramodern'),
('pramubakti'),
('pramubarang'),
('pramubayi'),
('pramudi'),
('pramugara'),
('pramugari'),
('pramujasa'),
('pramuka'),
('pramukamar'),
('pramuniaga'),
('pramupintu'),
('pramuria'),
('pramusaji'),
('pramusiwi'),
('pramutamu'),
('pramuwisata'),
('pramuwisma'),
('pranala'),
('pranata'),
('pranatacara'),
('pranatal'),
('prangas'),
('prangko'),
('pranikah'),
('prapalatal'),
('prapatan'),
('prapendapat'),
('praperadilan'),
('prapromosi'),
('prapuber'),
('prapubertas'),
('prapuna'),
('prapustaka'),
('prarasa'),
('prarekam'),
('praremaja'),
('prasaja'),
('prasangka'),
('prasaran'),
('prasarana'),
('prasasti'),
('prasawya'),
('prasejahtera'),
('prasejarah'),
('prasekolah'),
('praseminar'),
('praseodimium'),
('prasetia'),
('prasi'),
('prasmanan'),
('prastudi'),
('prasyarat'),
('pratersier'),
('pratinjau'),
('prawacana'),
('prawira'),
('prayang'),
('prayitna'),
('prayojana'),
('prayuwana'),
('preadvis'),
('preambul'),
('preantena'),
('preasetabulum'),
('predasi'),
('predator'),
('predestinasi'),
('predikat'),
('predikatif'),
('prediksi'),
('predisposisi'),
('preferensi'),
('prefiks'),
('prehistori'),
('prei'),
('prekositas'),
('prekursor'),
('preliminer'),
('prelude'),
('preman'),
('prematur'),
('premi'),
('premis'),
('premium'),
('premolar'),
('prenatal'),
('prenjak'),
('preparat'),
('preposisi'),
('prepotensi'),
('prerogatif'),
('pres'),
('presbiopia'),
('presbiterium'),
('preseden'),
('presensi'),
('presentabel'),
('presentasi'),
('presentil'),
('preservasi'),
('presesi'),
('presiden'),
('presidensial'),
('presidentil'),
('presidium'),
('presiositas'),
('presipitasi'),
('presisi'),
('preskripsi'),
('preskriptif'),
('prestasi'),
('prestise'),
('prestisius'),
('presto'),
('presumsi'),
('pretel'),
('pretensi'),
('prevalensi'),
('preventif'),
('prewangan'),
('pria'),
('priagung'),
('priayi'),
('pribadi'),
('pribumi'),
('prihatin'),
('prima'),
('primadona'),
('primas'),
('primata'),
('primbon'),
('primer'),
('primitif'),
('primogenetur'),
('primordial'),
('primordialisme'),
('primpen'),
('pringgitan'),
('prinsip'),
('prinsipiil'),
('prioritas'),
('pripih'),
('pris'),
('prisma'),
('prit'),
('privasi'),
('privat'),
('privatisasi'),
('prive'),
('privilese'),
('pro'),
('proaktif'),
('probabilitas'),
('problem'),
('problematik'),
('procot'),
('prodemokrasi'),
('prodeo'),
('produk'),
('produksi'),
('produktif'),
('produktivitas'),
('produsen'),
('produser'),
('proenzim'),
('prof'),
('profan'),
('profanitas'),
('profase'),
('profesi'),
('profesional'),
('profesionalisme'),
('profesionalitas'),
('profesor'),
('profetik'),
('profil'),
('profilaksis'),
('profit'),
('profitabel'),
('profitabilitas'),
('proforma'),
('progeni'),
('progesteron'),
('prognosis'),
('program'),
('programa'),
('progres'),
('progresif'),
('progresivitas'),
('prohibisi'),
('proklamasi'),
('proklamator'),
('proklitik'),
('proksimal'),
('proksimat'),
('prokurasi'),
('prokurator'),
('prolat'),
('prolegomena'),
('proleksem'),
('proletar'),
('proletariat'),
('proletarisasi'),
('proliferasi'),
('prolog'),
('promenade'),
('prometium'),
('prominen'),
('prominensia'),
('promiskuitas'),
('promontorium'),
('promosi'),
('promotif'),
('promotor'),
('promovendus'),
('pronomina'),
('pronominal'),
('pronominalisasi'),
('prop'),
('propaganda'),
('propagandis'),
('propana'),
('propelan'),
('propeler'),
('properti'),
('propfan'),
('propilena'),
('proporsi'),
('proporsional'),
('proposal'),
('proposisi'),
('propulsi'),
('prosa'),
('prosais'),
('prosede'),
('prosedur'),
('prosedural'),
('prosenium'),
('proses'),
('prosesi'),
('prosesor'),
('proskonion'),
('proskriptivisme'),
('prosodi'),
('prosodis'),
('prospek'),
('prospeksi'),
('prospektif'),
('prospektus'),
('prostaglandin'),
('prostat'),
('prostitusi'),
('protagonis'),
('protaktinium'),
('protandri'),
('protasis'),
('proteid'),
('protein'),
('proteinuria'),
('proteksi'),
('proteksionisme'),
('protektif'),
('protektorat'),
('proteolisis'),
('proteolitik'),
('protes'),
('protese'),
('protesis'),
('Protestan'),
('Protestantisme'),
('protista'),
('protofon'),
('protogenesis'),
('protokol'),
('protokoler'),
('protolisis'),
('protolitik'),
('proton'),
('protoneolitik'),
('protoplasma'),
('protoraks'),
('prototipe'),
('protozoa'),
('protrombin'),
('protuberansia'),
('provinsi'),
('provinsialisme'),
('provisi'),
('provisional'),
('provitamin'),
('provokasi'),
('provokatif'),
('provokator'),
('provos'),
('proyek'),
('proyeksi'),
('proyektil'),
('proyektor'),
('prudensial'),
('prurigo'),
('psalm'),
('psamolitoral'),
('pseudokata'),
('pseudomorf'),
('pseudonim'),
('psi'),
('psike'),
('psikiater'),
('psikiatri'),
('psikis'),
('psikoanalisis'),
('psikodrama'),
('psikofarmakologi'),
('psikofisiologis'),
('psikokinesis'),
('psikolepsi'),
('psikolinguistik'),
('psikolog'),
('psikologi'),
('psikologis'),
('psikometri'),
('psikometrika'),
('psikomotor'),
('psikomotorik'),
('psikoneurosis'),
('psikopat'),
('psikopati'),
('psikopatologi'),
('psikosastra'),
('psikoseksual'),
('psikosis'),
('psikosomatik'),
('psikoteknik'),
('psikoteknis'),
('psikoterapi'),
('psikotes'),
('psikotropika'),
('psikrofili'),
('psikrometer'),
('psikrometri'),
('psitakosis'),
('psoriasis'),
('pterodaktil'),
('pteropoda'),
('ptialin'),
('ptomaina'),
('puadai'),
('puah'),
('puak'),
('puaka'),
('pual'),
('pualam'),
('puan'),
('puas'),
('puasa'),
('puatang'),
('pub'),
('puber'),
('pubertas'),
('pubesens'),
('publik'),
('publikasi'),
('publisis'),
('publisistik'),
('publisitas'),
('pucang'),
('pucat'),
('pucik'),
('pucuk'),
('pucung'),
('pudar'),
('pudat'),
('pudel'),
('puder'),
('pudi'),
('puding'),
('pudur'),
('puerpera'),
('puerperium'),
('pugak'),
('pugar'),
('pugas'),
('puguh'),
('puih'),
('puing'),
('puisi'),
('puitis'),
('puitisasi'),
('puja'),
('pujangga'),
('puji'),
('pujuk'),
('pujur'),
('pujut'),
('pukah'),
('pukal'),
('pukang'),
('pukas'),
('pukat'),
('pukau'),
('puki'),
('pukul'),
('pukulrata'),
('pul'),
('pula'),
('pulai'),
('pulan'),
('pulang'),
('pulas'),
('pulasan'),
('pulasari'),
('pulau'),
('pulen'),
('pulih'),
('pulik'),
('pulover'),
('pulp'),
('pulpen'),
('pulper'),
('pulsa'),
('pulsar'),
('pulsasi'),
('puluh'),
('pulun'),
('pulung'),
('pulut'),
('puma'),
('pumpun'),
('pun'),
('punah'),
('punai'),
('punakawan'),
('punar'),
('punat'),
('punca'),
('puncak'),
('punci'),
('pundak'),
('punden'),
('pundi'),
('punding'),
('punduh'),
('punduk'),
('pundung'),
('pung'),
('punggah'),
('punggai'),
('punggal'),
('pungguk'),
('punggung'),
('punggur'),
('pungkah'),
('pungkang'),
('pungkas'),
('pungkur'),
('pungli'),
('pungsi'),
('pungtuasi'),
('punguk'),
('pungut'),
('punia'),
('punjul'),
('punjung'),
('punjut'),
('punk'),
('puntal'),
('punti'),
('puntianak'),
('puntir'),
('puntuk'),
('puntul'),
('puntung'),
('punuk'),
('punya'),
('pupa'),
('pupil'),
('pupu'),
('pupuan'),
('pupuh'),
('pupuk'),
('pupur'),
('pupus'),
('puput'),
('pura'),
('purba'),
('purbakala'),
('purbani'),
('purbasangka'),
('purbawisesa'),
('purdah'),
('pure'),
('purgatif'),
('puri'),
('purifikasi'),
('purik'),
('puring'),
('puris'),
('purisme'),
('puristis'),
('puritan'),
('puritanisme'),
('purnabakti'),
('purnaintegrasi'),
('purnajabatan'),
('purnajual'),
('purnakarya'),
('purnakaryawan'),
('purnama'),
('purnapugar'),
('purnasarjana'),
('purnatugas'),
('purnawaktu'),
('purnawirawan'),
('purpura'),
('purser'),
('puru'),
('puruk'),
('purun'),
('purus'),
('purusa'),
('purut'),
('purwa'),
('purwakanti'),
('purwapada'),
('purwarupa'),
('pus'),
('pusak'),
('pusaka'),
('pusang'),
('pusar'),
('pusara'),
('pusat'),
('pusing'),
('puskesmas'),
('puso'),
('puspa'),
('puspadana'),
('puspadanta'),
('puspamala'),
('pusparagam'),
('puspas'),
('puspawarna'),
('puspita'),
('pusta'),
('pustaha'),
('pustaka'),
('pustakaloka'),
('pustakawan'),
('pusu'),
('pusung'),
('pusut'),
('putar'),
('putarbalik'),
('putarlidah'),
('putat'),
('puter'),
('puti'),
('putih'),
('putihmata'),
('putihtulang'),
('putik'),
('puting'),
('putra'),
('putranda'),
('putrawali'),
('putrefaksi'),
('putresin'),
('putri'),
('putriboyongan'),
('putriditas'),
('putrimalu'),
('putu'),
('putumayang'),
('putus'),
('putut'),
('puyan'),
('puyeng'),
('puyer'),
('puyonghai'),
('puyuh'),
('qaf'),
('qari'),
('qariah'),
('qasar'),
('qiamulail'),
('qiraah'),
('qiraat'),
('qudsi'),
('Quran'),
('raba'),
('rabak'),
('raban'),
('rabana'),
('rabani'),
('rabas'),
('rabat'),
('rabet'),
('rabi'),
('rabies'),
('rabit'),
('Rabiulakhir'),
('Rabiulawal'),
('rabotase'),
('rabuk'),
('Rabulizat'),
('rabun'),
('rabung'),
('rabut'),
('racak'),
('racau'),
('racik'),
('racuh'),
('racun'),
('rad'),
('rada'),
('radah'),
('radai'),
('radak'),
('radang'),
('radar'),
('radas'),
('raden'),
('rades'),
('radi'),
('radial'),
('radian'),
('radians'),
('radiasi'),
('radiator'),
('radif'),
('radikal'),
('radikalisasi'),
('radikalisme'),
('radiks'),
('radikula'),
('radin'),
('radio'),
('radioaktif'),
('radioaktivitas'),
('radiogenetika'),
('radiogoniometer'),
('radiogoniometri'),
('radiograf'),
('radiografi'),
('radiogram'),
('radioisotop'),
('radiokarbon'),
('radiokimia'),
('radiolisis'),
('radiolog'),
('radiologi'),
('radiolokasi'),
('radiometer'),
('radiosonde'),
('radiotelefoni'),
('radiotelegrafi'),
('radiotelegrafis'),
('radioterapi'),
('radis'),
('radium'),
('radius'),
('radon'),
('radu'),
('radurisasi'),
('rafaksi'),
('rafe'),
('rafi'),
('rafia'),
('rafidi'),
('rafik'),
('raflesia'),
('raga'),
('ragam'),
('ragang'),
('ragas'),
('ragawi'),
('ragi'),
('ragib'),
('ragil'),
('ragu'),
('raguk'),
('ragum'),
('ragung'),
('ragut'),
('rahak'),
('rahang'),
('rahap'),
('raharja'),
('rahasia'),
('rahat'),
('rahayu'),
('rahib'),
('rahim'),
('rahimakallah'),
('rahimakumullah'),
('rahman'),
('rahmat'),
('rahmatullah'),
('rahu'),
('rai'),
('raib'),
('raih'),
('raimuna'),
('rais'),
('raja'),
('Rajab'),
('rajabiah'),
('rajah'),
('rajalela'),
('rajam'),
('rajang'),
('rajapati'),
('rajawali'),
('rajim'),
('rajin'),
('rajok'),
('rajuk'),
('rajul'),
('rajungan'),
('rajut'),
('rak'),
('raka'),
('rakaat'),
('rakah'),
('rakanita'),
('rakap'),
('rakat'),
('rakawira'),
('rakbol'),
('raket'),
('rakila'),
('rakis'),
('rakit'),
('rakitis'),
('rakna'),
('raksa'),
('raksabumi'),
('raksasa'),
('raksi'),
('rakuk'),
('rakung'),
('rakus'),
('rakut'),
('rakyat'),
('rakyu'),
('ralat'),
('ralip'),
('ram'),
('rama'),
('Ramadan'),
('ramah'),
('ramahtamah'),
('ramai'),
('ramal'),
('ramanda'),
('ramania'),
('rambah'),
('rambai'),
('ramban'),
('rambang'),
('rambat'),
('rambeh'),
('rambu'),
('rambun'),
('rambung'),
('rambut'),
('rambutan'),
('rambuti'),
('rames'),
('rami'),
('ramin'),
('ramirezi'),
('rampa'),
('rampai'),
('rampak'),
('rampang'),
('rampas'),
('rampat'),
('ramping'),
('rampok'),
('rampuh'),
('rampung'),
('rampus'),
('ramu'),
('ramus'),
('rana'),
('ranah'),
('ranap'),
('ranca'),
('rancah'),
('rancak'),
('rancam'),
('rancang'),
('rancap'),
('rancau'),
('rancu'),
('rancung'),
('randa'),
('randah'),
('randai'),
('randajawan'),
('randak'),
('randat'),
('randau'),
('randek'),
('randi'),
('randu'),
('randuk'),
('randung'),
('rang'),
('rangah'),
('rangai'),
('rangak'),
('rangam'),
('rangas'),
('rangga'),
('ranggah'),
('ranggak'),
('ranggas'),
('ranggi'),
('ranggit'),
('ranggul'),
('ranggung'),
('rangin'),
('rangina'),
('rangka'),
('rangkai'),
('rangkak'),
('rangkam'),
('rangkang'),
('rangkaya'),
('rangket'),
('rangkiang'),
('rangkik'),
('rangking'),
('rangkit'),
('rangkok'),
('rangkul'),
('rangkum'),
('rangkung'),
('rangkup'),
('rangkus'),
('rangkut'),
('rangrang'),
('rangrangan'),
('rangsang'),
('rangu'),
('rangum'),
('rangup'),
('rani'),
('ranjang'),
('ranjau'),
('ranji'),
('ranjing'),
('rankine'),
('ransel'),
('ransum'),
('rantai'),
('rantam'),
('rantang'),
('rantas'),
('rantau'),
('rante'),
('ranti'),
('ranting'),
('rantuk'),
('rantus'),
('ranum'),
('ranyah'),
('ranyau'),
('ranyun'),
('rap'),
('rapah'),
('rapai'),
('rapak'),
('rapal'),
('rapang'),
('rapat'),
('rapel'),
('rapi'),
('rapiah'),
('rapik'),
('rapor'),
('rapsodi'),
('rapu'),
('rapuh'),
('rapun'),
('rapung'),
('rapus'),
('raraha'),
('rarai'),
('rarak'),
('rarangan'),
('raras'),
('ras'),
('rasa'),
('rasai'),
('rasam'),
('rasamala'),
('rasau'),
('rasberi'),
('rase'),
('rasem'),
('rasi'),
('rasia'),
('rasial'),
('rasialis'),
('rasialisme'),
('rasian'),
('rasio'),
('rasional'),
('rasionalis'),
('rasionalisasi'),
('rasionalisme'),
('rasionalitas'),
('rasisme'),
('raster'),
('rasuk'),
('rasul'),
('rasuli'),
('Rasulullah'),
('rasyid'),
('rasywah'),
('rat'),
('rata'),
('ratah'),
('ratap'),
('ratib'),
('ratifikasi'),
('ratna'),
('ratu'),
('ratus'),
('rau'),
('raudah'),
('raudatulatfal'),
('raum'),
('raun'),
('raung'),
('raup'),
('raut'),
('rawa'),
('rawai'),
('rawak'),
('rawan'),
('rawat'),
('rawatib'),
('rawi'),
('rawin'),
('rawit'),
('rawon'),
('raya'),
('rayah'),
('rayan'),
('rayang'),
('rayap'),
('rayau'),
('rayon'),
('rayonisasi'),
('rayu'),
('razia'),
('reagen'),
('reagensia'),
('reak'),
('reaksi'),
('reaksioner'),
('reaktan'),
('reaktans'),
('reaktansi'),
('reaktif'),
('reaktivitas'),
('reakton'),
('reaktor'),
('reaktualisasi'),
('real'),
('realis'),
('realisasi'),
('realisme'),
('realistis'),
('realitas'),
('realokasi'),
('realpolitik'),
('reasuransi'),
('Reaumur'),
('reba'),
('rebab'),
('rebah'),
('rebak'),
('reban'),
('rebana'),
('rebas'),
('rebat'),
('rebeh'),
('rebek'),
('rebes'),
('rebet'),
('rebewes'),
('reboisasi'),
('rebon'),
('rebu'),
('rebuk'),
('rebung'),
('rebus'),
('rebut'),
('reca'),
('recak'),
('receh'),
('recet'),
('recik'),
('recok'),
('recup'),
('reda'),
('redah'),
('redaksi'),
('redaksional'),
('redaktur'),
('redam'),
('redang'),
('redap'),
('redefinisi'),
('redih'),
('redik'),
('redoks'),
('reduksi'),
('reduksionisme'),
('redum'),
('redup'),
('reduplikasi'),
('redusir'),
('redut'),
('reedukasi'),
('reekspor'),
('referat'),
('referen'),
('referendaris'),
('referendum'),
('referensi'),
('referensial'),
('reflasi'),
('refleks'),
('refleksi'),
('reflektif'),
('reflektor'),
('reformasi'),
('reformis'),
('refraksi'),
('refraktometer'),
('refraktor'),
('refrein'),
('refrigerator'),
('regah'),
('regan'),
('regang'),
('regas'),
('regat'),
('regata'),
('regel'),
('regen'),
('regenerasi'),
('reges'),
('regi'),
('regio'),
('region'),
('regional'),
('regionalisme'),
('register'),
('registrasi'),
('regisur'),
('reglemen'),
('reglementer'),
('regol'),
('regresi'),
('regresif'),
('regu'),
('reguk'),
('regularisasi'),
('regulasi'),
('regulatif'),
('regulator'),
('reguler'),
('regup'),
('rehab'),
('rehabilitasi'),
('rehabilitatif'),
('rehal'),
('rehat'),
('rehidrasi'),
('reideologisasi'),
('reindoktrinasi'),
('reinkarnasi'),
('reintegrasi'),
('reinterpretasi'),
('reinvestasi'),
('reja'),
('rejah'),
('rejan'),
('rejang'),
('rejasa'),
('rejeh'),
('rejeng'),
('rejuk'),
('rek'),
('reka'),
('rekabentuk'),
('rekacipta'),
('rekah'),
('rekal'),
('rekalkulasi'),
('rekam'),
('rekan'),
('rekanalisasi'),
('rekap'),
('rekapangan'),
('rekapitalisasi'),
('rekapitulasi'),
('rekat'),
('rekata'),
('rekayasa'),
('rekayasawan'),
('reken'),
('rekening'),
('rekes'),
('rekisitor'),
('rekisitur'),
('reklamasi'),
('reklame'),
('reklasering'),
('reklasifikasi'),
('rekognisi'),
('rekoleksi'),
('rekombinan'),
('rekombinasi'),
('rekomendasi'),
('rekonsiliasi'),
('rekonstruksi'),
('rekonstruktif'),
('rekonvensi'),
('rekor'),
('rekreasi'),
('rekrut'),
('rekrutmen'),
('reksa'),
('rekstok'),
('rektifikasi'),
('rekto'),
('rektor'),
('rekuiem'),
('rekuisisi'),
('rekuisitor'),
('rekurs'),
('rel'),
('rela'),
('relai'),
('relaks'),
('relaksasi'),
('relang'),
('relap'),
('relas'),
('relasi'),
('relatif'),
('relativisasi'),
('relativisme'),
('relativitas'),
('relau'),
('relawan'),
('relban'),
('relevan'),
('relevansi'),
('reli'),
('reliabel'),
('reliabilitas'),
('relief'),
('religi'),
('religiositas'),
('religius'),
('relik'),
('relikui'),
('relokasi'),
('reluk'),
('relung'),
('rem'),
('rema'),
('remah'),
('remai'),
('remaja'),
('remak'),
('remanen'),
('remang'),
('remas'),
('rematik'),
('rematisme'),
('rematoid'),
('rembah'),
('rembang'),
('rembas'),
('rembat'),
('rembega'),
('rembes'),
('rembet'),
('rembih'),
('rembuk'),
('rembulan'),
('rembunai'),
('remburs'),
('rembut'),
('remedi'),
('remedial'),
('remediasi'),
('remeh'),
('remenia'),
('remet'),
('remi'),
('remiak'),
('remiling'),
('reminisensi'),
('remis'),
('remisi'),
('remoh'),
('rempa'),
('rempah'),
('rempak'),
('rempela'),
('rempelas'),
('rempenai'),
('rempeyek'),
('rempong'),
('rempuh'),
('rempuk'),
('rempus'),
('remujung'),
('remuk'),
('remunerasi'),
('remunggai'),
('renah'),
('renai'),
('renaisans'),
('renal'),
('renang'),
('rencah'),
('rencak'),
('rencam'),
('rencana'),
('rencang'),
('rencat'),
('renceh'),
('renceng'),
('rencet'),
('rencong'),
('renda'),
('rendabel'),
('rendah'),
('rendam'),
('rendang'),
('rendemen'),
('rendeng'),
('rendong'),
('renegosiasi'),
('renek'),
('renes'),
('reng'),
('rengadean'),
('rengap'),
('rengas'),
('rengat'),
('rengeh'),
('rengek'),
('rengeng'),
('rengga'),
('renggam'),
('renggang'),
('renggat'),
('renggek'),
('rengges'),
('rengginang'),
('renggut'),
('rengit'),
('rengkah'),
('rengkam'),
('rengkeh'),
('rengket'),
('rengkit'),
('rengkong'),
('rengkudah'),
('rengkuh'),
('rengrengan'),
('rengsa'),
('rengus'),
('rengut'),
('renik'),
('renin'),
('renium'),
('renjana'),
('renjatan'),
('renjeng'),
('renjis'),
('renjong'),
('renjul'),
('renkinang'),
('renovasi'),
('renta'),
('rentabilitas'),
('rentak'),
('rentaka'),
('rental'),
('rentan'),
('rentang'),
('rentap'),
('rentas'),
('rente'),
('renteng'),
('rentenir'),
('rentet'),
('renti'),
('rentik'),
('renung'),
('renvoi'),
('renyah'),
('renyam'),
('renyang'),
('renyap'),
('renyau'),
('renyeh'),
('renyek'),
('renyem'),
('renyuk'),
('renyut'),
('reog'),
('reol'),
('reologi'),
('reometri'),
('reorganisasi'),
('reorientasi'),
('reostat'),
('reot'),
('repang'),
('reparasi'),
('repas'),
('repatrian'),
('repatriasi'),
('repek'),
('repertoar'),
('repes'),
('repet'),
('repeten'),
('repetisi'),
('repetitif'),
('repetitor'),
('repih'),
('replik'),
('replika'),
('repolarisasi'),
('repormir'),
('reportase'),
('reporter'),
('reposisi'),
('repot'),
('representasi'),
('representatif'),
('represi'),
('represif'),
('reproduksi'),
('reprografi'),
('reptil'),
('reptilia'),
('republik'),
('republiken'),
('repuh'),
('repui'),
('reput'),
('reputasi'),
('rerak'),
('rerangka'),
('reranting'),
('reras'),
('rerata'),
('rerongkong'),
('rerot'),
('rerugi'),
('reruntuk'),
('resa'),
('resah'),
('resak'),
('resam'),
('resan'),
('resap'),
('resbang'),
('resek'),
('resensi'),
('resensor'),
('resep'),
('resepsi'),
('resepsionis'),
('reseptif'),
('reseptor'),
('reserse'),
('resersir'),
('reservat'),
('reserve'),
('reservoir'),
('reses'),
('resesi'),
('resi'),
('residen'),
('residivis'),
('residivisme'),
('residivistis'),
('residu'),
('resik'),
('resiko'),
('resimen'),
('resin'),
('resinol'),
('resipien'),
('resiprok'),
('resiprokal'),
('resistan'),
('resistans'),
('resistansi'),
('resistor'),
('resital'),
('resitasi'),
('resmi'),
('resolusi'),
('resonan'),
('resonansi'),
('resonator'),
('resor'),
('resorpsi'),
('resorsinol'),
('resosialisasi'),
('respek'),
('respirasi'),
('respirator'),
('responden'),
('respons'),
('responsi'),
('responsif'),
('restan'),
('restiformis'),
('restitusi'),
('restoran'),
('restorasi'),
('restriksi'),
('restriktif'),
('restrukturisasi'),
('restu'),
('restung'),
('resultan'),
('resume'),
('resurjensi'),
('ret'),
('reta'),
('retail'),
('retak'),
('retardasi'),
('retas'),
('retek'),
('retenidos'),
('retensi'),
('retet'),
('retih'),
('retikuler'),
('retina'),
('retinakulum'),
('retinitis'),
('retok'),
('retorik'),
('retorika'),
('retoris'),
('retorsi'),
('retradisionalisasi'),
('retreatisme'),
('retret'),
('retribusi'),
('retroaktif'),
('retrofleks'),
('retrofleksi'),
('retrogresi'),
('retrogresif'),
('retrolingual'),
('retromamal'),
('retromandibuler'),
('retrospeksi'),
('retur'),
('retus'),
('reumatismos'),
('reuni'),
('reunifikasi'),
('revaksinasi'),
('revaluasi'),
('revans'),
('reverberasi'),
('revisi'),
('revisibilitas'),
('revisionis'),
('revitalisasi'),
('revolusi'),
('revolusioner'),
('revolver'),
('rewak'),
('rewan'),
('rewanda'),
('rewang'),
('rewel'),
('rewet'),
('reyal'),
('reyot'),
('rezeki'),
('rezim'),
('ria'),
('riadat'),
('riah'),
('riak'),
('rial'),
('riam'),
('rian'),
('riang'),
('riap'),
('rias'),
('riba'),
('ribang'),
('ribat'),
('ribatat'),
('riben'),
('riboflavin'),
('ribosom'),
('ribu'),
('ribut'),
('rica'),
('ricau'),
('ricik'),
('ricuh'),
('rida'),
('ridan'),
('ridi'),
('riding'),
('ridip'),
('ridu'),
('rigai'),
('rihat'),
('rihlah'),
('riil'),
('rijal'),
('rijalulgaib'),
('rijang'),
('rikuh'),
('rileks'),
('rilis'),
('rim'),
('rima'),
('rimas'),
('rimata'),
('rimba'),
('rimbas'),
('rimbat'),
('rimbawan'),
('rimbun'),
('rime'),
('rimis'),
('rimpang'),
('rimpel'),
('rimpi'),
('rimpuh'),
('rimpung'),
('rinai'),
('rincis'),
('rincu'),
('rindang'),
('rinding'),
('rindu'),
('ring'),
('ringan'),
('ringgit'),
('ringih'),
('ringik'),
('ringin'),
('ringis'),
('ringkai'),
('ringkas'),
('ringkih'),
('ringkik'),
('ringking'),
('ringkuk'),
('ringkus'),
('ringsek'),
('ringsing'),
('rini'),
('rinitis'),
('rinjing'),
('rinoskop'),
('rintang'),
('rintas'),
('rintih'),
('rintik'),
('rintis'),
('rinyai'),
('riol'),
('ripit'),
('riptaloka'),
('ripuh'),
('ripuk'),
('ririt'),
('risa'),
('risak'),
('risalah'),
('risau'),
('riset'),
('risi'),
('risik'),
('risiko'),
('risit'),
('riskan'),
('rit'),
('ritel'),
('ritme'),
('ritmis'),
('ritual'),
('ritul'),
('ritus'),
('riuh'),
('riuk'),
('riung'),
('rival'),
('rivalitas'),
('riwan'),
('riwayat'),
('robek'),
('roboh'),
('robok'),
('robot'),
('robotika'),
('rocet'),
('roda'),
('rodan'),
('rodat'),
('rodensial'),
('rodentisida'),
('rodi'),
('rodium'),
('rodok'),
('rodolit'),
('rodong'),
('roga'),
('rogoh'),
('rogok'),
('rogol'),
('roh'),
('rohani'),
('rohaniah'),
('rohaniwan'),
('rohmat'),
('Rohulkudus'),
('roi'),
('rojeng'),
('rojol'),
('rok'),
('rokade'),
('roker'),
('roket'),
('roki'),
('rokok'),
('rol'),
('rolet'),
('rolpres'),
('roma'),
('roman'),
('romanistik'),
('romansa'),
('romantik'),
('romantika'),
('romantikus'),
('romantis'),
('romantisisme'),
('Romawi'),
('rombak'),
('rombeng'),
('rombik'),
('rombohedron'),
('romboid'),
('rombok'),
('rombong'),
('rombus'),
('romet'),
('romok'),
('romong'),
('rompak'),
('rompal'),
('rompang'),
('rompeng'),
('rompes'),
('rompi'),
('rompoh'),
('rompok'),
('rompong'),
('rompyok'),
('romsus'),
('romusa'),
('rona'),
('ronce'),
('roncet'),
('ronda'),
('ronde'),
('rondo'),
('rondok'),
('roneo'),
('rong'),
('rongak'),
('rongga'),
('ronggang'),
('ronggeng'),
('ronggok'),
('ronggong'),
('rongkoh'),
('rongkok'),
('rongkol'),
('rongkong'),
('rongos'),
('rongrong'),
('rongseng'),
('rongsok'),
('ronta'),
('rontek'),
('rontgen'),
('rontok'),
('ronyeh'),
('ronyok'),
('rorehe'),
('rorod'),
('ros'),
('rosario'),
('rosela'),
('roseng'),
('roseola'),
('roset'),
('rosin'),
('rosok'),
('rosot'),
('rotan'),
('rotasi'),
('rotator'),
('roti'),
('rotograf'),
('rotok'),
('rowot'),
('royak'),
('royal'),
('royalti'),
('royan'),
('royemen'),
('royer'),
('rua'),
('ruadat'),
('ruai'),
('ruak'),
('ruam'),
('ruang'),
('ruap'),
('ruas'),
('ruat'),
('ruaya'),
('rubah'),
('rubai'),
('rubaiat'),
('ruban'),
('rubanat'),
('rubel'),
('rubela'),
('rubeola'),
('rubiah'),
('rubidium'),
('rubik'),
('rubin'),
('rubing'),
('rubrik'),
('rubu'),
('rubung'),
('rucah'),
('rudah'),
('rudal'),
('rudapaksa'),
('rudi'),
('rudimen'),
('rudin'),
('rudu'),
('rudus'),
('rugbi'),
('rugi'),
('ruh'),
('ruhban'),
('ruhbanat'),
('ruhbaniat'),
('ruilslag'),
('ruing'),
('ruit'),
('rujah'),
('rujak'),
('ruji'),
('rujuk'),
('rukam'),
('rukhsah'),
('rukiah'),
('ruku'),
('rukuh'),
('rukuk'),
('rukun'),
('rukyat'),
('rukyatulhilal'),
('rumah'),
('rumahsakit'),
('rumahtangga'),
('rumba'),
('rumbah'),
('rumbai'),
('rumbia'),
('rumbing'),
('rumbu'),
('rumen'),
('rumenia'),
('Rumi'),
('rumin'),
('ruminansia'),
('rumit'),
('rumor'),
('rumpakan'),
('rumpang'),
('rumpi'),
('rumpil'),
('rumpon'),
('rumpun'),
('rumput'),
('rumrum'),
('rumuk'),
('rumung'),
('rumus'),
('runcing'),
('runcit'),
('runding'),
('runduk'),
('rundung'),
('rungau'),
('runggas'),
('runggu'),
('rungguh'),
('runggut'),
('rungkau'),
('rungkuh'),
('rungkun'),
('rungkup'),
('rungu'),
('rungus'),
('rungut'),
('runjam'),
('runjang'),
('runjau'),
('runjung'),
('runtai'),
('runtas'),
('runti'),
('runtih'),
('runtuh'),
('runtun'),
('runtut'),
('runut'),
('runyam'),
('runyut'),
('ruok'),
('rupa'),
('rupawan'),
('rupee'),
('rupiah'),
('rurut'),
('rusa'),
('rusak'),
('rusuh'),
('rusuk'),
('rutab'),
('rute'),
('rutenium'),
('ruterfordium'),
('rutin'),
('rutuk'),
('rutup'),
('Ruwah'),
('ruwat'),
('ruwet'),
('ruyak'),
('ruyap'),
('ruyung'),
('ruyup'),
('saadah'),
('saadin'),
('saanen'),
('saat'),
('saba'),
('sabah'),
('sabak'),
('Saban'),
('sabana'),
('sabang'),
('sabar'),
('sabasani'),
('sabat'),
('sabatikal'),
('sabda'),
('sabel'),
('saben'),
('sabet'),
('sabil'),
('sabilillah'),
('sabit'),
('sabitah'),
('sableng'),
('sablon'),
('sabo'),
('sabot'),
('sabotase'),
('sabsab'),
('Sabtu'),
('sabun'),
('sabung'),
('sabur'),
('sabut'),
('sad'),
('sadah'),
('sadai'),
('sadak'),
('sadang'),
('sadap'),
('sadar'),
('sadariah'),
('sadau'),
('sadel'),
('sadik'),
('sadin'),
('sading'),
('sadir'),
('sadis'),
('sadisme'),
('sadistis'),
('sadrah'),
('sadran'),
('sadu'),
('sadur'),
('saf'),
('safa'),
('safari'),
('safi'),
('safih'),
('safinah'),
('safinatunajah'),
('safir'),
('safron'),
('safsaf'),
('saga'),
('sagai'),
('sagang'),
('sagar'),
('Sagitarius'),
('sagon'),
('sagu'),
('saguer'),
('sagur'),
('sah'),
('sahabat'),
('saham'),
('sahan'),
('sahang'),
('sahap'),
('sahara'),
('saharah'),
('sahaya'),
('sahayanda'),
('sahdu'),
('sahi'),
('sahib'),
('sahibulbait'),
('sahibulhajat'),
('sahibulhikayat'),
('sahifah'),
('sahih'),
('sahir'),
('sahkan'),
('sahmura'),
('sahur'),
('sahut'),
('sai'),
('saif'),
('Sailan'),
('sailo'),
('saing'),
('sains'),
('saintis'),
('sair'),
('sais'),
('saja'),
('sajadah'),
('sajak'),
('sajang'),
('sajen'),
('saji'),
('sak'),
('sakal'),
('sakang'),
('sakap'),
('sakar'),
('sakarida'),
('sakarimeter'),
('sakarin'),
('sakarosa'),
('sakat'),
('sake'),
('sakelar'),
('sakelek'),
('sakhawat'),
('sakhi'),
('sakhrat'),
('sakhsi'),
('saki'),
('sakinah'),
('saking'),
('sakit'),
('saklek'),
('sakral'),
('sakramen'),
('sakramental'),
('sakramentalia'),
('sakratulmaut'),
('sakrilegi'),
('sakristi'),
('sakrokoksigeal'),
('sakrolumbal'),
('sakrum'),
('saksama'),
('saksang'),
('saksi'),
('saksofon'),
('sakti'),
('saku'),
('sakura'),
('salaf'),
('salaharti'),
('salahguna'),
('salai'),
('salak'),
('salam'),
('salang'),
('salar'),
('salaris'),
('salasal'),
('salat'),
('salatin'),
('saldo'),
('sale'),
('saleh'),
('salem'),
('salep'),
('sali'),
('salib'),
('salihah'),
('salim'),
('salin'),
('salina'),
('salindia'),
('salindra'),
('saling'),
('salinisasi'),
('salinitas'),
('salinometer'),
('salip'),
('salir'),
('salivasi'),
('salju'),
('salmon'),
('salmonela'),
('salon'),
('salpeter'),
('salping'),
('saltasi'),
('salto'),
('saluir'),
('saluk'),
('salung'),
('salur'),
('salut'),
('salvarsan'),
('salvo'),
('sama'),
('samaada'),
('samad'),
('samak'),
('saman'),
('samanera'),
('samaniah'),
('samapta'),
('samar'),
('samara'),
('samarata'),
('samarium'),
('samas'),
('samawi'),
('samba'),
('sambal'),
('sambalewa'),
('sambangan'),
('sambar'),
('sambat'),
('sambau'),
('samben'),
('sambet'),
('sambi'),
('sambil'),
('sambillalu'),
('sambiloto'),
('sambit'),
('sambuk'),
('sambung'),
('sambungtangan'),
('sambur'),
('sambut'),
('sami'),
('samidra'),
('samijaga'),
('samin'),
('samir'),
('samovar'),
('sampa'),
('sampah'),
('sampai'),
('sampak'),
('sampakan'),
('sampan'),
('sampang'),
('sampanye'),
('sampar'),
('samparan'),
('sampat'),
('sampean'),
('sampek'),
('sampel'),
('samper'),
('sampeyan'),
('sampil'),
('sampilik'),
('samping'),
('sampir'),
('samplok'),
('sampo'),
('sampu'),
('sampuk'),
('sampul'),
('sampur'),
('samsak'),
('samsam'),
('samseng'),
('samsir'),
('samsiti'),
('samsu'),
('samudra'),
('samuh'),
('samum'),
('samun'),
('samurai'),
('sana'),
('sanad'),
('sanak'),
('sanat'),
('sanatogen'),
('sanatorium'),
('sanawiah'),
('sanca'),
('sanda'),
('sandal'),
('sandang'),
('sandar'),
('sandel'),
('sandera'),
('sandi'),
('sanding'),
('sandiwara'),
('sando'),
('sandung'),
('sandungan'),
('sang'),
('sanga'),
('sangai'),
('sangan'),
('sangar'),
('sangat'),
('sangau'),
('sangga'),
('sanggah'),
('sanggam'),
('sanggama'),
('sanggamara'),
('sanggan'),
('sanggang'),
('sanggar'),
('sanggarunggi'),
('sanggat'),
('sanggep'),
('sanggerah'),
('sangging'),
('sanggit'),
('sanggrah'),
('sanggraloka'),
('sanggul'),
('sanggup'),
('sanggurdi'),
('sangha'),
('sangih'),
('sangir'),
('sangit'),
('sangka'),
('sangkak'),
('sangkakala'),
('sangkal'),
('sangkala'),
('sangkan'),
('sangkar'),
('sangkil'),
('sangku'),
('sangkur'),
('sangkut'),
('sangkutpaut'),
('sangli'),
('sangling'),
('sanglir'),
('sangon'),
('sangrai'),
('sangsam'),
('sangsang'),
('sangsi'),
('sangu'),
('sanguifikasi'),
('sangulun'),
('sangyang'),
('sani'),
('sanik'),
('sanitas'),
('sanitasi'),
('saniter'),
('sanjai'),
('sanjak'),
('sanjang'),
('sanjung'),
('sanksi'),
('sano'),
('sansai'),
('sanseviera'),
('Sanskerta'),
('santa'),
('santai'),
('santak'),
('santam'),
('santan'),
('santap'),
('santase'),
('santau'),
('santer'),
('santet'),
('santiaji'),
('santing'),
('santir'),
('santo'),
('santonin'),
('santri'),
('santriwati'),
('santun'),
('santung'),
('sanubari'),
('sap'),
('sapa'),
('sapai'),
('saparantu'),
('sapat'),
('sapau'),
('sapersi'),
('sapi'),
('sapih'),
('sapir'),
('sapit'),
('sapogenin'),
('saponin'),
('saprofit'),
('saptadarma'),
('saptamarga'),
('saptapesona'),
('sapu'),
('saput'),
('saputangan'),
('sar'),
('sara'),
('saraf'),
('sarak'),
('saran'),
('sarana'),
('sarang'),
('sarangan'),
('sarap'),
('sarasehan'),
('sarat'),
('sarau'),
('sarden'),
('sardencis'),
('sarean'),
('sareh'),
('sarekat'),
('saren'),
('sarengat'),
('sarhad'),
('sari'),
('saridele'),
('sarik'),
('sarikan'),
('saring'),
('saripati'),
('sarira'),
('sarirah'),
('sarit'),
('sarjana'),
('sarju'),
('sarkasme'),
('sarkastis'),
('sarkode'),
('sarkoderma'),
('sarkofagus'),
('sarkolema'),
('sarkologi'),
('sarkoma'),
('sarkoplasma'),
('saron'),
('sarsaparila'),
('Sartan'),
('saru'),
('saruk'),
('sarung'),
('sarut'),
('sarwa'),
('sasa'),
('sasak'),
('sasakala'),
('sasana'),
('sasando'),
('sasap'),
('sasar'),
('sasau'),
('sasi'),
('sasian'),
('sasis'),
('sasmita'),
('sastra'),
('sastrawan'),
('sastrawi'),
('sat'),
('satai'),
('satak'),
('satang'),
('satanologi'),
('satar'),
('sate'),
('satelit'),
('satih'),
('satin'),
('satinet'),
('satir'),
('satire'),
('satiris'),
('satori'),
('satpam'),
('satron'),
('satu'),
('satumeja'),
('satupadu'),
('Saturnus'),
('saturometer'),
('satwa'),
('satyagraha'),
('satyalencana'),
('satyawacana'),
('saudagar'),
('saudara'),
('saudari'),
('sauh'),
('saujana'),
('sauk'),
('saum'),
('sauna'),
('saung'),
('saus'),
('saut'),
('sauvinis'),
('sauvinisme'),
('sauvinistis'),
('sawa'),
('sawab'),
('sawah'),
('sawai'),
('sawala'),
('sawan'),
('sawang'),
('sawangan');
INSERT INTO `katadasar` (`kata`) VALUES
('sawar'),
('sawat'),
('sawer'),
('sawi'),
('sawit'),
('sawo'),
('sawut'),
('saya'),
('sayak'),
('sayang'),
('sayat'),
('sayembara'),
('sayet'),
('sayib'),
('sayid'),
('sayidani'),
('sayidi'),
('sayidina'),
('sayu'),
('sayung'),
('sayup'),
('sayur'),
('seba'),
('sebab'),
('sebahat'),
('sebai'),
('sebak'),
('sebal'),
('sebam'),
('sebar'),
('sebarau'),
('sebarluas'),
('sebasah'),
('sebat'),
('sebaur'),
('sebekah'),
('sebel'),
('sebeng'),
('seberang'),
('seberhana'),
('sebet'),
('sebit'),
('seblang'),
('sebrot'),
('sebu'),
('sebuk'),
('sebum'),
('sebun'),
('sebura'),
('seburas'),
('seburu'),
('seburus'),
('seburut'),
('sebut'),
('secang'),
('seceng'),
('secerek'),
('secina'),
('sedahan'),
('sedak'),
('sedam'),
('sedan'),
('sedang'),
('sedap'),
('sedat'),
('sedatif'),
('sedativa'),
('sedawai'),
('sedekah'),
('sedekap'),
('sedelinggam'),
('sedeng'),
('sederhana'),
('sederum'),
('sedia'),
('sediakala'),
('sedih'),
('sedikit'),
('sedimen'),
('sedimentasi'),
('sedimenter'),
('sedingin'),
('sedong'),
('sedot'),
('sedu'),
('seduayah'),
('seduh'),
('sefalopoda'),
('sefalotoraks'),
('seg'),
('sega'),
('segah'),
('segak'),
('segala'),
('segan'),
('seganda'),
('segani'),
('segar'),
('segara'),
('segata'),
('segeger'),
('segeh'),
('segel'),
('segenap'),
('segera'),
('segi'),
('segianya'),
('segitiga'),
('segmen'),
('segmental'),
('segmentasi'),
('segregasi'),
('seh'),
('sehat'),
('sehingga'),
('seilometer'),
('sein'),
('seismik'),
('seismograf'),
('seismogram'),
('seismolog'),
('seismologi'),
('seismometer'),
('sejahtera'),
('sejak'),
('sejarah'),
('sejarawan'),
('sejari'),
('sejat'),
('sejati'),
('sejingkat'),
('sejuk'),
('sek'),
('seka'),
('sekadar'),
('sekak'),
('sekakar'),
('sekakmat'),
('sekal'),
('sekala'),
('sekaligus'),
('sekalipun'),
('sekalor'),
('sekam'),
('sekan'),
('sekang'),
('sekap'),
('sekapar'),
('sekar'),
('sekarang'),
('sekarat'),
('sekat'),
('sekaten'),
('sekaut'),
('sekeber'),
('sekebun'),
('sekedeng'),
('sekeduduk'),
('sekedup'),
('sekelat'),
('sekelian'),
('sekema'),
('sekendal'),
('sekendi'),
('sekengkeng'),
('sekepat'),
('sekeram'),
('sekeri'),
('sekerindangan'),
('sekering'),
('sekesel'),
('sekh'),
('sekilwak'),
('sekip'),
('sekira'),
('sekiram'),
('seko'),
('sekoci'),
('sekoi'),
('sekolah'),
('sekon'),
('sekongkol'),
('sekop'),
('sekopong'),
('sekoteng'),
('sekrap'),
('sekresi'),
('sekreta'),
('sekretariat'),
('sekretaris'),
('sekretin'),
('sekring'),
('sekrip'),
('sekrup'),
('seks'),
('seksi'),
('seksmaniak'),
('seksolog'),
('seksologi'),
('seksologis'),
('sekstan'),
('sekstet'),
('seksual'),
('seksualitas'),
('sektarian'),
('sektarianisme'),
('sekte'),
('sektor'),
('sektoral'),
('sekuas'),
('sekul'),
('sekularis'),
('sekularisasi'),
('sekularisme'),
('sekularitas'),
('sekuler'),
('sekulir'),
('sekunar'),
('sekunder'),
('sekunyit'),
('sekuritas'),
('sekuriti'),
('sekutu'),
('sel'),
('sela'),
('selabar'),
('selaberak'),
('selada'),
('seladang'),
('seladon'),
('selai'),
('selain'),
('selaju'),
('selak'),
('selaka'),
('selakarang'),
('selalu'),
('selam'),
('selamat'),
('selamba'),
('selampai'),
('selampe'),
('selampek'),
('selampit'),
('Selan'),
('selancak'),
('selancang'),
('selancar'),
('selang'),
('selangat'),
('selangka'),
('selangkang'),
('selangkup'),
('selanting'),
('selap'),
('selapan'),
('selaput'),
('selar'),
('selara'),
('selarak'),
('selaras'),
('selarung'),
('Selasa'),
('selasar'),
('selasih'),
('selat'),
('Selatan'),
('selawah'),
('selawat'),
('selaya'),
('selayun'),
('selayur'),
('sele'),
('selebaran'),
('selebran'),
('selebrasi'),
('selebritas'),
('selebriti'),
('selebu'),
('seleder'),
('selederi'),
('seledri'),
('seleguri'),
('selekeh'),
('selekoh'),
('selekor'),
('seleksi'),
('selektif'),
('selektivitas'),
('seleler'),
('selembana'),
('selempada'),
('selempang'),
('selempuri'),
('selendang'),
('selender'),
('selendro'),
('selenggara'),
('selengkatan'),
('selenium'),
('selenografi'),
('selenologi'),
('selentik'),
('selenting'),
('seleo'),
('selepa'),
('selepang'),
('selepat'),
('selepe'),
('seleper'),
('selepetan'),
('selepi'),
('selera'),
('selerak'),
('selerang'),
('selesa'),
('selesai'),
('selesma'),
('seletuk'),
('seleweng'),
('selia'),
('seliap'),
('selibat'),
('selibu'),
('selibut'),
('selidik'),
('seligi'),
('seligit'),
('selimang'),
('selimpang'),
('selimpat'),
('selimut'),
('selinap'),
('selindung'),
('seling'),
('selingar'),
('selingkit'),
('selingkuh'),
('selingkup'),
('selip'),
('selipar'),
('selir'),
('selira'),
('selirak'),
('selirat'),
('seliri'),
('selisih'),
('selisik'),
('selisip'),
('selisir'),
('selit'),
('seliwer'),
('selo'),
('selofan'),
('selok'),
('seloka'),
('selokan'),
('seloki'),
('selom'),
('selomot'),
('selompret'),
('Selon'),
('selonding'),
('selongkar'),
('selongsong'),
('selonjor'),
('selonong'),
('selop'),
('seloroh'),
('selot'),
('seloyak'),
('seloyong'),
('selter'),
('seluang'),
('seluar'),
('selubung'),
('seludang'),
('seludu'),
('seluduk'),
('seludup'),
('selui'),
('seluk'),
('selukat'),
('selukung'),
('seluler'),
('seluloid'),
('selulosa'),
('selulup'),
('selulur'),
('selumar'),
('selumbar'),
('selumbari'),
('selumbat'),
('selumu'),
('selumur'),
('seluncur'),
('selundat'),
('selundup'),
('selungkang'),
('selungkup'),
('selup'),
('selupan'),
('selupat'),
('selurah'),
('seluru'),
('seluruh'),
('selusuh'),
('selusup'),
('selusur'),
('selut'),
('sema'),
('semadi'),
('semafor'),
('semah'),
('semai'),
('semaja'),
('semak'),
('semalu'),
('semambu'),
('semampai'),
('semampang'),
('semampat'),
('seman'),
('semanak'),
('semandan'),
('semandarasa'),
('semandarasah'),
('semandera'),
('semangat'),
('semanggi'),
('semangka'),
('semangkok'),
('semantan'),
('semantik'),
('semantis'),
('semantung'),
('semaput'),
('semara'),
('semarai'),
('semaram'),
('semarmendem'),
('semawang'),
('semawar'),
('semaya'),
('semayam'),
('semayi'),
('sembab'),
('sembabat'),
('sembada'),
('sembagi'),
('sembah'),
('sembahyang'),
('sembai'),
('sembak'),
('sembam'),
('sembap'),
('sembar'),
('sembarang'),
('sembari'),
('sembat'),
('sembayan'),
('sembelih'),
('sembelit'),
('sember'),
('semberap'),
('semberip'),
('sembesi'),
('sembeta'),
('sembiang'),
('sembilan'),
('sembilang'),
('sembilik'),
('sembilu'),
('sembir'),
('semboyan'),
('sembrani'),
('sembrono'),
('sembuang'),
('sembuh'),
('sembul'),
('sembung'),
('sembunyi'),
('sembur'),
('semburat'),
('semburit'),
('semecah'),
('semeleh'),
('sememeh'),
('semen'),
('semena'),
('semenanjung'),
('semenda'),
('semendarasa'),
('semenggah'),
('semenjak'),
('semenjana'),
('sementara'),
('sementasi'),
('sementelah'),
('sementung'),
('semerawang'),
('semerbak'),
('semerdanta'),
('semesta'),
('semester'),
('semi'),
('semidiurnal'),
('semifinal'),
('semifinalis'),
('semiidiom'),
('semikonduktor'),
('semilat'),
('seminai'),
('seminar'),
('seminari'),
('seminaris'),
('seminau'),
('semiologi'),
('semiotik'),
('semiotika'),
('semipermanen'),
('semir'),
('semitisme'),
('semivokal'),
('semok'),
('sempada'),
('sempadan'),
('sempak'),
('sempal'),
('sempalai'),
('sempang'),
('sempat'),
('sempelah'),
('sempena'),
('sempil'),
('sempit'),
('semplak'),
('sempoyong'),
('semprit'),
('semprong'),
('semprot'),
('sempul'),
('sempur'),
('sempuras'),
('sempurna'),
('semrawut'),
('semringah'),
('semu'),
('semua'),
('semunding'),
('semunian'),
('semur'),
('semut'),
('sen'),
('sena'),
('senak'),
('senam'),
('senamaki'),
('senandika'),
('senandung'),
('senang'),
('senangin'),
('senantan'),
('senantiasa'),
('senapan'),
('senapati'),
('senar'),
('senarai'),
('senario'),
('senat'),
('senator'),
('senawan'),
('senawar'),
('senawat'),
('senawi'),
('senda'),
('sendal'),
('sendalu'),
('sendam'),
('sendang'),
('sendar'),
('sendarat'),
('sendaren'),
('sendat'),
('sendawa'),
('sendayan'),
('sendayang'),
('sendel'),
('sendeng'),
('sender'),
('senderik'),
('senderung'),
('senderut'),
('sendi'),
('sending'),
('sendiri'),
('sendocong'),
('sendok'),
('sendon'),
('sendorong'),
('sendratari'),
('sendu'),
('senduduk'),
('senduk'),
('Senen'),
('senewen'),
('seng'),
('sengaja'),
('sengal'),
('sengam'),
('sengangar'),
('sengangkar'),
('sengap'),
('sengar'),
('sengarat'),
('sengaring'),
('sengat'),
('sengau'),
('sengelat'),
('senget'),
('senggak'),
('senggang'),
('senggat'),
('senggau'),
('senggayut'),
('senggeruk'),
('sengget'),
('senggol'),
('senggora'),
('senggugu'),
('senggugut'),
('sengguk'),
('senggulung'),
('senggut'),
('sengih'),
('sengingih'),
('sengir'),
('sengit'),
('sengkak'),
('sengkal'),
('sengkalan'),
('sengkang'),
('sengkar'),
('sengkarut'),
('sengkawang'),
('sengkayan'),
('sengked'),
('sengkek'),
('sengkela'),
('sengkelang'),
('sengkelat'),
('sengkeling'),
('sengkelit'),
('sengkenit'),
('sengker'),
('sengketa'),
('sengkil'),
('sengkilit'),
('sengkuang'),
('sengkuap'),
('sengon'),
('sengsai'),
('sengsam'),
('sengsara'),
('sengsem'),
('sengsurit'),
('senguk'),
('sengungut'),
('sengut'),
('seni'),
('senigai'),
('senil'),
('senilitas'),
('seniman'),
('Senin'),
('senior'),
('senioritas'),
('seniwan'),
('seniwati'),
('senja'),
('senjang'),
('senjata'),
('senjolong'),
('senjong'),
('senohong'),
('senonoh'),
('senoyong'),
('sensasi'),
('sensasional'),
('sensibel'),
('sensibilitas'),
('sensitif'),
('sensitivitas'),
('sensor'),
('sensoris'),
('sensual'),
('sensualisme'),
('sensualitas'),
('sensur'),
('sensus'),
('senta'),
('sentada'),
('sentadu'),
('sentagi'),
('sentak'),
('sentaka'),
('sentali'),
('sentana'),
('sentap'),
('senteng'),
('senter'),
('senterpor'),
('senti'),
('sentiare'),
('sentigram'),
('sentil'),
('sentiliter'),
('sentimen'),
('sentimental'),
('sentimentalitas'),
('sentimentil'),
('sentimeter'),
('senting'),
('sentiong'),
('sentol'),
('sentong'),
('sentosa'),
('sentra'),
('sentral'),
('sentralisasi'),
('sentralistis'),
('sentrifugal'),
('sentripetal'),
('sentrum'),
('sentuh'),
('sentuk'),
('sentul'),
('sentung'),
('senu'),
('senuh'),
('senuk'),
('senunggang'),
('senur'),
('senyampang'),
('senyap'),
('senyar'),
('senyum'),
('senyur'),
('seok'),
('sep'),
('sepada'),
('sepah'),
('sepai'),
('sepak'),
('sepakat'),
('sepakbola'),
('sepal'),
('sepam'),
('sepan'),
('sepanar'),
('sepandri'),
('sepang'),
('separasi'),
('separatis'),
('separatisme'),
('separbang'),
('sepasin'),
('sepat'),
('sepatbor'),
('sepatu'),
('sepeda'),
('sepedas'),
('sepegoh'),
('sepekuk'),
('sepel'),
('sepele'),
('sepeling'),
('sepen'),
('seperah'),
('seperantu'),
('sepersi'),
('seperti'),
('sepet'),
('sepetir'),
('sepi'),
('sepih'),
('sepiker'),
('sepir'),
('sepit'),
('seples'),
('sepoi'),
('seprai'),
('seprei'),
('sepsis'),
('September'),
('septima'),
('septum'),
('sepuh'),
('sepuit'),
('sepuk'),
('sepul'),
('sepulih'),
('sepur'),
('seput'),
('sera'),
('serabi'),
('serabut'),
('serabutan'),
('seraga'),
('serah'),
('serahi'),
('serahterima'),
('serai'),
('serak'),
('serakah'),
('seram'),
('serama'),
('serambi'),
('serampin'),
('serampu'),
('serampuk'),
('seran'),
('serana'),
('seranah'),
('serandang'),
('serandau'),
('Serandib'),
('serandung'),
('serang'),
('serangga'),
('seranggung'),
('serangkak'),
('serangsang'),
('Serani'),
('seranograf'),
('seranometer'),
('seranta'),
('serap'),
('serapah'),
('serapat'),
('serasah'),
('serasi'),
('serat'),
('seratah'),
('serati'),
('seratung'),
('serau'),
('seraumeter'),
('seraut'),
('serawak'),
('serawal'),
('seraya'),
('serba'),
('serbaada'),
('serbaakal'),
('serbabaru'),
('serbabisa'),
('serbadua'),
('serbaemas'),
('serbaguna'),
('serbaindah'),
('serbak'),
('serbakeemasan'),
('serbakurang'),
('serbamacam'),
('serban'),
('serbaneka'),
('serbaputih'),
('serbarumah'),
('serbasalah'),
('serbasama'),
('serbasusah'),
('serbat'),
('serbausaha'),
('serbet'),
('serbi'),
('serbu'),
('serbuk'),
('serdadu'),
('serdak'),
('serdam'),
('serdang'),
('serdawa'),
('serdi'),
('serdih'),
('serealia'),
('serealin'),
('sereat'),
('serebral'),
('serebrospinal'),
('serebrum'),
('seregang'),
('sereh'),
('seremban'),
('seremoni'),
('seremonial'),
('serempet'),
('serempu'),
('serendah'),
('serendeng'),
('sereng'),
('serengam'),
('serengeh'),
('serengit'),
('serenjak'),
('serenjang'),
('serenta'),
('serep'),
('seresin'),
('seret'),
('sergah'),
('sergam'),
('sergap'),
('sergut'),
('seri'),
('serial'),
('seriap'),
('seriat'),
('seriawan'),
('seribulan'),
('seribumi'),
('seridanta'),
('seriding'),
('serigala'),
('serik'),
('serikat'),
('serikaya'),
('serimala'),
('serimpet'),
('serimpi'),
('serimpung'),
('serindai'),
('serindit'),
('sering'),
('seringai'),
('seringing'),
('seriosa'),
('serit'),
('serium'),
('serius'),
('serkah'),
('serkai'),
('serkap'),
('serkup'),
('serlah'),
('serling'),
('sermangin'),
('sermet'),
('sernak'),
('sero'),
('serobeh'),
('serobok'),
('serobot'),
('serografi'),
('seroja'),
('serologi'),
('serombong'),
('serompok'),
('serondeng'),
('serondok'),
('serondol'),
('serondong'),
('serong'),
('seronok'),
('seroplastik'),
('seropot'),
('serositas'),
('serosoh'),
('serot'),
('seroyong'),
('serpentina'),
('serpih'),
('sersan'),
('serse'),
('sersi'),
('serta'),
('sertifikasi'),
('sertifikat'),
('sertu'),
('seru'),
('seruak'),
('seruda'),
('serudi'),
('seruduk'),
('serugat'),
('seruh'),
('serui'),
('seruit'),
('seruk'),
('serul'),
('seruling'),
('serum'),
('serumat'),
('serumen'),
('serumpu'),
('serun'),
('serunai'),
('serunda'),
('serundang'),
('serundeng'),
('serunjang'),
('seruntun'),
('serupih'),
('seruput'),
('seruru'),
('serut'),
('serutu'),
('seruyuk'),
('servis'),
('sesah'),
('sesai'),
('sesak'),
('sesal'),
('sesam'),
('sesamoid'),
('sesanti'),
('sesap'),
('sesar'),
('sesat'),
('sesenap'),
('seser'),
('sesi'),
('sesil'),
('sesira'),
('sesium'),
('sesoca'),
('sespan'),
('sestina'),
('set'),
('seta'),
('setabelan'),
('setagen'),
('setai'),
('setakona'),
('setal'),
('setambun'),
('setan'),
('setana'),
('setang'),
('setangan'),
('setanggi'),
('setaria'),
('setat'),
('setawar'),
('seteger'),
('seteheng'),
('setek'),
('seteker'),
('setel'),
('setela'),
('seteleng'),
('setem'),
('setempel'),
('seten'),
('setenggar'),
('seter'),
('seteranah'),
('seteru'),
('setewel'),
('seti'),
('setia'),
('setiabu'),
('setiakawan'),
('setiar'),
('setiawan'),
('setiga'),
('setik'),
('setin'),
('setinggi'),
('setip'),
('setir'),
('setirman'),
('setiwel'),
('setoka'),
('setokin'),
('setolop'),
('setom'),
('seton'),
('setop'),
('setoples'),
('setor'),
('setori'),
('setoter'),
('setra'),
('setrap'),
('setrat'),
('setren'),
('setreng'),
('setrik'),
('setrika'),
('setrip'),
('setruk'),
('setrum'),
('setrup'),
('setti'),
('setu'),
('setuil'),
('setum'),
('setung'),
('setup'),
('seturi'),
('seturu'),
('seudati'),
('sewa'),
('sewah'),
('sewaka'),
('sewal'),
('sewar'),
('sewat'),
('sewot'),
('sewu'),
('sfenoidal'),
('sferoid'),
('sferometer'),
('sfigmograf'),
('sfigmomanometer'),
('sfingofili'),
('sfingter'),
('sfinks'),
('sia'),
('siaga'),
('siah'),
('siak'),
('siakap'),
('siakon'),
('sial'),
('sialang'),
('sialit'),
('siam'),
('siamang'),
('sian'),
('sianamida'),
('sianang'),
('siang'),
('sianggit'),
('sianida'),
('sianometer'),
('sianometri'),
('sianosis'),
('siantan'),
('siap'),
('siapa'),
('siapsedia'),
('siapsiaga'),
('siapuh'),
('siar'),
('siarah'),
('siasat'),
('siat'),
('siau'),
('sibak'),
('sibar'),
('sibernetika'),
('sibilan'),
('sibir'),
('sibuk'),
('sibur'),
('sibusuk'),
('sice'),
('sicerek'),
('sida'),
('sidai'),
('sidamukti'),
('sidang'),
('sidat'),
('siderit'),
('sidi'),
('sidik'),
('siding'),
('sidomukti'),
('sidratulmuntaha'),
('siduga'),
('siduk'),
('sif'),
('sifat'),
('sifatullah'),
('sifer'),
('sifilis'),
('sifilobia'),
('sifon'),
('sigai'),
('sigak'),
('sigando'),
('sigap'),
('sigar'),
('sigaret'),
('sigasir'),
('sigenting'),
('siger'),
('sigi'),
('sigilografi'),
('sigma'),
('signifikan'),
('signifikansi'),
('signifikasi'),
('sigot'),
('sigung'),
('sih'),
('sihir'),
('sijil'),
('sika'),
('sikah'),
('sikai'),
('sikak'),
('sikap'),
('sikari'),
('sikas'),
('sikat'),
('sikedempung'),
('sikeras'),
('sikik'),
('sikikih'),
('sikin'),
('sikit'),
('siklis'),
('sikloid'),
('siklon'),
('sikloparafin'),
('siklotron'),
('siklus'),
('siksa'),
('siku'),
('sikudidi'),
('sikudomba'),
('sikut'),
('sil'),
('sila'),
('silabel'),
('silabis'),
('silabus'),
('silah'),
('silalatu'),
('silam'),
('silampukau'),
('silang'),
('silap'),
('silara'),
('silase'),
('silat'),
('silaturahmi'),
('silau'),
('silengah'),
('silet'),
('silih'),
('silik'),
('silika'),
('silikat'),
('silikon'),
('silikona'),
('silikosis'),
('silinder'),
('silindris'),
('silindroid'),
('silir'),
('silium'),
('silo'),
('silogisme'),
('silok'),
('silologi'),
('silometer'),
('siloptik'),
('silsilah'),
('silt'),
('silu'),
('siluet'),
('siluk'),
('siluman'),
('silungkang'),
('silvika'),
('silvikultur'),
('silvisida'),
('simak'),
('simalakama'),
('simaung'),
('simbah'),
('simbai'),
('simbang'),
('simbar'),
('simbat'),
('simbion'),
('simbiosis'),
('simbiotis'),
('simbok'),
('simbol'),
('simbolis'),
('simbolisme'),
('simbur'),
('simetri'),
('simetris'),
('simfisis'),
('simfoni'),
('simile'),
('simpai'),
('simpak'),
('simpan'),
('simpang'),
('simpangsiur'),
('simpanse'),
('simpati'),
('simpatik'),
('simpatisan'),
('simpel'),
('simpetal'),
('simping'),
('simpir'),
('simpleks'),
('simplifikasi'),
('simplistis'),
('simposium'),
('simpuh'),
('simpuk'),
('simpul'),
('simpur'),
('simtom'),
('simtomatis'),
('simtomatologi'),
('simulasi'),
('simulator'),
('simulfiks'),
('simultan'),
('simuntu'),
('sin'),
('sinagoge'),
('sinambung'),
('sinanaga'),
('Sinansari'),
('sinar'),
('sinatan'),
('sinau'),
('sinawar'),
('sindap'),
('sinden'),
('sinder'),
('sindeton'),
('sindikalisme'),
('sindikasi'),
('sindikat'),
('sindir'),
('sindrom'),
('sindur'),
('sineas'),
('sinekdoke'),
('sinektika'),
('sinema'),
('sinemapleks'),
('sinemaskop'),
('sinematik'),
('sinematograf'),
('sinematografi'),
('sinematografis'),
('sinemikrografik'),
('sineol'),
('sinepleks'),
('sinergi'),
('sinergis'),
('sinergisme'),
('sineskop'),
('sinestesia'),
('sinetron'),
('sing'),
('singa'),
('singahak'),
('singelar'),
('singga'),
('singgah'),
('singgan'),
('singgang'),
('singgasana'),
('singgel'),
('singgir'),
('singgit'),
('singgul'),
('singgung'),
('singit'),
('singkak'),
('singkang'),
('singkap'),
('singkat'),
('singkeh'),
('singkek'),
('singkil'),
('singkir'),
('singkong'),
('singkur'),
('singlet'),
('singsat'),
('singse'),
('singset'),
('singsing'),
('singularis'),
('singulum'),
('singunen'),
('sini'),
('sinis'),
('sinisme'),
('sinjang'),
('sinklin'),
('sinkonina'),
('sinkope'),
('sinkretis'),
('sinkretisasi'),
('sinkretisme'),
('sinkron'),
('sinkronis'),
('sinkronisasi'),
('sinkronisme'),
('sinode'),
('sinolog'),
('sinologi'),
('sinom'),
('sinoman'),
('sinonim'),
('sinonimi'),
('sinopsis'),
('sinoptis'),
('sinovia'),
('sinovitis'),
('sinrili'),
('sinse'),
('sintagma'),
('sintagmatis'),
('sintaksis'),
('sintal'),
('sintar'),
('sintas'),
('sinter'),
('Sinterklas'),
('sintese'),
('sintesis'),
('sintetik'),
('sintetis'),
('sintir'),
('sintonik'),
('sintren'),
('sintua'),
('sintuk'),
('sintulang'),
('sintung'),
('sinu'),
('sinuhun'),
('sinus'),
('sinusal'),
('sinusitis'),
('sinusoid'),
('sinyal'),
('sinyalemen'),
('sinyalir'),
('sinyo'),
('Sinyokolas'),
('sio'),
('sioca'),
('siong'),
('siongka'),
('sip'),
('sipahi'),
('sipangkalan'),
('sipat'),
('sipatung'),
('sipedas'),
('sipi'),
('sipil'),
('sipir'),
('sipit'),
('sipongang'),
('sipu'),
('sipulut'),
('siput'),
('sir'),
('sira'),
('sirah'),
('siram'),
('sirap'),
('sirat'),
('siratalmustakim'),
('siraut'),
('sirene'),
('sirep'),
('siri'),
('siriasis'),
('sirib'),
('sirih'),
('sirik'),
('siring'),
('siringitis'),
('sirip'),
('sirkam'),
('sirke'),
('sirkol'),
('sirkuit'),
('sirkulasi'),
('sirkuler'),
('sirkumfiks'),
('sirkumfleks'),
('sirkus'),
('sirlak'),
('sirna'),
('sirokumulus'),
('sirop'),
('sirostratus'),
('sirsak'),
('siru'),
('sirus'),
('sis'),
('sisa'),
('sisal'),
('sisalak'),
('sisi'),
('sisih'),
('sisik'),
('sisip'),
('sisir'),
('sistaltik'),
('sistem'),
('sistematik'),
('sistematika'),
('sistematis'),
('sistematisasi'),
('sistemis'),
('sistemisasi'),
('sisterna'),
('sistitis'),
('sistole'),
('sistolik'),
('sisurut'),
('siswa'),
('siswi'),
('sit'),
('sita'),
('sitak'),
('sitat'),
('siter'),
('siti'),
('sitinggil'),
('sitir'),
('sitolisis'),
('sitologi'),
('sitoplasma'),
('sitrat'),
('sitrin'),
('sitrun'),
('situ'),
('situasi'),
('situasional'),
('situn'),
('situs'),
('siuh'),
('siuk'),
('siul'),
('siuman'),
('siung'),
('siur'),
('siut'),
('sivilisasi'),
('siwalan'),
('siwer'),
('sizigi'),
('skafa'),
('skala'),
('skalar'),
('skalop'),
('skandal'),
('skandium'),
('skarifikasi'),
('skatola'),
('skatologi'),
('skedul'),
('skelet'),
('skema'),
('skematis'),
('skenario'),
('skene'),
('skeptis'),
('skeptisisme'),
('sketsa'),
('ski'),
('skiameter'),
('skiatika'),
('skilot'),
('skip'),
('skiping'),
('skisma'),
('skizofrenia'),
('skizoid'),
('sklerenkima'),
('sklerosis'),
('skleroterapi'),
('skolastik'),
('skolastikus'),
('skolastisi'),
('skolastisisme'),
('skombroid'),
('skop'),
('skopometer'),
('skor'),
('skorbut'),
('Skorpio'),
('skors'),
('skrin'),
('skrip'),
('skripsi'),
('skrobikulus'),
('skrotum'),
('skuadron'),
('skuas'),
('skuat'),
('skuter'),
('slagorde'),
('slah'),
('slang'),
('slebor'),
('slendro'),
('sling'),
('slip'),
('slof'),
('slogan'),
('smes'),
('smokel'),
('snob'),
('snobisme'),
('soak'),
('soal'),
('soang'),
('soarma'),
('soba'),
('soban'),
('sobat'),
('sobek'),
('sobok'),
('soda'),
('sodet'),
('sodium'),
('sodok'),
('sodomasosisme'),
('sodomi'),
('sodomia'),
('sodor'),
('soe'),
('sofa'),
('sofis'),
('sofisme'),
('sofistri'),
('sofitel'),
('soga'),
('sogan'),
('sogang'),
('sogo'),
('sogok'),
('sohar'),
('sohib'),
('sohor'),
('sohun'),
('soja'),
('sok'),
('soka'),
('sokah'),
('soker'),
('soket'),
('sokom'),
('sokong'),
('sol'),
('solah'),
('solak'),
('solang'),
('solanina'),
('solar'),
('solarimeter'),
('solder'),
('solek'),
('solenoide'),
('solfatara'),
('solid'),
('solidaritas'),
('solider'),
('soliditas'),
('solilokui'),
('solinometer'),
('solipsisme'),
('solis'),
('soliter'),
('solo'),
('solois'),
('solok'),
('solokan'),
('solot'),
('solum'),
('solusi'),
('solvabilitas'),
('solven'),
('som'),
('soma'),
('somah'),
('somasi'),
('somatis'),
('somatomegali'),
('sombok'),
('sombol'),
('sombong'),
('sombrero'),
('someng'),
('somnambulis'),
('somnambulisme'),
('sompek'),
('sompeng'),
('somplak'),
('somplok'),
('sompoh'),
('sompok'),
('sompong'),
('sompret'),
('sonar'),
('sonata'),
('sonatina'),
('sondai'),
('sondanco'),
('sondang'),
('sondase'),
('sondek'),
('sonder'),
('sondok'),
('sondong'),
('soneta'),
('songar'),
('songel'),
('songgeng'),
('songket'),
('songkok'),
('songkro'),
('songong'),
('sonik'),
('sono'),
('sonogram'),
('sonokeling'),
('sonor'),
('sonoran'),
('sontak'),
('sontek'),
('sontok'),
('sontoloyo'),
('sop'),
('sopak'),
('sopan'),
('sopansantun'),
('sopek'),
('sopi'),
('sopir'),
('soporifik'),
('sopran'),
('sorak'),
('sorang'),
('sorbet'),
('sore'),
('sorek'),
('soren'),
('sorgum'),
('sori'),
('sorog'),
('sorok'),
('sorong'),
('sorot'),
('sortir'),
('sosi'),
('sosial'),
('sosialis'),
('sosialisasi'),
('sosialisme'),
('sosialistis'),
('sosiawan'),
('sosiobiolog'),
('sosiodemokrasi'),
('sosiodrama'),
('sosiokultural'),
('sosiolek'),
('sosiolinguistik'),
('sosiolog'),
('sosiologi'),
('sosiologis'),
('sosiometri'),
('sosionasional'),
('sosiopat'),
('sosis'),
('sositet'),
('sosoh'),
('sosok'),
('sosor'),
('soto'),
('sotoh'),
('sotong'),
('soun'),
('sowan'),
('soyak'),
('spageti'),
('spalasi'),
('span'),
('spanduk'),
('spaning'),
('sparing'),
('spasi'),
('spasial'),
('spasmodis'),
('spasmus'),
('spastik'),
('spatbor'),
('spatula'),
('spedometer'),
('spektakel'),
('spektakuler'),
('spektator'),
('spektograf'),
('spektogram'),
('spektrograf'),
('spektrogram'),
('spektrokimia'),
('spektrometer'),
('spektroskop'),
('spektrum'),
('spekuk'),
('spekulan'),
('spekulasi'),
('spekulatif'),
('spekulator'),
('speleologi'),
('spelter'),
('sperma'),
('spermaseti'),
('spermatid'),
('spermatofora'),
('spermatogenesis'),
('spermatosit'),
('spermatozoa'),
('spermatozoid'),
('spesial'),
('spesialis'),
('spesialisasi'),
('spesialistis'),
('spesies'),
('spesifik'),
('spesifikasi'),
('spesimen'),
('spidol'),
('spidometer'),
('spikul'),
('spil'),
('spinabifida'),
('spion'),
('spionase'),
('spiral'),
('spiralisasi'),
('spirilum'),
('spirit'),
('spiritis'),
('spiritisme'),
('spiritual'),
('spiritualisasi'),
('spiritualisme'),
('spiritus'),
('spirometer'),
('spons'),
('sponsor'),
('spontan'),
('spontanitas'),
('spora'),
('sporadis'),
('sporangium'),
('sporofil'),
('sport'),
('sportif'),
('sportivitas'),
('spring'),
('sprint'),
('sprinter'),
('sputnik'),
('sputum'),
('sreg'),
('sregep'),
('srempet'),
('sri'),
('srigading'),
('srigunggu'),
('srigunting'),
('Srikandi'),
('srikaya'),
('srimanganti'),
('sripah'),
('sripanggung'),
('sriti'),
('stabil'),
('stabilisasi'),
('stabilisator'),
('stabilitas'),
('stadion'),
('stadium'),
('staf'),
('stafilitis'),
('stagnan'),
('stagnasi'),
('stalagmit'),
('stalagmometri'),
('stalaktit'),
('stalinisme'),
('stalon'),
('stamba'),
('stambon'),
('stambuk'),
('stamen'),
('stamina'),
('stan'),
('standar'),
('standardisasi'),
('stanplat'),
('stanum'),
('stanza'),
('stapler'),
('staples'),
('start'),
('starter'),
('stasi'),
('stasioner'),
('stasis'),
('stasiun'),
('statis'),
('statistik'),
('statistika'),
('statistis'),
('stator'),
('status'),
('statuta'),
('statuter'),
('stearat'),
('stearin'),
('steatit'),
('steatosis'),
('stegodon'),
('steik'),
('stek'),
('steker'),
('stela'),
('stema'),
('stemma'),
('stempel'),
('sten'),
('stengun'),
('steno'),
('stenografer'),
('stenografi'),
('stenogram'),
('stensil'),
('step'),
('stepa'),
('stepler'),
('steradian'),
('stereo'),
('stereofoni'),
('stereofonik'),
('stereognosis'),
('stereograf'),
('stereografi'),
('stereoisomerisme'),
('stereokimia'),
('stereometri'),
('stereoskop'),
('stereotip'),
('stereotipikal'),
('steril'),
('sterilisasi'),
('sterilitas'),
('steroid'),
('steroidal'),
('sterol'),
('stetoskop'),
('stevador'),
('stibium'),
('stigma'),
('stigmata'),
('stik'),
('stiker'),
('stilbestrol'),
('stilir'),
('stilistika'),
('stilograf'),
('stimulan'),
('stimulasi'),
('stimulatif'),
('stimulator'),
('stimulus'),
('stipendium'),
('stipulasi'),
('stirena'),
('stoikiometri'),
('stok'),
('stokastik'),
('stoker'),
('stol'),
('stoliditas'),
('stolon'),
('stomata'),
('stomatitis'),
('stomatogastrik'),
('stomatoskop'),
('stoper'),
('stopkeran'),
('stopkontak'),
('stoples'),
('stori'),
('strabotomi'),
('strata'),
('strategem'),
('strategi'),
('strategis'),
('stratifikasi'),
('stratigrafi'),
('strato'),
('stratokumulus'),
('stratopause'),
('stratosfer'),
('stratum'),
('stratus'),
('streng'),
('streptokokus'),
('streptomisin'),
('stres'),
('striker'),
('strimin'),
('strip'),
('striptis'),
('stroberi'),
('strobila'),
('stroboskop'),
('stroke'),
('stromking'),
('strontium'),
('struktur'),
('struktural'),
('strukturalisasi'),
('strukturalisme'),
('struma'),
('studen'),
('studi'),
('studio'),
('stuko'),
('stupa'),
('sua'),
('suah'),
('suai'),
('suak'),
('suaka'),
('suam'),
('suami'),
('suaminda'),
('suang'),
('suangi'),
('suap'),
('suar'),
('suara'),
('suarang'),
('suarawati'),
('suargaloka'),
('suari'),
('suasa'),
('suasana'),
('suat'),
('suatu'),
('subak'),
('subal'),
('subam'),
('suban'),
('subang'),
('subbab'),
('subbagian'),
('subdirektorat'),
('subentri'),
('suberin'),
('subetnik'),
('subfilum'),
('subgeneralisasi'),
('subgenus'),
('subhana'),
('subirigasi'),
('subjek'),
('subjektif'),
('subjektivisme'),
('subkategorisasi'),
('subkelas'),
('subkontraktor'),
('subkultur'),
('sublema'),
('subletal'),
('sublim'),
('sublimasi'),
('sublimat'),
('submarine'),
('submukosa'),
('subordinasi'),
('subordinat'),
('suborganisasi'),
('subsider'),
('subsidi'),
('subskrip'),
('subsonik'),
('substandar'),
('substansi'),
('substansial'),
('substantif'),
('substitusi'),
('substitutif'),
('substrat'),
('subtil'),
('subtonik'),
('subtropik'),
('subuco'),
('subuh'),
('subunit'),
('subur'),
('subversi'),
('subversif'),
('subyek'),
('subyektif'),
('subyektivisme'),
('suceng'),
('suci'),
('sucihama'),
('sucikuman'),
('suda'),
('sudah'),
('sudet'),
('sudi'),
('sudip'),
('sudoriferus'),
('Sudra'),
('sudu'),
('suduayah'),
('suduk'),
('sudung'),
('sudut'),
('suf'),
('sufah'),
('sufal'),
('sufi'),
('sufiks'),
('sufisme'),
('sufrah'),
('sugar'),
('sugesti'),
('sugi'),
('sugih'),
('suguh'),
('sugul'),
('sugun'),
('suh'),
('suhad'),
('suhian'),
('suhu'),
('suhuf'),
('suhun'),
('suiseki'),
('suit'),
('sujana'),
('sujen'),
('suji'),
('sujud'),
('suka'),
('sukacita'),
('sukade'),
('sukamandi'),
('sukan'),
('sukar'),
('sukarela'),
('sukarelawan'),
('sukaria'),
('sukat'),
('suke'),
('suket'),
('suki'),
('suklapaksa'),
('sukma'),
('sukrosa'),
('sukses'),
('suksesi'),
('suksesif'),
('suku'),
('sukuisme'),
('sukun'),
('sula'),
('sulah'),
('sulalah'),
('sulam'),
('sulang'),
('sulap'),
('sulbi'),
('sulfanasi'),
('sulfanilamida'),
('sulfat'),
('sulfhidril'),
('sulfolipid'),
('sulfonamida'),
('sulfur'),
('sulfurasi'),
('suli'),
('sulih'),
('suling'),
('sulit'),
('sultan'),
('sultanat'),
('sultani'),
('suluh'),
('suluk'),
('sulung'),
('sulur'),
('sulut'),
('sum'),
('sumah'),
('sumarah'),
('sumasi'),
('sumba'),
('sumbang'),
('sumbangsih'),
('sumbar'),
('sumbat'),
('sumbel'),
('sumber'),
('sumbi'),
('sumbing'),
('sumbu'),
('sumbuk'),
('sumbul'),
('sumbung'),
('sumbur'),
('sumbut'),
('sumeh'),
('sumengit'),
('sumilir'),
('sumir'),
('sumirat'),
('sumo'),
('sumpah'),
('sumpal'),
('sumpek'),
('sumping'),
('sumpit'),
('sumsum'),
('sumur'),
('sumurung'),
('sun'),
('sunah'),
('sunam'),
('sunan'),
('sunat'),
('sunatrasul'),
('sunatullah'),
('Sunbulat'),
('sundai'),
('sundak'),
('sundal'),
('sundang'),
('sundari'),
('sundep'),
('sunduk'),
('sundul'),
('sundus'),
('sundusin'),
('sundut'),
('sungai'),
('sungga'),
('sunggi'),
('sungging'),
('sunggit'),
('sungguh'),
('sungguhpun'),
('sungil'),
('sungkah'),
('sungkai'),
('sungkal'),
('sungkan'),
('sungkap'),
('sungkawa'),
('sungkem'),
('sungkit'),
('sungkuk'),
('sungkum'),
('sungkup'),
('sungkur'),
('sungkuran'),
('sungsang'),
('sungu'),
('sungut'),
('suni'),
('sunjam'),
('sunti'),
('suntiabu'),
('suntih'),
('suntik'),
('sunting'),
('suntuk'),
('sunu'),
('sunukung'),
('sunyata'),
('sunyi'),
('sup'),
('supa'),
('supaya'),
('supel'),
('super'),
('superblok'),
('supercepat'),
('superfisial'),
('superfosfat'),
('superheterodin'),
('superinfeksi'),
('superintenden'),
('superior'),
('superioritas'),
('superjet'),
('superkomputer'),
('superkonduktivitas'),
('superkonduktor'),
('superlatif'),
('superlativisme'),
('superlunar'),
('supermarket'),
('supernatural'),
('supernova'),
('superskrip'),
('superskripsi'),
('supersonik'),
('superstar'),
('superstruktur'),
('supervisi'),
('supervisor'),
('suplai'),
('suplemen'),
('suplementasi'),
('suplesi'),
('supletoar'),
('suporter'),
('suportif'),
('supraalami'),
('suprafiks'),
('supramolekuler'),
('supranasional'),
('suprarene'),
('suprarenoma'),
('suprasasti'),
('suprasegmental'),
('supremasi'),
('supresif'),
('supresor'),
('Sura'),
('surah'),
('surahi'),
('surai'),
('suralaya'),
('suraloka'),
('suram'),
('surat'),
('surati'),
('suratkabar'),
('surau'),
('suraya'),
('surealis'),
('surealisme'),
('suren'),
('surfaktan'),
('surga'),
('surgaloka'),
('surgawi'),
('suri'),
('surian'),
('surih'),
('surili'),
('surjan'),
('surogat'),
('surplus'),
('suruh'),
('suruk'),
('surup'),
('surut'),
('survei'),
('surya'),
('suryakanta'),
('suryani'),
('sus'),
('susah'),
('susahpayah'),
('susastra'),
('suseptibilitas'),
('susila'),
('susilat'),
('suspender'),
('suspensi'),
('suster'),
('susu'),
('susuh'),
('susuk'),
('susul'),
('susun'),
('susung'),
('susup'),
('susur'),
('susut'),
('sut'),
('sutan'),
('suten'),
('sutil'),
('sutra'),
('sutradara'),
('sutura'),
('suuladab'),
('suun'),
('suuzan'),
('suvenir'),
('suwarnabumi'),
('Suwarnadwipa'),
('suwir'),
('suwita'),
('swabakar'),
('swabela'),
('swadana'),
('swadarma'),
('swadaya'),
('swadesi'),
('swadidik'),
('swadisiplin'),
('swagriya'),
('swahara'),
('swaharga'),
('swaimbas'),
('swak'),
('swakaji'),
('swakarsa'),
('swakarya'),
('swakelola'),
('swakendali'),
('swakontradiksi'),
('swalayan'),
('swanama'),
('swanggi'),
('swapraja'),
('swarabakti'),
('swarawati'),
('swasembada'),
('swasensor'),
('swasraya'),
('swasta'),
('swastanisasi'),
('swastika'),
('swatabur'),
('swatantra'),
('swausaha'),
('sweter'),
('swike'),
('swimpak'),
('swipoa'),
('syabah'),
('syabas'),
('syafaat'),
('syafakat'),
('Syafii'),
('syah'),
('syahadat'),
('syahadatain'),
('syahbandar'),
('syahda'),
('syahdan'),
('syahdu'),
('syahid'),
('syahriah'),
('syahsiah'),
('syahwat'),
('syair'),
('syairi'),
('syajar'),
('syajarah'),
('syak'),
('Syaka'),
('Syakban'),
('syakhsi'),
('syakir'),
('syal'),
('syala'),
('Syam'),
('syamali'),
('syaman'),
('syamanisme'),
('syamsi'),
('syamsiah'),
('syamsir'),
('syamsu'),
('syantung'),
('syar'),
('syarab'),
('syarah'),
('syarak'),
('syarat'),
('syarbat'),
('syarekat'),
('syariat'),
('syarif'),
('syarifah'),
('syarik'),
('syarikat'),
('syatar'),
('syaulam'),
('Syawal'),
('syeir'),
('syekh'),
('syeti'),
('syiar'),
('syikak'),
('syin'),
('syirik'),
('Syiwa'),
('Syiwaratri'),
('syogun'),
('syok'),
('syubhat'),
('syuhada'),
('syukur'),
('syumuliah'),
('syur'),
('syura'),
('syuriah'),
('syuruk'),
('taajul'),
('taala'),
('taaruf'),
('taasub'),
('taat'),
('taatasas'),
('taazur'),
('tabak'),
('tabal'),
('taban'),
('tabarak'),
('tabaruk'),
('tabayun'),
('tabe'),
('tabel'),
('tabela'),
('tabelaris'),
('tabernakel'),
('tabia'),
('tabiat'),
('tabib'),
('tabii'),
('tabiin'),
('tabik'),
('tabir'),
('tablet'),
('tablig'),
('tablo'),
('tabloid'),
('tabo'),
('tabok'),
('tabrak'),
('tabu'),
('tabuh'),
('tabularasa'),
('tabulasi'),
('tabulator'),
('tabulatur'),
('tabun'),
('tabung'),
('tabur'),
('tabut'),
('tabzir'),
('taci'),
('tadabur'),
('tadah'),
('tadaruk'),
('tadarus'),
('tadbir'),
('tadi'),
('tadir'),
('tadung'),
('tadwin'),
('taekwondo'),
('taeniasis'),
('taf'),
('tafadal'),
('tafahus'),
('tafakur'),
('tafeta'),
('tafsir'),
('tagak'),
('tagal'),
('tagan'),
('tagar'),
('tageh'),
('tagih'),
('tago'),
('tagut'),
('tah'),
('tahajud'),
('tahak'),
('tahalul'),
('tahan'),
('tahana'),
('tahang'),
('tahap'),
('tahar'),
('taharah'),
('tahbis'),
('tahi'),
('tahiat'),
('tahil'),
('tahir'),
('tahkik'),
('tahkim'),
('tahlil'),
('tahmid'),
('tahniah'),
('tahnik'),
('tahsil'),
('tahu'),
('tahun'),
('taib'),
('taifun'),
('taiga'),
('taiko'),
('taipan'),
('tais'),
('taiso'),
('taja'),
('tajak'),
('tajali'),
('tajam'),
('tajarud'),
('tajau'),
('tajdid'),
('tajen'),
('taji'),
('tajin'),
('tajnis'),
('tajribah'),
('tajuk'),
('tajung'),
('tajur'),
('tajusalatin'),
('tajwid'),
('tak'),
('takabur'),
('takaful'),
('takah'),
('takak'),
('takal'),
('takar'),
('takarir'),
('takarub'),
('takat'),
('takbir'),
('takbiratulihram'),
('takdir'),
('takdis'),
('takeh'),
('takeyari'),
('takhayul'),
('takhlik'),
('takhsis'),
('takhta'),
('taki'),
('takigrafi'),
('takik'),
('takimeter'),
('takir'),
('takisme'),
('takjil'),
('takjub'),
('taklid'),
('taklif'),
('taklik'),
('taklikat'),
('taklim'),
('taklimat'),
('takluk'),
('takma'),
('takmurni'),
('takoah'),
('takol'),
('takometer'),
('takraw'),
('takrif'),
('takrim'),
('takrir'),
('taksa'),
('taksasi'),
('taksem'),
('taksi'),
('taksidermi'),
('taksimeter'),
('taksin'),
('taksir'),
('taksologi'),
('takson'),
('taksonomi'),
('taktik'),
('taktil'),
('taktis'),
('takuh'),
('takuk'),
('takung'),
('takur'),
('takut'),
('takwa'),
('takwil'),
('takwim'),
('takwin'),
('takyin'),
('takziah'),
('takzim'),
('takzir'),
('tal'),
('tala'),
('talabiah'),
('talah'),
('talak'),
('talam'),
('talang'),
('talar'),
('talas'),
('talasemia'),
('talasofit'),
('talbiah'),
('talempong'),
('talen'),
('talenan'),
('talenta'),
('tali'),
('talib'),
('talibun'),
('talium'),
('talk'),
('talkin'),
('talon'),
('talu'),
('talun'),
('talupuh'),
('talut'),
('tam'),
('tamadun'),
('tamak'),
('tamam'),
('taman'),
('tamar'),
('tamarinda'),
('tamasya'),
('tamat'),
('tamatulkalam'),
('tambah'),
('tambak'),
('tambakan'),
('tambakbukit'),
('tambal'),
('tamban'),
('tambang'),
('tambar'),
('tambat'),
('tambera'),
('tambi'),
('tambo'),
('tamborin'),
('tambuh'),
('tambul'),
('tambun'),
('tambung'),
('tambur'),
('tambus'),
('tameng'),
('tamimah'),
('tampah'),
('tampak'),
('tampal'),
('tampan'),
('tampang'),
('tampar'),
('tampas'),
('tampel'),
('tampi'),
('tampik'),
('tampil'),
('tampin'),
('tamping'),
('tampon'),
('tamponade'),
('tampuk'),
('tampung'),
('tampus'),
('tamsil'),
('tamtam'),
('tamtama'),
('tamu'),
('tamuk'),
('tamyiz'),
('tan'),
('tanah'),
('tanai'),
('tanak'),
('tanam'),
('tanang'),
('tanau'),
('tanazul'),
('tanbiat'),
('tanbihat'),
('tancang'),
('tancap'),
('tanda'),
('tandak'),
('tandan'),
('tandang'),
('tandas'),
('tandem'),
('tandik'),
('tandikat'),
('tandil'),
('tanding'),
('tandon'),
('tandu'),
('tanduk'),
('tandun'),
('tandur'),
('tandus'),
('tanfiziah'),
('tang'),
('tangap'),
('tangar'),
('tangas'),
('tangeh'),
('tangen'),
('tangga'),
('tanggah'),
('tanggal'),
('tanggam'),
('tanggang'),
('tanggap'),
('tanggar'),
('tanggetong'),
('tangguh'),
('tangguk'),
('tanggul'),
('tanggulang'),
('tanggung'),
('tanggungjawab'),
('tangis'),
('tangkah'),
('tangkai'),
('tangkaian'),
('tangkal'),
('tangkap'),
('tangkar'),
('tangkas'),
('tangki'),
('tangkil'),
('tangkis'),
('tangkue'),
('tangkuk'),
('tangkul'),
('tangkup'),
('tangkuptelentang'),
('tangkur'),
('tanglung'),
('tango'),
('tangsa'),
('tangsel'),
('tangsi'),
('tani'),
('tania'),
('tanin'),
('tanjak'),
('tanji'),
('tanjidor'),
('tanju'),
('tanjul'),
('tanjung'),
('tanjur'),
('tank'),
('tanker'),
('tanpa'),
('tansi'),
('tantang'),
('tante'),
('tanti'),
('tantiem'),
('tantrisme'),
('tanur'),
('tanwin'),
('tanwir'),
('tanwujud'),
('tanya'),
('tanzih'),
('tanzil'),
('taocang'),
('taoci'),
('taoco'),
('taoge'),
('taoisme'),
('taoke'),
('taosi'),
('tap'),
('tapa'),
('tapai'),
('tapak'),
('tapakburung'),
('tapakdara'),
('tapakgajah'),
('tapakkuda'),
('tapakliman'),
('tapaktilas'),
('tapal'),
('tapang'),
('tapestri'),
('tapi'),
('tapih'),
('tapin'),
('tapioka'),
('tapir'),
('tapis'),
('taplak'),
('taprofit'),
('taptibau'),
('taptu'),
('tapui'),
('tapuk'),
('tapung'),
('tapus'),
('tara'),
('taraf'),
('tarah'),
('tarak'),
('taraksasin'),
('taram'),
('tarang'),
('tarantisme'),
('tarantula'),
('tarap'),
('taraqi'),
('tarasul'),
('tarawangsa'),
('Tarawih'),
('tarbiah'),
('tarbil'),
('tarbus'),
('tarcis'),
('tarekat'),
('target'),
('tarhim'),
('tari'),
('tarif'),
('tarik'),
('tarikh'),
('taring'),
('taris'),
('tarjih'),
('tarkas'),
('tarling'),
('tarmak'),
('tarpaulin'),
('tarsus'),
('tartar'),
('tartil'),
('tartir'),
('tartrat'),
('taruh'),
('taruk'),
('tarum'),
('tarung'),
('tarup'),
('tarzan'),
('tas'),
('tasa'),
('tasai'),
('tasak'),
('tasalsul'),
('tasamuh'),
('tasaruf'),
('tasawuf'),
('tasbeh'),
('tasbih'),
('tasdik'),
('tasel'),
('tashih'),
('tasik'),
('taslim'),
('tasmik'),
('tasrif'),
('tasrih'),
('taswir'),
('tasyahud'),
('tasyakur'),
('tasyaum'),
('tasyayuh'),
('tasybih'),
('tasydid'),
('tasyhid'),
('tasyrih'),
('tasyrik'),
('tata'),
('tatabahasa'),
('tataganing'),
('tataguna'),
('tatah'),
('tatai'),
('tatak'),
('tatal'),
('tatalaksana'),
('tatami'),
('tatanan'),
('tatanegara'),
('tatang'),
('tataniaga'),
('tatap'),
('tatapraja'),
('tatar'),
('tatausaha'),
('tatih'),
('tating'),
('tatkala'),
('tato'),
('tau'),
('taucang'),
('taufah'),
('taufik'),
('tauhid'),
('tauhidiah'),
('tauke'),
('taul'),
('tauliah'),
('taun'),
('taung'),
('taur'),
('Taurat'),
('Tauret'),
('Taurus'),
('taut'),
('tautofoni'),
('tautologi'),
('tautomerisme'),
('tautonimi'),
('tawa'),
('tawadu'),
('tawaduk'),
('tawaf'),
('tawajuh'),
('tawak'),
('tawakal'),
('tawan'),
('tawang'),
('tawarik'),
('tawaruk'),
('tawas'),
('tawasul'),
('tawes'),
('tawon'),
('tawur'),
('tayamum'),
('tayang'),
('tayib'),
('tayibah'),
('tayub'),
('tayum'),
('tazkirah'),
('tean'),
('teater'),
('teatris'),
('tebah'),
('tebak'),
('teban'),
('tebang'),
('tebar'),
('tebas'),
('tebat'),
('tebeng'),
('teberau'),
('tebing'),
('tebok'),
('tebon'),
('tebu'),
('tebuhar'),
('tebuk'),
('tebung'),
('tebus'),
('tedak'),
('tedas'),
('tedeng'),
('tedong'),
('teduh'),
('tedung'),
('tega'),
('tegah'),
('tegak'),
('tegal'),
('tegang'),
('tegap'),
('tegar'),
('tegari'),
('tegarun'),
('tegas'),
('tegel'),
('tegil'),
('tegmen'),
('teguh'),
('teguk'),
('tegun'),
('tegur'),
('teh'),
('teisme'),
('teja'),
('teji'),
('tekaan'),
('tekad'),
('tekah'),
('tekak'),
('tekalak'),
('tekam'),
('tekan'),
('tekang'),
('tekap'),
('tekar'),
('tekat'),
('tekateki'),
('tekek'),
('tekel'),
('teken'),
('teker'),
('teki'),
('tekidanto'),
('tekik'),
('tekis'),
('teklek'),
('teklok'),
('teknifon'),
('teknik'),
('teknikus'),
('teknis'),
('teknisi'),
('teknokrasi'),
('teknokrat'),
('teknokratik'),
('teknokratisme'),
('teknologi'),
('teknologiwan'),
('teknonim'),
('teknonimi'),
('teko'),
('tekoan'),
('tekoh'),
('tekokak'),
('tekong'),
('tekor'),
('tekoran'),
('tekpi'),
('teks'),
('tekstil'),
('tekstur'),
('tekstural'),
('tekte'),
('tektek'),
('tektit'),
('tektogenesa'),
('tektonik'),
('tektonis'),
('tektum'),
('tekuk'),
('tekukur'),
('tekun'),
('tekung'),
('tekur'),
('tel'),
('tela'),
('telaah'),
('telabang'),
('telabat'),
('telacak'),
('teladan'),
('teladas'),
('telaga'),
('telah'),
('telajak'),
('telak'),
('telakup'),
('telampung'),
('telan'),
('telancang'),
('telang'),
('telangkai'),
('telangkup'),
('telanjang'),
('telanjur'),
('telantar'),
('telap'),
('telapak'),
('telas'),
('telat'),
('telatah'),
('telatap'),
('telaten'),
('telau'),
('tele'),
('telearsika'),
('teledek'),
('teledor'),
('teledrama'),
('telefon'),
('telefoni'),
('telefoto'),
('telegenik'),
('telegraf'),
('telegrafi'),
('telegrafis'),
('telegram'),
('telegrap'),
('telekan'),
('telekap'),
('telekinesis'),
('telekomedi'),
('telekomunikasi'),
('teleks'),
('teleku'),
('telekung'),
('telelensa'),
('telemeter'),
('telemetri'),
('telempap'),
('telempong'),
('teleng'),
('telenovela'),
('telentang'),
('teleologi'),
('teleost'),
('telepati'),
('telepok'),
('telepon'),
('teleprinter'),
('telepromter'),
('telepuk'),
('teler'),
('telerang'),
('teles'),
('teleskop'),
('telestesia'),
('televisi'),
('telgram'),
('telik'),
('telikung'),
('telimpuh'),
('telinak'),
('telinga'),
('telingkah'),
('telingkung'),
('teliti'),
('telmotofit'),
('telop'),
('telor'),
('telotak'),
('telpon'),
('teluh'),
('teluk'),
('teluki'),
('telungkup'),
('telunjuk'),
('telur'),
('telurit'),
('telus'),
('telusuk'),
('telusur'),
('telut'),
('telutuh'),
('telutur'),
('telutut'),
('tem'),
('tema'),
('temaah'),
('temabur'),
('temak'),
('temalang'),
('temali'),
('teman'),
('temangau'),
('temangga'),
('temanten'),
('temara'),
('temaram'),
('temas'),
('tematik'),
('tematisasi'),
('temayun'),
('tembadau'),
('tembaga'),
('tembak'),
('tembakang'),
('tembakau'),
('tembakul'),
('tembam'),
('tembang'),
('tembarau'),
('tembatar'),
('tembatu'),
('tembek'),
('tembekar'),
('tembel'),
('tembelang'),
('tembelian'),
('tembeliung'),
('tembelok'),
('tembera'),
('temberam'),
('temberang'),
('temberas'),
('temberek'),
('tembereng'),
('temberih'),
('temberos'),
('tembesu'),
('tembiang'),
('tembikai'),
('tembikar'),
('tembilang'),
('tembilar'),
('tembis'),
('tembok'),
('tembolok'),
('tembong'),
('tembosa'),
('tembra'),
('tembu'),
('tembuk'),
('tembuku'),
('tembung'),
('tembuni'),
('tembus'),
('temegun'),
('temeh'),
('temenung'),
('temesar'),
('temetu'),
('temiang'),
('temilang'),
('temin'),
('temoleh'),
('tempa'),
('tempah'),
('tempala'),
('tempan'),
('tempang'),
('tempap'),
('tempat'),
('tempaus'),
('tempawak'),
('tempawan'),
('tempayak'),
('tempayan'),
('tempayung'),
('tempe'),
('tempek'),
('tempel'),
('tempelak'),
('tempeleng'),
('temperamen'),
('temperamental'),
('temperas'),
('temperatur'),
('temperau'),
('tempiar'),
('tempias'),
('tempik'),
('tempilai'),
('tempinah'),
('tempinis'),
('templek'),
('templok'),
('tempo'),
('tempoh'),
('tempolong'),
('temponek'),
('tempong'),
('temporal'),
('temporer'),
('tempoyak'),
('tempoyan'),
('tempua'),
('tempuh'),
('tempui'),
('tempuling'),
('tempunai'),
('tempunik'),
('tempur'),
('tempurung'),
('tempus'),
('tempuyung'),
('temu'),
('temucut'),
('temuduga'),
('temukut'),
('temungkul'),
('temuras'),
('temurat'),
('tenaga'),
('tenagakerja'),
('tenaganuklir'),
('tenahak'),
('tenak'),
('tenam'),
('tenang'),
('tenar'),
('tenat'),
('tenda'),
('tendang'),
('tendas'),
('tendensi'),
('tendensius'),
('tender'),
('tendinitis'),
('tendo'),
('tendon'),
('tener'),
('teng'),
('tengadah'),
('tengah'),
('tengak'),
('tengalan'),
('tengar'),
('tengara'),
('tengas'),
('tenggadai'),
('tenggak'),
('tenggala'),
('tenggalung'),
('tenggan'),
('tenggang'),
('tenggara'),
('tenggarang'),
('tenggat'),
('tenggayun'),
('tenggayung'),
('tenggehem'),
('tenggek'),
('tenggelam'),
('tengger'),
('tenggiling'),
('tenggiri'),
('tenggok'),
('tenggorok'),
('tengguli'),
('tengik'),
('tengil'),
('tengkalak'),
('tengkalang'),
('tengkaluk'),
('tengkam'),
('tengkang'),
('tengkar'),
('tengkarah'),
('tengkarap'),
('tengkaras'),
('tengkawang'),
('tengkek'),
('tengkel'),
('tengkelek'),
('tengker'),
('tengkerong'),
('tengkes'),
('tengking'),
('tengkoh'),
('tengkolok'),
('tengkorak'),
('tengku'),
('tengkujuh'),
('tengkuk'),
('tengkulak'),
('tengkuluk'),
('tengkurap'),
('tengkuyung'),
('tengok'),
('tengteng'),
('tengu'),
('tenis'),
('tenjet'),
('tenok'),
('tenong'),
('tenor'),
('tensi'),
('tentakel'),
('tentamen'),
('tentang'),
('tentara'),
('tentatif'),
('tentawan'),
('tenteng'),
('tenteram'),
('tentir'),
('tentu'),
('tenuk'),
('tenun'),
('tenung'),
('teodolit'),
('teokrasi'),
('teokratis'),
('teolog'),
('teologi'),
('teologis'),
('teoretikus'),
('teoretis'),
('teori'),
('teorisasi'),
('teosofi'),
('teosofis'),
('tepa'),
('tepak'),
('tepam'),
('tepas'),
('tepasalira'),
('tepat'),
('tepatguna'),
('tepeh'),
('tepek'),
('tepekong'),
('teperam'),
('tepet'),
('tepi'),
('tepik'),
('tepis'),
('teplok'),
('tepo'),
('tepok'),
('tepos'),
('teptibau'),
('tepu'),
('tepuk'),
('tepung'),
('tepungtawar'),
('tepurang'),
('tepus'),
('ter'),
('tera'),
('teracak'),
('terada'),
('teraju'),
('terak'),
('terakota'),
('terakup'),
('teral'),
('terali'),
('teraling'),
('teramisin'),
('terampil'),
('teran'),
('teranas'),
('terang'),
('terangjelas'),
('terap'),
('terapang'),
('terapeutik'),
('terapi'),
('terarium'),
('teras'),
('terasi'),
('teraso'),
('terasul'),
('teratai'),
('teratak'),
('teratap'),
('teratologi'),
('teratu'),
('terau'),
('terawang'),
('teraweh'),
('terban'),
('terbang'),
('terbis'),
('terbit'),
('terbium'),
('terbul'),
('terbut'),
('terein'),
('terem'),
('terenang'),
('terendak'),
('terenen'),
('terenyuh'),
('teres'),
('teret'),
('teretet'),
('teri'),
('teriak'),
('teriba'),
('terigu'),
('terik'),
('terika'),
('terikit'),
('terima'),
('terimakasih'),
('terin'),
('terindil'),
('tering'),
('teripang'),
('terista'),
('teritih'),
('teritik'),
('teritip'),
('teritis'),
('teritorial'),
('teritorium'),
('teriujung'),
('terjal'),
('terjang'),
('terjemah'),
('terjun'),
('terka'),
('terkam'),
('terkap'),
('terkul'),
('terkup'),
('terlak'),
('terlut'),
('term'),
('termaestesia'),
('termal'),
('termin'),
('terminal'),
('terminasi'),
('terminografi'),
('terminologi'),
('termion'),
('termionika'),
('termistor'),
('termodinamika'),
('termodinamis'),
('termoelektris'),
('termoelektrisitas'),
('termofili'),
('termofilik'),
('termofosforesens'),
('termograf'),
('termogram'),
('termohigrograf'),
('termokimia'),
('termoklin'),
('termolabil'),
('termolisis'),
('termolistrik'),
('termoluminesens'),
('termometer'),
('termonuklir'),
('termoplastik'),
('termos'),
('termosfer'),
('termostat'),
('terna'),
('ternak'),
('terobos'),
('terok'),
('teroka'),
('terombol'),
('teromol'),
('terompah'),
('terompet'),
('terondol'),
('terong'),
('terongko'),
('teropong'),
('teror'),
('teroris'),
('terorisme'),
('terowongan'),
('terpa'),
('terpal'),
('terpana'),
('terpedo'),
('terpentin'),
('tersier'),
('tertib'),
('terubuk'),
('terubus'),
('terucuk'),
('terucukan'),
('teruk'),
('terum'),
('terumba'),
('terumbu'),
('terumbuk'),
('teruna'),
('terung'),
('terungku'),
('teruntum'),
('terup'),
('terus'),
('terusi'),
('terusterang'),
('terwelu'),
('terzina'),
('tes'),
('tesaurus'),
('tesis'),
('tesmak'),
('testa'),
('testamen'),
('tester'),
('testes'),
('testikel'),
('testimonium'),
('testing'),
('testis'),
('testosteron'),
('teta'),
('tetak'),
('tetal'),
('tetampan'),
('tetangga'),
('tetanus'),
('tetap'),
('tetapi'),
('tetar'),
('tetas'),
('teteguk'),
('teteh'),
('tetek'),
('tetelan'),
('tetelo'),
('teter'),
('teterapan'),
('tetes'),
('tetibar'),
('tetikus'),
('tetoron'),
('tetra'),
('tetrahidrokanabinol'),
('tetrahidron'),
('tetraklorida'),
('tetraploid'),
('tetris'),
('tewas'),
('teyan'),
('tezi'),
('tiada'),
('tiaga'),
('tiam'),
('tian'),
('tiang'),
('tiangpancang'),
('tiangui'),
('tiap'),
('tiara'),
('tiarap'),
('tib'),
('tiba'),
('tiban'),
('tidak'),
('tidur'),
('tifa'),
('tifus'),
('tiga'),
('tigari'),
('tigas'),
('tihul'),
('Tijaniah'),
('tik'),
('tika'),
('tikai'),
('tikam'),
('tikar'),
('tikas'),
('tike'),
('tiket'),
('tikim'),
('tikpi'),
('tikung'),
('tikus'),
('tilam'),
('tilan'),
('tilang'),
('tilap'),
('tilas'),
('tilawah'),
('tilde'),
('tilik'),
('tim'),
('timah'),
('timang'),
('timarah'),
('timba'),
('timbal'),
('timbang'),
('timbau'),
('timbel'),
('timbil'),
('timbo'),
('timbre'),
('timbrung'),
('timbuk'),
('timbul'),
('timbun'),
('timburu'),
('timbus'),
('timi'),
('timol'),
('timpa'),
('timpal'),
('timpang'),
('timpani'),
('timpanitis'),
('timpanum'),
('timpas'),
('timpuh'),
('timpuk'),
('timpus'),
('timun'),
('timur'),
('timus'),
('tin'),
('tindak'),
('tindaklanjut'),
('tindan'),
('tindas'),
('tindawan'),
('tindih'),
('tindik'),
('tiner'),
('ting'),
('tinggal'),
('tinggam'),
('tinggi'),
('tinggung'),
('tingi'),
('tingkah'),
('tingkal'),
('tingkalak'),
('tingkap'),
('tingkar'),
('tingkarang'),
('tingkarung'),
('tingkas'),
('tingkat'),
('tingkeb'),
('tingkis'),
('tingkrang'),
('tingkuh'),
('tingting'),
('tingtong'),
('tingtur'),
('tinja'),
('tinjak'),
('tinjau'),
('tinju'),
('tinta'),
('tinting'),
('tintir'),
('tinulat'),
('tip'),
('tipar'),
('tipe'),
('tipi'),
('tipikal'),
('tipis'),
('tipograf'),
('tipografi'),
('tipologi'),
('tipologis'),
('tipu'),
('tir'),
('tirah'),
('tirai'),
('tirakat'),
('tiram'),
('tiran'),
('tirani'),
('tiras'),
('tiraton'),
('tirau'),
('tiri'),
('tiris'),
('tirkah'),
('tiroid'),
('tiroiditis'),
('tiroksin'),
('tirta'),
('tiru'),
('tirus'),
('tis'),
('tisik'),
('tisotropi'),
('tisu'),
('titah'),
('titanium'),
('titar'),
('titel'),
('titer'),
('titi'),
('titik'),
('titikberat'),
('titilasi'),
('titimangsa'),
('titinada'),
('titip'),
('titir'),
('titis'),
('titisara'),
('titit'),
('titrasi'),
('titrimetri'),
('tituler'),
('tiung'),
('tiup'),
('tiwah'),
('tiwikrama'),
('tiwul'),
('tmesis'),
('toapekong'),
('toas'),
('tobak'),
('tobang'),
('tobat'),
('toboh'),
('tobong'),
('tobralko'),
('todak'),
('todong'),
('toga'),
('togan'),
('toge'),
('togel'),
('togok'),
('toh'),
('tohok'),
('tohor'),
('toilet'),
('tok'),
('tokak'),
('tokcer'),
('toke'),
('tokek'),
('toko'),
('tokoh'),
('tokok'),
('tokong'),
('toksemia'),
('toksikogenik'),
('toksikolog'),
('toksikologi'),
('toksin'),
('toktok'),
('tol'),
('tolak'),
('tolan'),
('tolap'),
('toleh'),
('toleran'),
('toleransi'),
('tolok'),
('tolol'),
('tolong'),
('toluena'),
('tom'),
('toman'),
('tomang'),
('tomat'),
('tombak'),
('tomboi'),
('tombok'),
('tombol'),
('tombola'),
('tombong'),
('tombru'),
('tomong'),
('tompel'),
('ton'),
('tona'),
('tonase'),
('tonem'),
('tonetika'),
('tong'),
('tonggak'),
('tonggara'),
('tonggek'),
('tonggeret'),
('tonggok'),
('tonggos'),
('tongkah'),
('tongkang'),
('tongkat'),
('tongkeng'),
('tongkol'),
('tongkor'),
('tongkrong'),
('tongol'),
('tongong'),
('tongpes'),
('tongsan'),
('tongseng'),
('tongsit'),
('tongtong'),
('tonik'),
('tonikum'),
('tonil'),
('tonisitas'),
('tonit'),
('tonjok'),
('tonjol'),
('tonometer'),
('tonsil'),
('tonton'),
('tonus'),
('top'),
('topan'),
('topang'),
('topas'),
('topdal'),
('topek'),
('topeng'),
('topes'),
('tophit'),
('topi'),
('topiari'),
('topik'),
('topikalisasi'),
('topikalitas'),
('topo'),
('topografi'),
('topografis'),
('topong'),
('toponimi'),
('torak'),
('toraks'),
('torani'),
('toreh'),
('torek'),
('tores'),
('torida'),
('torium'),
('tornado'),
('torne'),
('toro'),
('torpedo'),
('torpedor'),
('torsi'),
('torso'),
('tortor'),
('torus'),
('tos'),
('tosanaji'),
('toserba'),
('total'),
('totalisator'),
('totalitas'),
('totaliter'),
('totaliterisme'),
('totau'),
('totem'),
('totemisme'),
('totok'),
('totol'),
('towel'),
('toya'),
('toyor'),
('tra'),
('trabekula'),
('tradisi'),
('tradisional'),
('tradisionalisme'),
('trafo'),
('tragedi'),
('tragikomedi'),
('tragis'),
('tragus'),
('trailer'),
('trakeid'),
('trakom'),
('traksi'),
('traktasi'),
('traktat'),
('traktir'),
('traktor'),
('traktus'),
('trama'),
('trampolin'),
('trans'),
('transaksi'),
('transduksi'),
('transek'),
('transeksual'),
('transenden'),
('transendental'),
('transfer'),
('transfigurasi'),
('transformasi'),
('transformasionalis'),
('transformatif'),
('transformator'),
('transfusi'),
('transgenik'),
('transisi'),
('transistor'),
('transit'),
('transitif'),
('transkrip'),
('transkripsi'),
('translasi'),
('transliterasi'),
('translokasi'),
('translusens'),
('transmigran'),
('transmigrasi'),
('transmigrasilokal'),
('transmisi'),
('transmiter'),
('transmogrifikasi'),
('transmutasi'),
('transnasional'),
('transonik'),
('transparan'),
('transparansi'),
('transpirasi'),
('transplantasi'),
('transpor'),
('transportasi'),
('transposisi'),
('transversal'),
('transvetisme'),
('trap'),
('trapesium'),
('trapezoid'),
('trauler'),
('trauma'),
('traumatis'),
('travesti'),
('trayek'),
('trek'),
('trekbal'),
('trem'),
('trema'),
('trematoda'),
('trembesi'),
('tremer'),
('tremor'),
('tren'),
('trendi'),
('trengginas'),
('trenyuh'),
('tres'),
('tresna'),
('triaspolitika'),
('triatlon'),
('tribokelistrikan'),
('tribologi'),
('tribrata'),
('tribunal'),
('tribune'),
('tributa'),
('trica'),
('tridarma'),
('tridentat'),
('trienial'),
('trifoliat'),
('triftong'),
('trigatra'),
('trigemius'),
('trigliserida'),
('trigonometri'),
('trigraf'),
('trihidrik'),
('trik'),
('triko'),
('trikotomi'),
('trikuspid'),
('tril'),
('trilateral'),
('trilingga'),
('trilipat'),
('triliun'),
('trilogi'),
('trilomba'),
('trim'),
('trimatra'),
('trimurti'),
('trinil'),
('trinitas'),
('trinitrotoluena'),
('trio'),
('triode'),
('trip'),
('tripartit'),
('tripleks'),
('triplet'),
('triplik'),
('tripod'),
('triprasetia'),
('trips'),
('tripsin'),
('tripsinogen'),
('triptofan'),
('triptotos'),
('trisep'),
('trisula'),
('tritunggal'),
('triturasi'),
('triumvirat'),
('trivalen'),
('trivialitas'),
('triwangsa'),
('triwindu'),
('triwulan'),
('trofi'),
('trofoblas'),
('troi'),
('troika'),
('trokanter'),
('trokea'),
('troli'),
('trombin'),
('trombon'),
('trombosis'),
('trombosit'),
('trombus'),
('tromol'),
('trompet'),
('trompong'),
('tropik'),
('tropika'),
('tropis'),
('tropisme'),
('tropopause'),
('troposfer'),
('tropus'),
('tros'),
('trotoar'),
('trubadur'),
('truf'),
('truk'),
('truntum'),
('trusa'),
('tsar'),
('tsunami'),
('tsuru'),
('tua'),
('tuah'),
('tuai'),
('tuak'),
('tual'),
('tuala'),
('tualang'),
('tuam'),
('tuan'),
('tuang'),
('tuangku'),
('tuanku'),
('tuanrumah'),
('tuap'),
('tuar'),
('tuarang'),
('tuas'),
('tuba'),
('Tubagus'),
('tuban'),
('tube'),
('tubektomi'),
('tuberkulosis'),
('tubi'),
('tubin'),
('tubir'),
('tubruk'),
('tubuh'),
('tuding'),
('tuduh'),
('tudung'),
('tufa'),
('tufah'),
('tugal'),
('tugar'),
('tugas'),
('tugaskarya'),
('tugi'),
('tugu'),
('tugur'),
('Tuhan'),
('tuhfah'),
('tuhfahtulajnas'),
('tuhfat'),
('tuhmah'),
('tuhu'),
('tui'),
('tuidi'),
('tuil'),
('tuit'),
('tujah'),
('tuji'),
('tuju'),
('tujuh'),
('tujuhbulan'),
('tujuhhari'),
('tujul'),
('tuk'),
('tukai'),
('tukak'),
('tukal'),
('tukam'),
('tukang'),
('tukar'),
('tukas'),
('tukik'),
('tukil'),
('tukmis'),
('tuksedo'),
('tuku'),
('tukuk'),
('tukul'),
('tukun'),
('tukung'),
('tukup'),
('Tula'),
('tulah'),
('tulak'),
('tulang'),
('tular'),
('tulat'),
('tule'),
('tulen'),
('tuli'),
('tulis'),
('tulium'),
('tulu'),
('tulup'),
('tulus'),
('tum'),
('tuma'),
('tuman'),
('tumang'),
('tumbakan'),
('tumbal'),
('tumbang'),
('tumbas'),
('tumben'),
('tumbu'),
('tumbuh'),
('tumbuk'),
('tumbung'),
('tumenggung'),
('tumika'),
('tumis'),
('tumit'),
('tumor'),
('tumpah'),
('tumpak'),
('tumpal'),
('tumpang'),
('tumpangsari'),
('tumpas'),
('tumpat'),
('tumpeng'),
('tumper'),
('tumpil'),
('tumplak'),
('tumpu'),
('tumpuk'),
('tumpul'),
('tumpur'),
('tumtam'),
('tumu'),
('tumungkul'),
('tumus'),
('tun'),
('tuna'),
('tunaaksara'),
('tunabusana'),
('tunadaksa'),
('tunaganda'),
('tunagizi'),
('tunagrahita'),
('tunai'),
('tunak'),
('tunakarya'),
('tunalaras'),
('tunam'),
('tunan'),
('tunanetra'),
('tunang'),
('tunapolitik'),
('tunarungu'),
('tunas'),
('tunasosial'),
('tunasusila'),
('tunatenaga'),
('tunawicara'),
('tunawisma'),
('tunda'),
('tundang'),
('tundra'),
('tunduk'),
('tundun'),
('tundung'),
('tung'),
('tungau'),
('tunggak'),
('tunggal'),
('tungganai'),
('tunggang'),
('tungganglanggang'),
('tunggik'),
('tungging'),
('tunggu'),
('tunggul'),
('tungkahan'),
('tungkai'),
('tungkak'),
('tungkap'),
('tungku'),
('tungkul'),
('tungkup'),
('tungkus'),
('tungro'),
('tungsten'),
('tunik'),
('tunjal'),
('tunjam'),
('tunjang'),
('tunjuk'),
('tunjung'),
('tuntas'),
('tuntun'),
('tuntung'),
('tuntut'),
('tunu'),
('tupai'),
('tur'),
('tura'),
('turang'),
('turangga'),
('turap'),
('turas'),
('turba'),
('turbiditas'),
('turbin'),
('turbogenerator'),
('turbojet'),
('turbulen'),
('turbulensi'),
('turfat'),
('turgor'),
('turi'),
('turiang'),
('turinisasi'),
('turis'),
('turisme'),
('turistik'),
('turkuois'),
('turmalin'),
('turnamen'),
('turne'),
('turnoi'),
('turun'),
('turus'),
('turut'),
('tus'),
('tusam'),
('tusir'),
('tuslah'),
('tustel'),
('tusuk'),
('tuter'),
('tutor'),
('tutorial'),
('tuts'),
('tutu'),
('tutuh'),
('tutuk'),
('tutul'),
('tutung'),
('tutup'),
('tutur'),
('tutut'),
('tuwuhan'),
('tuwung'),
('tuyuk'),
('tuyul'),
('uai'),
('uak'),
('uan'),
('uanda'),
('uang'),
('uap'),
('uar'),
('uba'),
('ubah'),
('ubahbentuk'),
('ubahsuai'),
('uban'),
('ubang'),
('ubar'),
('ubat'),
('ubek'),
('ubel'),
('uber'),
('ubet'),
('ubi'),
('ubikuitas'),
('ubin'),
('ubit'),
('ubub'),
('ubudiah'),
('ubung'),
('ucap'),
('ucek'),
('ucis'),
('ucok'),
('ucu'),
('uda'),
('udak'),
('udam'),
('udang'),
('udani'),
('udap'),
('udar'),
('udara'),
('ude'),
('udek'),
('udel'),
('udeng'),
('udet'),
('udi'),
('udik'),
('udim'),
('udu'),
('uduh'),
('uduk'),
('udut'),
('uek'),
('ufti'),
('ufuk'),
('ugahari'),
('ugem'),
('uger'),
('ugut'),
('uhu'),
('uih'),
('uik'),
('uis'),
('uit'),
('ujana'),
('ujang'),
('ujar'),
('uji'),
('uju'),
('ujub'),
('ujuk'),
('ujul'),
('ujung'),
('ukas'),
('ukhrawi'),
('ukhuwah'),
('ukik'),
('ukir'),
('uktab'),
('ukulele'),
('ukup'),
('ukur'),
('ulah'),
('ulak'),
('ulam'),
('ulama'),
('ulan'),
('ulang'),
('ulangkali'),
('ulangtahun'),
('ular'),
('ulas'),
('ulat'),
('ulayat'),
('ulek'),
('ulem'),
('ulen'),
('ules'),
('ulet'),
('uli'),
('ulik'),
('ulin'),
('uling'),
('ulir'),
('ulit'),
('ulna'),
('ulos'),
('ultima'),
('ultimatum'),
('ultimo'),
('ultimogenitur'),
('ultrafilter'),
('ultramarin'),
('ultramikroskopiks'),
('ultramodern'),
('ultrasonik'),
('ultrasonika'),
('ultrasonografi'),
('ultraungu'),
('ultraviolet'),
('ulu'),
('uluksalam'),
('ulun'),
('ulung'),
('ulup'),
('ulur'),
('uma'),
('uman'),
('umara'),
('umat'),
('umbai'),
('umbalan'),
('umban'),
('umbang'),
('umbar'),
('umbi');
INSERT INTO `katadasar` (`kata`) VALUES
('umbilikus'),
('umbin'),
('umbisi'),
('umbo'),
('umbra'),
('umbu'),
('umbuk'),
('umbul'),
('umbut'),
('umi'),
('umlaut'),
('umpak'),
('umpama'),
('umpan'),
('umpat'),
('umpet'),
('umpil'),
('umpuk'),
('umput'),
('umrah'),
('umu'),
('umuk'),
('umum'),
('umun'),
('umur'),
('unam'),
('uncang'),
('uncit'),
('uncu'),
('uncue'),
('unda'),
('undagi'),
('undak'),
('undan'),
('undang'),
('undi'),
('unduh'),
('undur'),
('ungam'),
('ungar'),
('unggah'),
('unggal'),
('unggas'),
('unggis'),
('unggit'),
('unggul'),
('unggun'),
('unggut'),
('ungka'),
('ungkah'),
('ungkai'),
('ungkak'),
('ungkal'),
('ungkap'),
('ungkat'),
('ungkau'),
('ungkil'),
('ungkit'),
('ungkul'),
('ungkur'),
('ungsi'),
('ungti'),
('ungu'),
('unguis'),
('ungutirus'),
('uni'),
('uniat'),
('unifikasi'),
('uniform'),
('uniformitas'),
('unik'),
('unilateral'),
('unilineal'),
('unilinear'),
('union'),
('uniseks'),
('uniseluler'),
('unit'),
('unitaris'),
('unitarisme'),
('univalen'),
('universal'),
('universalia'),
('universalisme'),
('universalitas'),
('universiade'),
('universitas'),
('universiter'),
('universitet'),
('universum'),
('unjuk'),
('unjukrasa'),
('unjun'),
('unjung'),
('unjur'),
('unjut'),
('unsur'),
('unsuri'),
('unta'),
('untai'),
('untal'),
('unti'),
('until'),
('unting'),
('untir'),
('untuk'),
('untun'),
('untung'),
('untut'),
('unun'),
('unyai'),
('upa'),
('upaboga'),
('upacara'),
('upaduta'),
('upah'),
('upajiwa'),
('upak'),
('upakara'),
('upakarti'),
('upam'),
('upan'),
('upanishad'),
('upar'),
('upas'),
('upau'),
('upawasa'),
('upaya'),
('upet'),
('upeti'),
('upih'),
('upik'),
('upil'),
('upsilon'),
('uraemia'),
('urah'),
('urai'),
('urak'),
('urakus'),
('urang'),
('uranisme'),
('uranium'),
('uranologi'),
('Uranus'),
('urap'),
('uras'),
('urat'),
('urban'),
('urbanisasi'),
('urbanisme'),
('Urdu'),
('urea'),
('uremia'),
('ureter'),
('uretra'),
('uretritis'),
('urgen'),
('urgensi'),
('uri'),
('urian'),
('uribang'),
('urik'),
('urinalisis'),
('urine'),
('uring'),
('urinoar'),
('urinometer'),
('urip'),
('uris'),
('urita'),
('uritan'),
('urna'),
('urolog'),
('urologi'),
('uroskopi'),
('uruk'),
('urun'),
('urung'),
('urup'),
('urus'),
('urut'),
('usada'),
('usah'),
('usaha'),
('usahawan'),
('usai'),
('usak'),
('usali'),
('usam'),
('usang'),
('usap'),
('usar'),
('usat'),
('usia'),
('usik'),
('usil'),
('usir'),
('uskup'),
('usrek'),
('ustaz'),
('ustazah'),
('usuk'),
('usul'),
('usuluddin'),
('usung'),
('usur'),
('usurpatol'),
('usus'),
('usut'),
('uswah'),
('utama'),
('utara'),
('Utarid'),
('utas'),
('uterus'),
('utih'),
('utik'),
('utilitas'),
('utopia'),
('utopis'),
('utopisme'),
('utrikel'),
('utrolokal'),
('utuh'),
('utus'),
('uvula'),
('uvular'),
('uwungan'),
('uwur'),
('uyuh'),
('uzlah'),
('uzur'),
('vagina'),
('vak'),
('vakansi'),
('vakasi'),
('vakatur'),
('vakbon'),
('vaksin'),
('vaksinasi'),
('vakum'),
('vakuol'),
('vakuola'),
('valas'),
('valensi'),
('Valentine'),
('valeria'),
('valid'),
('validitas'),
('valis'),
('valium'),
('valorisasi'),
('valuta'),
('vampir'),
('vanadium'),
('vandal'),
('vandalisme'),
('vandalistis'),
('vandel'),
('vanili'),
('varia'),
('variabel'),
('variabilitas'),
('varian'),
('variansi'),
('variasi'),
('variatif'),
('varietas'),
('variola'),
('varises'),
('vas'),
('vasal'),
('vasektomi'),
('vaselin'),
('vaskular'),
('vaskularisasi'),
('vaskulum'),
('vasodilasi'),
('vasodilator'),
('vasomotor'),
('Vatikan'),
('vaucer'),
('veem'),
('vegetarian'),
('vegetarir'),
('vegetaris'),
('vegetarisme'),
('vegetasi'),
('vektor'),
('velamentum'),
('velar'),
('velarisasi'),
('velodrom'),
('velositas'),
('velum'),
('vena'),
('venal'),
('venalitas'),
('vendeta'),
('vendor'),
('ventilasi'),
('ventilator'),
('ventrikel'),
('ventrikulus'),
('Venus'),
('verba'),
('verbal'),
('verbalisan'),
('verbalisasi'),
('verbalisme'),
('verbalistis'),
('verbatim'),
('verbena'),
('verdigris'),
('verifikasi'),
('verifikatur'),
('veritisme'),
('verkoper'),
('vermiliun'),
('vermiseli'),
('vermisida'),
('vernis'),
('veronal'),
('verset'),
('versi'),
('verso'),
('verstek'),
('versus'),
('vertebra'),
('vertebrata'),
('vertikal'),
('verzet'),
('vespa'),
('veste'),
('vestibul'),
('vestibula'),
('vestibulum'),
('vet'),
('veter'),
('veteran'),
('veterinarian'),
('veteriner'),
('vetiver'),
('veto'),
('vetsin'),
('via'),
('viabel'),
('viabilitas'),
('viaduk'),
('vibran'),
('vibrasi'),
('vibrator'),
('vibrio'),
('vide'),
('video'),
('videofon'),
('videoklip'),
('videoteks'),
('vigia'),
('vigili'),
('vignet'),
('vikariat'),
('vikaris'),
('vila'),
('vinil'),
('vinyet'),
('viol'),
('viola'),
('violces'),
('violet'),
('violin'),
('violinis'),
('violis'),
('virga'),
('virginia'),
('Virgo'),
('virilis'),
('virilisme'),
('virilitas'),
('virilokal'),
('virologi'),
('virtual'),
('virtuoso'),
('virulen'),
('virulensi'),
('virus'),
('visera'),
('visi'),
('visibel'),
('visibilitas'),
('visioner'),
('visitasi'),
('visitator'),
('visiun'),
('viskometer'),
('viskose'),
('viskositas'),
('vista'),
('visual'),
('visualisasi'),
('visum'),
('visus'),
('vitakultur'),
('vital'),
('vitalitas'),
('vitamin'),
('vitelin'),
('vitiligo'),
('vitreositas'),
('vitrifikasi'),
('vitriol'),
('vivarium'),
('vivifikasi'),
('vivipar'),
('vla'),
('vlek'),
('voal'),
('vodka'),
('vokabuler'),
('vokal'),
('vokalia'),
('vokalis'),
('vokasional'),
('vokatif'),
('vokoid'),
('volatil'),
('volatilitas'),
('voli'),
('volt'),
('voltameter'),
('voltase'),
('volume'),
('volumeter'),
('volumetri'),
('volunter'),
('vonis'),
('vopo'),
('vorteks'),
('votum'),
('vrah'),
('vrahoto'),
('vulgar'),
('vulgata'),
('vulkan'),
('vulkanis'),
('vulkanisasi'),
('vulkanolog'),
('vulkanologi'),
('vulkavit'),
('vulpen'),
('vulva'),
('vulvektomi'),
('vuring'),
('waad'),
('waadat'),
('wabah'),
('wabakdu'),
('wabarakatuh'),
('wacana'),
('wadah'),
('wadak'),
('wadal'),
('wadam'),
('wadat'),
('wadi'),
('waduh'),
('waduk'),
('wadung'),
('wafa'),
('wafak'),
('wafat'),
('Wage'),
('wagon'),
('wagu'),
('wah'),
('wahah'),
('wahai'),
('waham'),
('wahana'),
('wahdah'),
('wahdaniah'),
('wahdiah'),
('wahib'),
('wahid'),
('wahyu'),
('wai'),
('waid'),
('waima'),
('Waisak'),
('waisya'),
('waitankung'),
('wajah'),
('wajan'),
('wajar'),
('wajib'),
('wajik'),
('wak'),
('wakaf'),
('wakil'),
('waktu'),
('wakun'),
('walabi'),
('walad'),
('walafiat'),
('walah'),
('walak'),
('walakhir'),
('walakin'),
('walang'),
('walangkopo'),
('walango'),
('walau'),
('walaupun'),
('waledan'),
('waleh'),
('walet'),
('walhasil'),
('wali'),
('walikukun'),
('walimah'),
('walimana'),
('waliullah'),
('wallahi'),
('wallahualam'),
('wals'),
('waluh'),
('waluku'),
('wambrau'),
('wan'),
('wana'),
('wanara'),
('wanawisata'),
('wanda'),
('wang'),
('wangi'),
('wangkang'),
('wangsa'),
('wangsit'),
('wanita'),
('wanodya'),
('wantah'),
('wantek'),
('wantilan'),
('wara'),
('warak'),
('warakawuri'),
('waralaba'),
('warangan'),
('waranggana'),
('warangka'),
('waras'),
('warasah'),
('wardi'),
('warga'),
('warganegara'),
('wari'),
('waria'),
('warid'),
('waringin'),
('waris'),
('warita'),
('warkat'),
('warna'),
('warok'),
('warsa'),
('warta'),
('wartawan'),
('wartawati'),
('waru'),
('waruga'),
('waruna'),
('warung'),
('wasahlan'),
('wasak'),
('wasal'),
('wasalam'),
('wasangka'),
('wasiat'),
('wasilah'),
('wasit'),
('wasitah'),
('waskita'),
('waslap'),
('waspada'),
('wastafel'),
('waswas'),
('watak'),
('watan'),
('watang'),
('watas'),
('watase'),
('watermantel'),
('watermark'),
('waterpas'),
('waterpruf'),
('watt'),
('wau'),
('wawa'),
('wawancara'),
('wawanmuka'),
('wawanrembuk'),
('wawas'),
('wawasdiri'),
('Wawu'),
('wayang'),
('wayuh'),
('wazari'),
('wazir'),
('Weda'),
('wedam'),
('wedana'),
('wedang'),
('wedani'),
('wedar'),
('wede'),
('wedel'),
('weduk'),
('weh'),
('weharima'),
('wejang'),
('wekel'),
('weker'),
('welahar'),
('welas'),
('weling'),
('welirang'),
('welit'),
('welter'),
('welut'),
('wenang'),
('wenter'),
('werak'),
('were'),
('werek'),
('wereng'),
('werit'),
('werst'),
('wese'),
('wesel'),
('weselbor'),
('wesiaji'),
('wesket'),
('westernis'),
('westernisasi'),
('wet'),
('weton'),
('wewarah'),
('wewe'),
('wibawa'),
('wicara'),
('Widiwasa'),
('widoro'),
('widuri'),
('widyaiswara'),
('widyawisata'),
('wig'),
('wigata'),
('wihara'),
('wijaya'),
('wijayakusuma'),
('wijayamala'),
('wijayamulia'),
('wijdaniah'),
('wijen'),
('wiji'),
('wijik'),
('wikalat'),
('wiku'),
('wiladah'),
('wilangon'),
('wilayah'),
('wilis'),
('wilwatikta'),
('wimana'),
('winaya'),
('windu'),
('wing'),
('wingit'),
('winglet'),
('wira'),
('wirabank'),
('wiracarita'),
('wiraga'),
('wirakarya'),
('wirang'),
('wiraniaga'),
('wirasuara'),
('wiraswasta'),
('wirawan'),
('wirid'),
('wiru'),
('wisal'),
('wisata'),
('wisatawan'),
('wisaya'),
('wisesa'),
('wisik'),
('wiski'),
('wisma'),
('Wisnu'),
('wisuda'),
('wisudawan'),
('wisudawati'),
('witir'),
('wiwaha'),
('wiweka'),
('wiyaga'),
('wiyata'),
('wizurai'),
('wol'),
('wolanda'),
('wolfram'),
('wombat'),
('won'),
('wong'),
('wortel'),
('wosi'),
('wrang'),
('wreda'),
('wredatama'),
('wregu'),
('Wrisaba'),
('wudani'),
('wudu'),
('wuduk'),
('wujud'),
('wuker'),
('wukerar'),
('wukuf'),
('wulan'),
('wulang'),
('wulucumbu'),
('wulung'),
('wungon'),
('wungu'),
('wuwungan'),
('xantat'),
('xantena'),
('xantofil'),
('xenia'),
('xenofili'),
('xenofobia'),
('xenoglosia'),
('xenograf'),
('xenokrasi'),
('xenolit'),
('xenomania'),
('xenon'),
('xerofil'),
('xerofit'),
('xeroftalmia'),
('xerografi'),
('xerosis'),
('xifoid'),
('xilem'),
('xilena'),
('xilofon'),
('xilograf'),
('xilografi'),
('xiloid'),
('xiloidina'),
('xilol'),
('xilologi'),
('xilonit'),
('xilosa'),
('ya'),
('yad'),
('yahud'),
('Yahudi'),
('Yahudiah'),
('Yahwe'),
('yais'),
('yaitu'),
('yakin'),
('yakis'),
('yakitori'),
('YakjujwaMakjuj'),
('yakni'),
('yaksa'),
('yakun'),
('yakut'),
('yamtuan'),
('yang'),
('yantra'),
('yard'),
('yasan'),
('yasmin'),
('yasti'),
('yatim'),
('yaum'),
('yaumudin'),
('yaumulakhir'),
('yaumuljamak'),
('yaumuljaza'),
('yaumulkiamah'),
('yaumulmahsyar'),
('yayasan'),
('yayu'),
('Yehova'),
('yel'),
('yen'),
('yeyunum'),
('yodium'),
('yoga'),
('yoghurt'),
('yogi'),
('yogia'),
('yohimbina'),
('yojana'),
('yokal'),
('yolk'),
('yos'),
('yosong'),
('yoyo'),
('yubileum'),
('yuda'),
('yudikatif'),
('yudisial'),
('yudisium'),
('yuk'),
('yunda'),
('yunta'),
('yupaprasasti'),
('Yupiter'),
('yura'),
('yuridis'),
('yuris'),
('yurisdiksi'),
('yurisprudensi'),
('yustisi'),
('yute'),
('yuvenil'),
('yuwana'),
('yuwaraja'),
('yuyitsu'),
('yuyu'),
('zabah'),
('Zabaniah'),
('zabarjad'),
('zabib'),
('Zabur'),
('zadah'),
('zahid'),
('zai'),
('zaim'),
('zair'),
('zaitun'),
('zakar'),
('zakat'),
('zakelek'),
('zakiah'),
('zakum'),
('zal'),
('zalim'),
('zalir'),
('zaman'),
('zamin'),
('zamindar'),
('zamrud'),
('zamzam'),
('zan'),
('Zanggi'),
('zantara'),
('zarafah'),
('zarah'),
('zaratit'),
('zat'),
('zatua'),
('zawal'),
('zawiat'),
('zebra'),
('zebu'),
('zelot'),
('Zen'),
('zendeling'),
('zending'),
('zeni'),
('zenit'),
('zeolit'),
('zeoponik'),
('zero'),
('zet'),
('zeta'),
('ziadah'),
('ziarah'),
('zib'),
('zigomorf'),
('zigot'),
('zikir'),
('zilullah'),
('zimase'),
('zimi'),
('zimogen'),
('zimolisis'),
('zimosis'),
('zimotik'),
('zimurgi'),
('zina'),
('zindik'),
('zink'),
('zinkografi'),
('Zion'),
('Zionis'),
('zionisme'),
('zirafah'),
('zirah'),
('zirbad'),
('zirkonia'),
('zirkonium'),
('zirkoniumoksida'),
('zirnikh'),
('ziter'),
('zodiak'),
('zoetrop'),
('Zohal'),
('Zohrah'),
('zona'),
('zonasi'),
('zonder'),
('zoofit'),
('zoofobia'),
('zoogani'),
('zoogeografi'),
('zoologi'),
('zoonosis'),
('zoosemiotika'),
('zuama'),
('zuhud'),
('zuhur'),
('zulfikar'),
('Zulhijah'),
('Zulkaidah'),
('zulmat'),
('zurafah'),
('zuriah'),
('zus');

-- --------------------------------------------------------

--
-- Struktur dari tabel `kategori`
--

CREATE TABLE `kategori` (
  `id_kategori` int(11) NOT NULL,
  `kategori` varchar(50) DEFAULT NULL,
  `dari` varchar(20) DEFAULT NULL,
  `kepada` varchar(30) DEFAULT NULL
) ENGINE=InnoDB DEFAULT CHARSET=latin1;

--
-- Dumping data untuk tabel `kategori`
--

INSERT INTO `kategori` (`id_kategori`, `kategori`, `dari`, `kepada`) VALUES
(7, 'Kehilangan KTM', 'Kajur TE', 'TU Fakultas Teknik'),
(9, 'Pengantar Rekap Hasil Studi', 'Ketua Jurusan', 'Sub Bag TU FT UNNES'),
(10, 'surat Observasi', 'Dekan FT', ''),
(11, 'surat PKL', 'Jurusan Elektro ', 'Fakultas Teknik');

-- --------------------------------------------------------

--
-- Struktur dari tabel `kategori_makalah`
--

CREATE TABLE `kategori_makalah` (
  `id_makalah` int(11) DEFAULT NULL,
  `id_kategori` int(11) DEFAULT NULL
) ENGINE=InnoDB DEFAULT CHARSET=latin1;

--
-- Dumping data untuk tabel `kategori_makalah`
--

INSERT INTO `kategori_makalah` (`id_makalah`, `id_kategori`) VALUES
(7, 1),
(7, 2),
(8, 1),
(8, 2),
(9, 2),
(10, 1),
(11, 2),
(12, 1),
(13, 1),
(14, 1),
(15, 2),
(16, 2),
(17, 2),
(18, 1),
(19, 5),
(20, 5),
(21, 1),
(23, 1),
(24, 1),
(25, 2),
(26, 2),
(27, 2),
(28, 1),
(29, 1),
(31, 1),
(32, 2),
(33, 2),
(1, 1),
(2, 6),
(3, 7),
(4, 9),
(5, 9);

-- --------------------------------------------------------

--
-- Struktur dari tabel `komentar_makalah`
--

CREATE TABLE `komentar_makalah` (
  `id_komentar` int(11) NOT NULL,
  `komentar` text,
  `id_makalah` int(11) DEFAULT NULL,
  `id_user` int(11) DEFAULT NULL,
  `waktu` datetime DEFAULT NULL,
  `readby` text
) ENGINE=InnoDB DEFAULT CHARSET=latin1;

--
-- Dumping data untuk tabel `komentar_makalah`
--

INSERT INTO `komentar_makalah` (`id_komentar`, `komentar`, `id_makalah`, `id_user`, `waktu`, `readby`) VALUES
(1, 'Halo', 7, 4, '2016-05-10 00:12:07', '(4),(3),(5),(6)'),
(2, 'Halo makalah anda sepertinya harus ada yang diperbaiki', 7, 4, '2016-05-12 00:12:22', '(4),(3),(5),(6)'),
(3, 'dibagian mananya', 7, 3, '2016-05-13 00:12:31', '(3),(4),(5),(6)'),
(4, 'dibagian abstrak', 7, 4, '2016-05-15 00:12:38', '(4),(5),(3),(6)'),
(5, 'Tolong diperbaiki juga permasalahannya', 7, 5, '2016-05-16 00:36:55', '(5),(3),(4),(6)'),
(6, 'Oke2 siap gan', 7, 3, '2016-05-16 00:36:55', '(3),(4),(6),(5)'),
(7, 'halo, gimana status makalah saya?', 11, 3, '2016-05-16 00:36:55', '(3),(4),(5)'),
(8, 'Oke gan siap!!!', 7, 3, '2016-05-15 19:49:48', '(3),(4),(6),(5)'),
(9, 'gimana apanya bro?', 11, 3, '2016-05-22 19:05:59', '(3),(4),(5)'),
(10, 'gimana apanya bro?', 11, 4, '2016-05-22 19:07:01', '(4),(3),(5)'),
(11, 'selamat ya yovi, makalahnya diterima', 11, 4, '2016-05-24 00:54:23', '(4),(3),(5)'),
(12, 'yoi sama2 bro...', 11, 3, '2016-05-24 00:55:36', '(3),(4),(5)'),
(13, 'halo', 13, 6, '2016-05-25 08:42:26', '(6),(3)'),
(14, 'ya, knapa gan dengan makalahnya?', 13, 3, '2016-05-26 04:46:10', '(3),(6)'),
(15, 'makasih sudah menerima makalah saya...', 13, 6, '2016-05-26 09:07:07', '(6),(3)'),
(16, 'sama-sama... :)', 13, 3, '2016-05-27 03:18:17', '(3),(6)'),
(17, 'wah saya gak diajak diskusi nih... :(', 11, 4, '2016-05-27 03:29:39', '(4),(3),(5)'),
(18, 'bagus', 8, 3, '2016-06-01 11:24:30', '(3)'),
(19, 'Lanjutkan ', 18, 17, '2016-06-01 11:39:58', '(17),(16),(3)'),
(20, 'baik pak', 18, 16, '2016-06-01 11:41:14', '(16),(17),(3)'),
(21, 'selamat gan udah lolos makalahnya', 24, 3, '2016-06-01 17:44:43', '(3)'),
(22, 'selamat gan udah lolos makalahnya', 24, 3, '2016-06-01 17:52:23', '(3)'),
(23, 'Kurang oke', 27, 3, '2016-06-03 05:46:58', '(3)'),
(24, 'judulnya direvisi ya', 28, 3, '2016-06-03 05:51:07', '(3),(18),(19),(26)'),
(25, 'bagus, lanjutkan lagi', 28, 19, '2016-06-03 06:22:53', '(19),(18),(3),(26)'),
(26, 'iya pak', 28, 18, '2016-06-03 06:23:50', '(18),(19),(3),(26)'),
(27, 'cek', 28, 18, '2016-06-03 06:24:43', '(18),(19),(3),(26)'),
(28, 'perbaiki judul', 24, 3, '2016-06-08 04:28:44', '(3)'),
(29, 'ok', 28, 26, '2016-07-17 17:47:26', '(26),(3)'),
(30, 'bagus', 28, 3, '2016-07-17 21:47:10', '(3)');

-- --------------------------------------------------------

--
-- Struktur dari tabel `makalah`
--

CREATE TABLE `makalah` (
  `id_makalah` int(11) NOT NULL,
  `id_user` int(11) DEFAULT NULL,
  `id_status` int(11) DEFAULT NULL,
  `judul` text,
  `abstrak` text,
  `permasalahan` text,
  `tujuan` text,
  `tinjauan_pustaka` text,
  `kesimpulan_sementara` text,
  `daftar_pustaka` text,
  `created_at` datetime DEFAULT NULL,
  `updated_at` datetime DEFAULT NULL
) ENGINE=InnoDB DEFAULT CHARSET=latin1;

--
-- Dumping data untuk tabel `makalah`
--

INSERT INTO `makalah` (`id_makalah`, `id_user`, `id_status`, `judul`, `abstrak`, `permasalahan`, `tujuan`, `tinjauan_pustaka`, `kesimpulan_sementara`, `daftar_pustaka`, `created_at`, `updated_at`) VALUES
(1, 3, 2, 'qw', 'd', 'q', 'wq', 'wq', 'wq', 'wq', '2016-10-24 14:37:09', '2016-10-25 23:35:18'),
(2, 3, 1, 'wefw', 'W', 'W', 'EW', 'W', 'E', 'W', '2016-10-26 12:54:26', '2016-10-26 12:54:26'),
(3, 18, 3, 'dfa', 'ds', 'sw', 'w', 'wq', 'w', 'ew', '2016-10-30 12:08:33', '2016-11-04 17:25:17'),
(4, 3, 1, '', 'K', 'K', 'K', 'K', 'K', 'K', '2016-11-09 14:57:11', '2016-11-09 14:57:11'),
(5, 3, 0, '', 'J', 'J', 'J', 'J', 'J', 'J', '2016-11-09 14:59:31', '2016-11-09 14:59:31');

-- --------------------------------------------------------

--
-- Struktur dari tabel `password_resets`
--

CREATE TABLE `password_resets` (
  `email` varchar(50) DEFAULT NULL,
  `token` varchar(500) DEFAULT NULL,
  `created_at` datetime DEFAULT NULL
) ENGINE=InnoDB DEFAULT CHARSET=latin1;

-- --------------------------------------------------------

--
-- Struktur dari tabel `pengaturan`
--

CREATE TABLE `pengaturan` (
  `id` int(11) NOT NULL,
  `persen` double DEFAULT NULL,
  `form` text,
  `kgram` int(11) NOT NULL
) ENGINE=InnoDB DEFAULT CHARSET=latin1;

--
-- Dumping data untuk tabel `pengaturan`
--

INSERT INTO `pengaturan` (`id`, `persen`, `form`, `kgram`) VALUES
(1, 37, 'judul', 4);

-- --------------------------------------------------------

--
-- Struktur dari tabel `role`
--

CREATE TABLE `role` (
  `id_role` int(11) DEFAULT NULL,
  `deskripsi` varchar(25) DEFAULT NULL
) ENGINE=InnoDB DEFAULT CHARSET=latin1;

--
-- Dumping data untuk tabel `role`
--

INSERT INTO `role` (`id_role`, `deskripsi`) VALUES
(1, 'admin'),
(2, 'editor'),
(3, 'penulis');

-- --------------------------------------------------------

--
-- Struktur dari tabel `status_makalah`
--

CREATE TABLE `status_makalah` (
  `id_status` int(11) NOT NULL,
  `status` varchar(25) DEFAULT NULL
) ENGINE=InnoDB DEFAULT CHARSET=latin1;

--
-- Dumping data untuk tabel `status_makalah`
--

INSERT INTO `status_makalah` (`id_status`, `status`) VALUES
(0, 'plagiat'),
(1, 'lolos'),
(2, 'diterima'),
(3, 'revisi'),
(4, 'ditolak');

-- --------------------------------------------------------

--
-- Struktur dari tabel `stoplist`
--

CREATE TABLE `stoplist` (
  `kata` varchar(40) NOT NULL
) ENGINE=MyISAM DEFAULT CHARSET=utf8;

--
-- Dumping data untuk tabel `stoplist`
--

INSERT INTO `stoplist` (`kata`) VALUES
('ada'),
('adalah'),
('adanya'),
('adapun'),
('agak'),
('agaknya'),
('agan'),
('agar'),
('ah'),
('akan'),
('akankah'),
('akhir'),
('akhiri'),
('akhirnya'),
('aku'),
('akulah'),
('amat'),
('amatlah'),
('anda'),
('andalah'),
('antar'),
('antara'),
('antaranya'),
('apa'),
('apaan'),
('apabila'),
('apakah'),
('apalagi'),
('apatah'),
('artinya'),
('asal'),
('asalkan'),
('atas'),
('atau'),
('ataukah'),
('ataupun'),
('awal'),
('awalnya'),
('bagai'),
('bagaikan'),
('bagaimana'),
('bagaimanakah'),
('bagaimanapun'),
('bagi'),
('bagian'),
('bahkan'),
('bahwa'),
('bahwasanya'),
('baik'),
('bakal'),
('bakalan'),
('balik'),
('banyak'),
('bapak'),
('baru'),
('bawah'),
('beberapa'),
('begini'),
('beginian'),
('beginikah'),
('beginilah'),
('begitu'),
('begitukah'),
('begitulah'),
('begitupun'),
('bekerja'),
('belakang'),
('belakangan'),
('belum'),
('belumlah'),
('benar'),
('benarkah'),
('benarlah'),
('berada'),
('berakhir'),
('berakhirlah'),
('berakhirnya'),
('berapa'),
('berapakah'),
('berapalah'),
('berapapun'),
('berarti'),
('berawal'),
('berbagai'),
('berdatangan'),
('beri'),
('berikan'),
('berikut'),
('berikutnya'),
('berjumlah'),
('berkali-kali'),
('berkata'),
('berkehendak'),
('berkeinginan'),
('berkenaan'),
('berlainan'),
('berlalu'),
('berlangsung'),
('berlebihan'),
('bermacam'),
('bermacam-macam'),
('bermaksud'),
('bermula'),
('beroh'),
('bersama'),
('bersama-sama'),
('bersiap'),
('bersiap-siap'),
('bertanya'),
('bertanya-tanya'),
('berturut'),
('berturut-turut'),
('bertutur'),
('berujar'),
('berupa'),
('besar'),
('betul'),
('betulkah'),
('biasa'),
('biasanya'),
('bila'),
('bilakah'),
('bisa'),
('bisakah'),
('boleh'),
('bolehkah'),
('bolehlah'),
('bro'),
('buat'),
('bukan'),
('bukankah'),
('bukanlah'),
('bukannya'),
('bulan'),
('bung'),
('cara'),
('caranya'),
('cie'),
('cieee'),
('cukup'),
('cukupkah'),
('cukuplah'),
('cuma'),
('dahulu'),
('dalam'),
('dan'),
('dapat'),
('dari'),
('daripada'),
('datang'),
('dekat'),
('demi'),
('demikian'),
('demikianlah'),
('dengan'),
('depan'),
('di'),
('dia'),
('diakhiri'),
('diakhirinya'),
('dialah'),
('diantara'),
('diantaranya'),
('diberi'),
('diberikan'),
('diberikannya'),
('dibuat'),
('dibuatnya'),
('didapat'),
('didatangkan'),
('digunakan'),
('diibaratkan'),
('diibaratkannya'),
('diingat'),
('diingatkan'),
('diinginkan'),
('dijawab'),
('dijelaskan'),
('dijelaskannya'),
('dikarenakan'),
('dikatakan'),
('dikatakannya'),
('dikerjakan'),
('diketahui'),
('diketahuinya'),
('dikira'),
('dilakukan'),
('dilalui'),
('dilihat'),
('dimaksud'),
('dimaksudkan'),
('dimaksudkannya'),
('dimaksudnya'),
('diminta'),
('dimintai'),
('dimisalkan'),
('dimulai'),
('dimulailah'),
('dimulainya'),
('dimungkinkan'),
('dini'),
('dipastikan'),
('diperbuat'),
('diperbuatnya'),
('dipergunakan'),
('diperkirakan'),
('diperlihatkan'),
('diperlukan'),
('diperlukannya'),
('dipersoalkan'),
('dipertanyakan'),
('dipunyai'),
('diri'),
('dirinya'),
('disampaikan'),
('disebut'),
('disebutkan'),
('disebutkannya'),
('disini'),
('disinilah'),
('ditambahkan'),
('ditandaskan'),
('ditanya'),
('ditanyai'),
('ditanyakan'),
('ditegaskan'),
('ditujukan'),
('ditunjuk'),
('ditunjuki'),
('ditunjukkan'),
('ditunjukkannya'),
('ditunjuknya'),
('dituturkan'),
('dituturkannya'),
('diucapkan'),
('diucapkannya'),
('diungkapkan'),
('dkk'),
('dll'),
('dong'),
('dsb'),
('dst'),
('dua'),
('dulu'),
('eeee'),
('ehheh'),
('empat'),
('enggak'),
('enggaknya'),
('entah'),
('entahlah'),
('gan'),
('guna'),
('gunakan'),
('Haa'),
('haha'),
('hahah'),
('Hahahaha'),
('hal'),
('hampir'),
('hanya'),
('hanyalah'),
('hari'),
('harus'),
('haruslah'),
('harusnya'),
('hawhahwha'),
('he'),
('hehe'),
('heheh'),
('hendak'),
('hendaklah'),
('hendaknya'),
('hingga'),
('ia'),
('ialah'),
('ibarat'),
('ibaratkan'),
('ibaratnya'),
('ibu'),
('ikut'),
('ingat'),
('ingat-ingat'),
('ingin'),
('inginkah'),
('inginkan'),
('ini'),
('inikah'),
('inilah'),
('itu'),
('itukah'),
('itulah'),
('jadi'),
('jadilah'),
('jadinya'),
('jangan'),
('jangankan'),
('janganlah'),
('jauh'),
('jawab'),
('jawaban'),
('jawabnya'),
('jelas'),
('jelaskan'),
('jelaslah'),
('jelasnya'),
('jika'),
('jikalau'),
('juga'),
('jumlah'),
('jumlahnya'),
('justru'),
('kala'),
('kalau'),
('kalaulah'),
('kalaupun'),
('kalian'),
('kami'),
('kamilah'),
('kamu'),
('kamulah'),
('kan'),
('kapan'),
('kapankah'),
('kapanpun'),
('karena'),
('karenanya'),
('kasus'),
('kata'),
('katakan'),
('katakanlah'),
('katanya'),
('ke'),
('keadaan'),
('kebetulan'),
('kecil'),
('kedua'),
('keduanya'),
('keinginan'),
('kelamaan'),
('kelihatan'),
('kelihatannya'),
('kelima'),
('keluar'),
('kembali'),
('kemudian'),
('kemungkinan'),
('kemungkinannya'),
('kenapa'),
('kepada'),
('kepadanya'),
('kesampaian'),
('keseluruhan'),
('keseluruhannya'),
('keterlaluan'),
('ketika'),
('khususnya'),
('kini'),
('kinilah'),
('kira'),
('kira-kira'),
('kiranya'),
('kita'),
('kitalah'),
('km'),
('kok'),
('kurang'),
('lagi'),
('lagian'),
('lah'),
('lain'),
('lainnya'),
('lalu'),
('lama'),
('lamanya'),
('lanjut'),
('lanjutnya'),
('lebih'),
('lewat'),
('lho'),
('lima'),
('loh'),
('luar'),
('m'),
('macam'),
('maka'),
('makanya'),
('makin'),
('malah'),
('malahan'),
('mampu'),
('mampukah'),
('mana'),
('manakala'),
('manalagi'),
('masa'),
('masalah'),
('masalahnya'),
('masbro'),
('masih'),
('masihkah'),
('masing'),
('masing-masing'),
('mau'),
('maupun'),
('melainkan'),
('melakukan'),
('melalui'),
('melihat'),
('melihatnya'),
('memang'),
('memastikan'),
('memberi'),
('memberikan'),
('membuat'),
('memerlukan'),
('memihak'),
('meminta'),
('memintakan'),
('memisalkan'),
('memperbuat'),
('mempergunakan'),
('memperkirakan'),
('memperlihatkan'),
('mempersiapkan'),
('mempersoalkan'),
('mempertanyakan'),
('mempunyai'),
('memulai'),
('memungkinkan'),
('menaiki'),
('menambahkan'),
('menandaskan'),
('menanti'),
('menanti-nanti'),
('menantikan'),
('menanya'),
('menanyai'),
('menanyakan'),
('mendapat'),
('mendapatkan'),
('mendatang'),
('mendatangi'),
('mendatangkan'),
('menegaskan'),
('mengakhiri'),
('mengapa'),
('mengatakan'),
('mengatakannya'),
('mengenai'),
('mengerjakan'),
('mengetahui'),
('menggunakan'),
('menghendaki'),
('mengibaratkan'),
('mengibaratkannya'),
('mengingat'),
('mengingatkan'),
('menginginkan'),
('mengira'),
('mengucapkan'),
('mengucapkannya'),
('mengungkapkan'),
('menjadi'),
('menjawab'),
('menjelaskan'),
('menuju'),
('menunjuk'),
('menunjuki'),
('menunjukkan'),
('menunjuknya'),
('menurut'),
('menuturkan'),
('menyampaikan'),
('menyangkut'),
('menyatakan'),
('menyebutkan'),
('menyeluruh'),
('menyiapkan'),
('merasa'),
('mereka'),
('merekalah'),
('merupakan'),
('meski'),
('meskipun'),
('meyakini'),
('meyakinkan'),
('minta'),
('mirip'),
('misal'),
('misalkan'),
('misalnya'),
('mula'),
('mulai'),
('mulailah'),
('mulanya'),
('mungkin'),
('mungkinkah'),
('nah'),
('naik'),
('namun'),
('nan'),
('nanti'),
('nantinya'),
('nyaris'),
('nyatanya'),
('ok'),
('oleh'),
('olehnya'),
('pada'),
('padahal'),
('padanya'),
('pak'),
('paling'),
('panjang'),
('pantas'),
('para'),
('pasti'),
('pastilah'),
('penting'),
('pentingnya'),
('per'),
('percuma'),
('perlu'),
('perlukah'),
('perlunya'),
('pernah'),
('persoalan'),
('pertama'),
('pertama-tama'),
('pertanyaan'),
('pertanyakan'),
('pihak'),
('pihaknya'),
('pukul'),
('pula'),
('pun'),
('punya'),
('rasa'),
('rasanya'),
('rata'),
('rupanya'),
('s'),
('saat'),
('saatnya'),
('saja'),
('sajalah'),
('saling'),
('sama'),
('sama-sama'),
('sambil'),
('sampai'),
('sampai-sampai'),
('sampaikan'),
('sana'),
('sang'),
('sangat'),
('sangatlah'),
('satu'),
('saw'),
('saya'),
('sayalah'),
('se'),
('sebab'),
('sebabnya'),
('sebagai'),
('sebagaimana'),
('sebagainya'),
('sebagian'),
('sebaik'),
('sebaik-baiknya'),
('sebaiknya'),
('sebaliknya'),
('sebanyak'),
('sebegini'),
('sebegitu'),
('sebelum'),
('sebelumnya'),
('sebenarnya'),
('seberapa'),
('sebesar'),
('sebetulnya'),
('sebisanya'),
('sebuah'),
('sebut'),
('sebutlah'),
('sebutnya'),
('secara'),
('secukupnya'),
('sedang'),
('sedangkan'),
('sedemikian'),
('sedikit'),
('sedikitnya'),
('seenaknya'),
('segala'),
('segalanya'),
('segera'),
('seharusnya'),
('sehingga'),
('seingat'),
('sejak'),
('sejauh'),
('sejenak'),
('sejumlah'),
('sekadar'),
('sekadarnya'),
('sekali'),
('sekali-kali'),
('sekalian'),
('sekaligus'),
('sekalipun'),
('sekarang'),
('sekecil'),
('seketika'),
('sekiranya'),
('sekitar'),
('sekitarnya'),
('sekurang-kurangnya'),
('sekurangnya'),
('sela'),
('selain'),
('selaku'),
('selalu'),
('selama'),
('selama-lamanya'),
('selamanya'),
('selanjutnya'),
('seluruh'),
('seluruhnya'),
('semacam'),
('semakin'),
('semampu'),
('semampunya'),
('semasa'),
('semasih'),
('semata'),
('semata-mata'),
('semaunya'),
('sementara'),
('semisal'),
('semisalnya'),
('sempat'),
('semua'),
('semuanya'),
('semula'),
('sendiri'),
('sendirian'),
('sendirinya'),
('seolah'),
('seolah-olah'),
('seorang'),
('sepanjang'),
('sepantasnya'),
('sepantasnyalah'),
('seperlunya'),
('seperti'),
('sepertinya'),
('sepihak'),
('sering'),
('seringnya'),
('serta'),
('serupa'),
('sesaat'),
('sesama'),
('sesampai'),
('sesegera'),
('sesekali'),
('seseorang'),
('sesuatu'),
('sesuatunya'),
('sesudah'),
('sesudahnya'),
('setelah'),
('setempat'),
('setengah'),
('seterusnya'),
('setiap'),
('setiba'),
('setibanya'),
('setidak-tidaknya'),
('setidaknya'),
('setinggi'),
('seusai'),
('sewaktu'),
('si'),
('siap'),
('siapa'),
('siapakah'),
('siapapun'),
('sih'),
('sihh'),
('sini'),
('sinilah'),
('sip'),
('sipp'),
('sis'),
('sista'),
('soal'),
('soalnya'),
('suatu'),
('sudah'),
('sudahkah'),
('sudahlah'),
('supaya'),
('swt'),
('tadi'),
('tadinya'),
('tahu'),
('tahun'),
('tak'),
('tambah'),
('tambahnya'),
('tampak'),
('tampaknya'),
('tandas'),
('tandasnya'),
('tanpa'),
('tanya'),
('tanyakan'),
('tanyanya'),
('tapi'),
('tegas'),
('tegasnya'),
('teknik digital teori dan aplikasi'),
('telah'),
('tempat'),
('tengah'),
('tentang'),
('tentu'),
('tentulah'),
('tentunya'),
('tepat'),
('terakhir'),
('terasa'),
('terbanyak'),
('terdahulu'),
('terdapat'),
('terdiri'),
('terhadap'),
('terhadapnya'),
('teringat'),
('teringat-ingat'),
('terjadi'),
('terjadilah'),
('terjadinya'),
('terkira'),
('terlalu'),
('terlebih'),
('terlihat'),
('termasuk'),
('ternyata'),
('tersampaikan'),
('tersebut'),
('tersebutlah'),
('tertentu'),
('tertuju'),
('terus'),
('terutama'),
('tetap'),
('tetapi'),
('tiap'),
('tiba'),
('tiba-tiba'),
('tidak'),
('tidakkah'),
('tidaklah'),
('tiga'),
('tinggi'),
('toh'),
('tuh'),
('tunjuk'),
('turut'),
('tutur'),
('tuturnya'),
('ucap'),
('ucapnya'),
('ujar'),
('ujarnya'),
('umum'),
('umumnya'),
('ungkap'),
('ungkapnya'),
('untuk'),
('usah'),
('usai'),
('uwauw'),
('waduh'),
('wah'),
('wahai'),
('waktu'),
('waktunya'),
('walau'),
('walaupun'),
('waw'),
('wew'),
('whahwhahwa'),
('whoaaa'),
('wib'),
('wihh'),
('wong'),
('wow'),
('wuih'),
('yach'),
('yah'),
('yaitu'),
('yakin'),
('yakni'),
('yang'),
('yap'),
('yei'),
('yoi'),
('yok'),
('yuk');

-- --------------------------------------------------------

--
-- Struktur dari tabel `surat_keluar`
--

CREATE TABLE `surat_keluar` (
  `id_keluar` int(12) NOT NULL,
  `id_user` int(11) NOT NULL,
  `id_kategori` int(12) NOT NULL,
  `no_surat` varchar(20) DEFAULT NULL,
  `hal` varchar(20) DEFAULT NULL,
  `kepada` varchar(30) DEFAULT NULL,
  `dari` varchar(30) DEFAULT NULL,
  `isi` varchar(100) DEFAULT NULL,
  `tembusan` varchar(50) DEFAULT NULL,
  `updated_at` datetime NOT NULL DEFAULT CURRENT_TIMESTAMP ON UPDATE CURRENT_TIMESTAMP,
  `created_at` datetime NOT NULL
) ENGINE=InnoDB DEFAULT CHARSET=latin1;

--
-- Dumping data untuk tabel `surat_keluar`
--

INSERT INTO `surat_keluar` (`id_keluar`, `id_user`, `id_kategori`, `no_surat`, `hal`, `kepada`, `dari`, `isi`, `tembusan`, `updated_at`, `created_at`) VALUES
(10, 3, 7, '20161119001516', 'w', 'wq', 'ewq', 'qw ', 'w', '2016-11-19 00:15:16', '2016-11-19 00:15:16'),
(11, 3, 10, '20161119204844', '12', 'wq', 'wq', 'qw ', 'wq', '2016-11-19 20:48:44', '2016-11-19 20:48:44'),
(12, 3, 7, '20161119210305', '23', 'w', 'we', ' we ', 'we', '2016-11-19 21:03:05', '2016-11-19 21:03:05'),
(13, 3, 7, '20161119210321', '23', 'w', 'we', ' we ', 'we', '2016-11-19 21:03:21', '2016-11-19 21:03:21'),
(14, 3, 10, '20161119210337', '23', 'w', 'we', ' we ', 'we', '2016-11-19 21:03:37', '2016-11-19 21:03:37');

-- --------------------------------------------------------

--
-- Struktur dari tabel `surat_masuk`
--

CREATE TABLE `surat_masuk` (
  `id_masuk` int(11) NOT NULL,
  `no_surat` text,
  `hal` text,
  `dari` text,
  `kepada` text,
  `isi` text,
  `tembusan` text,
  `image_masuk` text,
  `updated_at` datetime DEFAULT NULL,
  `created_at` datetime DEFAULT NULL
) ENGINE=InnoDB DEFAULT CHARSET=latin1;

--
-- Dumping data untuk tabel `surat_masuk`
--

INSERT INTO `surat_masuk` (`id_masuk`, `no_surat`, `hal`, `dari`, `kepada`, `isi`, `tembusan`, `image_masuk`, `updated_at`, `created_at`) VALUES
(20, 'we', 'ew', 'we', 'ew', 'we ', 'we', 'problem.PNG', '2016-11-09 18:42:41', '2016-11-09 18:42:41'),
(21, '231', '21', 'w', 'q', 'w ', 'w', 'problem.PNG', '2016-11-09 18:47:49', '2016-11-09 18:47:49'),
(22, '12', '2w', 'wq', 'wq', 'wq ', 'wq', 'problem.PNG', '2016-11-09 18:50:24', '2016-11-09 18:50:24'),
(23, '12', 'wq', 'q', 'wq', ' q', 'qwqq', 'problem.PNG', '2016-11-09 18:52:21', '2016-11-09 18:52:21'),
(24, '2', 'qw', 'q', 'w', ' q ', 'q', 'activity login.png', '2016-11-09 18:57:05', '2016-11-09 18:57:05'),
(26, '12', 'wq', 'wq', 'w', ' ', 'w', '', '2016-11-18 23:01:07', '2016-11-18 22:59:10');

-- --------------------------------------------------------

--
-- Struktur dari tabel `timeline`
--

CREATE TABLE `timeline` (
  `id` int(11) NOT NULL,
  `id_user` int(11) DEFAULT NULL,
  `aksi` text,
  `href` text,
  `created_at` datetime DEFAULT NULL,
  `updated_at` datetime DEFAULT NULL
) ENGINE=InnoDB DEFAULT CHARSET=latin1;

--
-- Dumping data untuk tabel `timeline`
--

INSERT INTO `timeline` (`id`, `id_user`, `aksi`, `href`, `created_at`, `updated_at`) VALUES
(2, 3, 'Perubahan pengaturan plagiarisme', NULL, '2016-05-26 07:23:08', '2016-05-26 07:23:08'),
(3, 3, 'Melakukan perubahan pengaturan plagiarisme', NULL, '2016-05-26 09:00:31', '2016-05-26 09:00:31'),
(4, 3, 'Melakukan penambahan makalah baru, namun terdeteksi plagiat!', NULL, '2016-05-26 09:02:09', '2016-05-26 09:02:09'),
(5, 3, 'Melakukan penambahan penulis baru', 'penulis/15', '2016-05-26 09:05:13', '2016-05-26 09:05:13'),
(6, 6, 'Mengomentari makalah', 'makalah/13', '2016-05-26 09:07:07', '2016-05-26 09:07:07'),
(7, 3, 'Melakukan perubahan pengaturan plagiarisme', 'setting', '2016-05-26 19:26:45', '2016-05-26 19:26:45'),
(8, 3, 'Melakukan perubahan pengaturan plagiarisme', 'setting', '2016-05-26 19:34:49', '2016-05-26 19:34:49'),
(9, 3, 'Melakukan perubahan pengaturan plagiarisme', 'setting', '2016-05-27 02:35:53', '2016-05-27 02:35:53'),
(10, 3, 'Melakukan perubahan data penulis', 'penulis/14', '2016-05-27 02:38:27', '2016-05-27 02:38:27'),
(11, 3, 'Mengomentari makalah', 'makalah/13', '2016-05-27 03:18:17', '2016-05-27 03:18:17'),
(12, 4, 'Mengomentari makalah', 'makalah/11', '2016-05-27 03:29:39', '2016-05-27 03:29:39'),
(13, 3, 'Melakukan perubahan profil pribadi', 'profile', '2016-05-27 11:06:40', '2016-05-27 11:06:40'),
(14, 3, 'Melakukan perubahan profil pribadi', 'profile', '2016-05-31 07:16:34', '2016-05-31 07:16:34'),
(15, 3, 'Melakukan perubahan pengaturan plagiarisme', 'setting', '2016-05-31 07:18:18', '2016-05-31 07:18:18'),
(16, 3, 'Melakukan penambahan penulis baru', 'penulis/16', '2016-05-31 07:19:43', '2016-05-31 07:19:43'),
(17, 16, 'Melakukan penambahan makalah baru dan Lolos plagiat!', 'makalah/18', '2016-05-31 07:28:13', '2016-05-31 07:28:13'),
(18, 16, 'Melakukan penambahan makalah baru dan Lolos plagiat!', 'makalah/19', '2016-05-31 07:29:17', '2016-05-31 07:29:17'),
(19, 16, 'Melakukan penambahan makalah baru, namun terdeteksi plagiat!', 'makalah/20', '2016-05-31 07:30:29', '2016-05-31 07:30:29'),
(20, 3, 'Melakukan perubahan makalah', 'makalah/20', '2016-05-31 12:11:27', '2016-05-31 12:11:27'),
(21, 3, 'Melakukan perubahan makalah', 'makalah/20', '2016-05-31 12:45:35', '2016-05-31 12:45:35'),
(22, 3, 'Melakukan perubahan makalah', 'makalah/20', '2016-05-31 13:35:20', '2016-05-31 13:35:20'),
(23, 3, 'Melakukan perubahan makalah', 'makalah/20', '2016-05-31 13:46:04', '2016-05-31 13:46:04'),
(24, 3, 'Melakukan perubahan makalah', 'makalah/20', '2016-05-31 20:14:15', '2016-05-31 20:14:15'),
(25, 3, 'Melakukan penambahan makalah baru, namun terdeteksi plagiat!', 'makalah/21', '2016-05-31 22:27:49', '2016-05-31 22:27:49'),
(26, 3, 'Melakukan perubahan makalah', 'makalah/21', '2016-05-31 22:28:31', '2016-05-31 22:28:31'),
(27, 3, 'Melakukan perubahan makalah', 'makalah/21', '2016-05-31 22:29:12', '2016-05-31 22:29:12'),
(28, 3, 'Melakukan perubahan makalah', 'makalah/21', '2016-05-31 22:29:55', '2016-05-31 22:29:55'),
(29, 3, 'Melakukan perubahan makalah', 'makalah/21', '2016-05-31 22:30:25', '2016-05-31 22:30:25'),
(30, 3, 'Melakukan ploting editor pada makalah', 'makalah/21', '2016-05-31 22:32:15', '2016-05-31 22:32:15'),
(31, 3, 'Melakukan penambahan editor baru', 'editor/17', '2016-05-31 22:33:51', '2016-05-31 22:33:51'),
(32, 3, 'Melakukan perubahan makalah', 'makalah/19', '2016-05-31 22:37:44', '2016-05-31 22:37:44'),
(33, 3, 'Melakukan perubahan makalah', 'makalah/18', '2016-05-31 22:38:24', '2016-05-31 22:38:24'),
(34, 3, 'Melakukan perubahan makalah', 'makalah/18', '2016-05-31 22:38:41', '2016-05-31 22:38:41'),
(35, 3, 'Melakukan perubahan makalah', 'makalah/18', '2016-05-31 22:39:04', '2016-05-31 22:39:04'),
(36, 3, 'Melakukan perubahan makalah', 'makalah/18', '2016-05-31 22:39:17', '2016-05-31 22:39:17'),
(37, 3, 'Melakukan perubahan makalah', 'makalah/18', '2016-05-31 22:39:48', '2016-05-31 22:39:48'),
(38, 3, 'Melakukan ploting editor pada makalah', 'makalah/21', '2016-05-31 23:56:28', '2016-05-31 23:56:28'),
(39, 3, 'Melakukan perubahan makalah', 'makalah/8', '2016-05-31 23:57:28', '2016-05-31 23:57:28'),
(40, 3, 'Melakukan perubahan makalah', 'makalah/8', '2016-06-01 00:00:17', '2016-06-01 00:00:17'),
(41, 3, 'Melakukan perubahan makalah', 'makalah/8', '2016-06-01 00:10:46', '2016-06-01 00:10:46'),
(42, 3, 'Melakukan perubahan makalah', 'makalah/8', '2016-06-01 00:11:16', '2016-06-01 00:11:16'),
(43, 3, 'Melakukan ploting editor pada makalah', 'makalah/8', '2016-06-01 00:11:42', '2016-06-01 00:11:42'),
(44, 3, 'Melakukan perubahan pengaturan plagiarisme', 'setting', '2016-06-01 00:37:48', '2016-06-01 00:37:48'),
(45, 3, 'Mengomentari makalah', 'makalah/8', '2016-06-01 11:24:30', '2016-06-01 11:24:30'),
(46, 3, 'Melakukan penambahan makalah baru, namun terdeteksi plagiat!', 'makalah/22', '2016-06-01 11:27:01', '2016-06-01 11:27:01'),
(47, 3, 'Melakukan perubahan makalah', 'makalah/22', '2016-06-01 11:27:50', '2016-06-01 11:27:50'),
(48, 3, 'Melakukan perubahan makalah', 'makalah/22', '2016-06-01 11:28:37', '2016-06-01 11:28:37'),
(49, 3, 'Melakukan perubahan makalah', 'makalah/22', '2016-06-01 11:29:17', '2016-06-01 11:29:17'),
(50, 3, 'Melakukan perubahan makalah', 'makalah/22', '2016-06-01 11:29:27', '2016-06-01 11:29:27'),
(51, 16, 'Melakukan perubahan makalah', 'makalah/18', '2016-06-01 11:35:17', '2016-06-01 11:35:17'),
(52, 3, 'Melakukan ploting editor pada makalah', 'makalah/18', '2016-06-01 11:38:36', '2016-06-01 11:38:36'),
(53, 17, 'Mengomentari makalah', 'makalah/18', '2016-06-01 11:39:58', '2016-06-01 11:39:58'),
(54, 16, 'Mengomentari makalah', 'makalah/18', '2016-06-01 11:41:15', '2016-06-01 11:41:15'),
(55, 3, 'Melakukan perubahan makalah', 'makalah/22', '2016-06-01 16:40:18', '2016-06-01 16:40:18'),
(56, 3, 'Melakukan perubahan makalah', 'makalah/22', '2016-06-01 16:42:33', '2016-06-01 16:42:33'),
(57, 3, 'Melakukan perubahan makalah', 'makalah/22', '2016-06-01 16:52:11', '2016-06-01 16:52:11'),
(58, 3, 'Melakukan perubahan makalah', 'makalah/10', '2016-06-01 16:54:27', '2016-06-01 16:54:27'),
(59, 3, 'Melakukan perubahan makalah', 'makalah/10', '2016-06-01 16:55:50', '2016-06-01 16:55:50'),
(60, 3, 'Melakukan perubahan makalah', 'makalah/10', '2016-06-01 16:56:38', '2016-06-01 16:56:38'),
(61, 3, 'Melakukan perubahan makalah', 'makalah/10', '2016-06-01 16:57:13', '2016-06-01 16:57:13'),
(62, 3, 'Melakukan perubahan makalah', 'makalah/10', '2016-06-01 16:58:04', '2016-06-01 16:58:04'),
(63, 3, 'Melakukan perubahan makalah', 'makalah/10', '2016-06-01 16:59:51', '2016-06-01 16:59:51'),
(64, 3, 'Melakukan perubahan makalah', 'makalah/10', '2016-06-01 17:00:14', '2016-06-01 17:00:14'),
(65, 3, 'Melakukan perubahan makalah', 'makalah/10', '2016-06-01 17:00:44', '2016-06-01 17:00:44'),
(66, 3, 'Melakukan ploting editor pada makalah', 'makalah/22', '2016-06-01 17:01:26', '2016-06-01 17:01:26'),
(67, 3, 'Melakukan penambahan makalah baru, namun terdeteksi plagiat!', 'makalah/23', '2016-06-01 17:03:14', '2016-06-01 17:03:14'),
(68, 3, 'Melakukan perubahan makalah', 'makalah/23', '2016-06-01 17:03:59', '2016-06-01 17:03:59'),
(69, 3, 'Melakukan perubahan makalah', 'makalah/23', '2016-06-01 17:04:50', '2016-06-01 17:04:50'),
(70, 3, 'Melakukan perubahan makalah', 'makalah/23', '2016-06-01 17:08:10', '2016-06-01 17:08:10'),
(71, 3, 'Melakukan perubahan makalah', 'makalah/23', '2016-06-01 17:08:20', '2016-06-01 17:08:20'),
(72, 3, 'Melakukan perubahan makalah', 'makalah/23', '2016-06-01 17:08:34', '2016-06-01 17:08:34'),
(73, 3, 'Melakukan penambahan makalah baru dan Lolos plagiat!', 'makalah/24', '2016-06-01 17:42:56', '2016-06-01 17:42:56'),
(74, 3, 'Mengomentari makalah', 'makalah/24', '2016-06-01 17:44:43', '2016-06-01 17:44:43'),
(75, 3, 'Mengomentari makalah', 'makalah/24', '2016-06-01 17:52:23', '2016-06-01 17:52:23'),
(76, 16, 'Melakukan penambahan makalah baru, namun terdeteksi plagiat!', 'makalah/25', '2016-06-01 18:51:34', '2016-06-01 18:51:34'),
(77, 16, 'Melakukan penambahan makalah baru, namun terdeteksi plagiat!', 'makalah/26', '2016-06-01 18:51:55', '2016-06-01 18:51:55'),
(78, 16, 'Melakukan penambahan makalah baru dan Lolos plagiat!', 'makalah/27', '2016-06-01 18:52:17', '2016-06-01 18:52:17'),
(79, 17, 'Melakukan perubahan pengaturan plagiarisme', 'setting', '2016-06-01 18:57:14', '2016-06-01 18:57:14'),
(80, 3, 'Melakukan penambahan penulis baru', 'penulis/18', '2016-06-03 05:44:40', '2016-06-03 05:44:40'),
(81, 3, 'Melakukan perubahan makalah', 'makalah/27', '2016-06-03 05:46:39', '2016-06-03 05:46:39'),
(82, 3, 'Mengomentari makalah', 'makalah/27', '2016-06-03 05:46:58', '2016-06-03 05:46:58'),
(83, 18, 'Melakukan penambahan makalah baru dan Lolos plagiat!', 'makalah/28', '2016-06-03 05:48:02', '2016-06-03 05:48:02'),
(84, 18, 'Melakukan perubahan makalah', 'makalah/28', '2016-06-03 05:48:56', '2016-06-03 05:48:56'),
(85, 18, 'Melakukan perubahan makalah', 'makalah/28', '2016-06-03 05:50:22', '2016-06-03 05:50:22'),
(86, 3, 'Melakukan perubahan makalah', 'makalah/28', '2016-06-03 05:50:53', '2016-06-03 05:50:53'),
(87, 3, 'Mengomentari makalah', 'makalah/28', '2016-06-03 05:51:07', '2016-06-03 05:51:07'),
(88, 18, 'Melakukan perubahan makalah', 'makalah/28', '2016-06-03 05:56:34', '2016-06-03 05:56:34'),
(89, 18, 'Melakukan perubahan makalah', 'makalah/28', '2016-06-03 05:59:28', '2016-06-03 05:59:28'),
(90, 18, 'Melakukan perubahan makalah', 'makalah/28', '2016-06-03 05:59:51', '2016-06-03 05:59:51'),
(91, 18, 'Melakukan perubahan makalah', 'makalah/28', '2016-06-03 06:00:44', '2016-06-03 06:00:44'),
(92, 18, 'Melakukan perubahan makalah', 'makalah/28', '2016-06-03 06:01:24', '2016-06-03 06:01:24'),
(93, 3, 'Melakukan perubahan pengaturan plagiarisme', 'setting', '2016-06-03 06:01:39', '2016-06-03 06:01:39'),
(94, 18, 'Melakukan perubahan makalah', 'makalah/28', '2016-06-03 06:01:53', '2016-06-03 06:01:53'),
(95, 18, 'Melakukan perubahan makalah', 'makalah/28', '2016-06-03 06:02:26', '2016-06-03 06:02:26'),
(96, 18, 'Melakukan perubahan makalah', 'makalah/28', '2016-06-03 06:02:41', '2016-06-03 06:02:41'),
(97, 3, 'Melakukan penambahan editor baru', 'editor/19', '2016-06-03 06:17:06', '2016-06-03 06:17:06'),
(98, 18, 'Melakukan perubahan makalah', 'makalah/28', '2016-06-03 06:17:52', '2016-06-03 06:17:52'),
(99, 3, 'Melakukan perubahan pengaturan plagiarisme', 'setting', '2016-06-03 06:18:39', '2016-06-03 06:18:39'),
(100, 18, 'Melakukan perubahan makalah', 'makalah/28', '2016-06-03 06:18:54', '2016-06-03 06:18:54'),
(101, 3, 'Melakukan ploting editor pada makalah', 'makalah/28', '2016-06-03 06:20:25', '2016-06-03 06:20:25'),
(102, 19, 'Mengomentari makalah', 'makalah/28', '2016-06-03 06:22:53', '2016-06-03 06:22:53'),
(103, 18, 'Mengomentari makalah', 'makalah/28', '2016-06-03 06:23:50', '2016-06-03 06:23:50'),
(104, 18, 'Mengomentari makalah', 'makalah/28', '2016-06-03 06:24:43', '2016-06-03 06:24:43'),
(105, 3, 'Melakukan penambahan penulis baru', 'penulis/20', '2016-06-03 20:07:20', '2016-06-03 20:07:20'),
(106, 3, 'Melakukan penambahan editor baru', 'editor/21', '2016-06-05 15:48:18', '2016-06-05 15:48:18'),
(107, 3, 'Melakukan perubahan data editor', 'editor/21', '2016-06-05 15:50:08', '2016-06-05 15:50:08'),
(108, 3, 'Melakukan perubahan data editor', 'editor/21', '2016-06-05 15:58:06', '2016-06-05 15:58:06'),
(109, 3, 'Melakukan perubahan data editor', 'editor/21', '2016-06-05 16:03:17', '2016-06-05 16:03:17'),
(110, 3, 'Melakukan perubahan data editor', 'editor/21', '2016-06-05 16:06:16', '2016-06-05 16:06:16'),
(111, 3, 'Melakukan penambahan penulis baru', 'penulis/22', '2016-06-05 16:06:57', '2016-06-05 16:06:57'),
(112, 3, 'Melakukan perubahan data penulis', 'penulis/22', '2016-06-05 16:08:46', '2016-06-05 16:08:46'),
(113, 3, 'Melakukan perubahan data penulis', 'penulis/22', '2016-06-05 16:11:27', '2016-06-05 16:11:27'),
(114, 3, 'Melakukan penambahan makalah baru, namun terdeteksi plagiat!', 'makalah/29', '2016-06-05 16:37:25', '2016-06-05 16:37:25'),
(115, 3, 'Melakukan perubahan data editor', 'editor/19', '2016-06-05 22:17:49', '2016-06-05 22:17:49'),
(116, 3, 'Melakukan perubahan data editor', 'editor/21', '2016-06-05 22:18:12', '2016-06-05 22:18:12'),
(117, 3, 'Melakukan perubahan data penulis', 'penulis/14', '2016-06-05 22:19:49', '2016-06-05 22:19:49'),
(118, 3, 'Melakukan perubahan data penulis', 'penulis/15', '2016-06-05 22:20:30', '2016-06-05 22:20:30'),
(119, 3, 'Melakukan perubahan data penulis', 'penulis/20', '2016-06-05 22:22:33', '2016-06-05 22:22:33'),
(120, 3, 'Melakukan perubahan data penulis', 'penulis/22', '2016-06-05 22:22:34', '2016-06-05 22:22:34'),
(121, 3, 'Melakukan perubahan data penulis', 'penulis/18', '2016-06-05 22:24:58', '2016-06-05 22:24:58'),
(122, 3, 'Melakukan perubahan data penulis', 'penulis/18', '2016-06-05 22:25:01', '2016-06-05 22:25:01'),
(123, 3, 'Melakukan penambahan makalah baru dan Lolos plagiat!', 'makalah/30', '2016-06-08 04:24:48', '2016-06-08 04:24:48'),
(124, 3, 'Melakukan perubahan pengaturan plagiarisme', 'setting', '2016-06-08 04:25:09', '2016-06-08 04:25:09'),
(125, 3, 'Menghapus makalah', '', '2016-06-08 04:25:21', '2016-06-08 04:25:21'),
(126, 3, 'Melakukan penambahan makalah baru, namun terdeteksi plagiat!', 'makalah/31', '2016-06-08 04:25:38', '2016-06-08 04:25:38'),
(127, 3, 'Melakukan perubahan makalah', 'makalah/24', '2016-06-08 04:28:30', '2016-06-08 04:28:30'),
(128, 3, 'Mengomentari makalah', 'makalah/24', '2016-06-08 04:28:44', '2016-06-08 04:28:44'),
(129, 23, 'Melakukan registrasi sebagai Penulis', 'penulis/23', '2016-07-10 14:50:26', '2016-07-10 14:50:26'),
(130, 23, 'Melakukan perubahan profil pribadi', 'profile', '2016-07-10 14:51:34', '2016-07-10 14:51:34'),
(131, 24, 'Melakukan registrasi sebagai Penulis', 'penulis/24', '2016-07-10 15:03:34', '2016-07-10 15:03:34'),
(132, 25, 'melakukan registrasi sebagai Mahasiswa', 'mahasiswa/25', '2016-07-10 15:19:32', '2016-07-10 15:19:32'),
(133, 3, 'Melakukan ploting dosen pada makalah', 'makalah/22', '2016-07-14 21:38:57', '2016-07-14 21:38:57'),
(134, 3, 'Menghapus makalah', '', '2016-07-14 21:57:33', '2016-07-14 21:57:33'),
(135, 3, 'Melakukan penambahan makalah baru dan Lolos plagiat!', 'makalah/32', '2016-07-14 22:02:32', '2016-07-14 22:02:32'),
(136, 3, 'Melakukan penambahan makalah baru, namun terdeteksi plagiat!', 'makalah/33', '2016-07-14 22:03:04', '2016-07-14 22:03:04'),
(137, 3, 'Melakukan penambahan makalah baru dan Lolos plagiat!', 'makalah/34', '2016-07-14 22:04:00', '2016-07-14 22:04:00'),
(138, 3, 'Melakukan penambahan makalah baru, namun terdeteksi plagiat!', 'makalah/35', '2016-07-14 22:04:13', '2016-07-14 22:04:13'),
(139, 3, 'Melakukan perubahan makalah', 'makalah/35', '2016-07-14 22:06:01', '2016-07-14 22:06:01'),
(140, 3, 'Melakukan perubahan pengaturan plagiarisme', 'setting', '2016-07-14 22:06:16', '2016-07-14 22:06:16'),
(141, 3, 'Melakukan perubahan makalah', 'makalah/35', '2016-07-14 22:06:31', '2016-07-14 22:06:31'),
(142, 3, 'Melakukan perubahan makalah', 'makalah/35', '2016-07-14 22:08:01', '2016-07-14 22:08:01'),
(143, 3, 'Melakukan penambahan dosen baru', 'dosen/26', '2016-07-17 17:44:48', '2016-07-17 17:44:48'),
(144, 3, 'Melakukan ploting dosen pada makalah', 'makalah/28', '2016-07-17 17:46:30', '2016-07-17 17:46:30'),
(145, 26, 'Mengomentari makalah', 'makalah/28', '2016-07-17 17:47:26', '2016-07-17 17:47:26'),
(146, 3, 'Mengomentari proposal', 'makalah/28', '2016-07-17 21:47:10', '2016-07-17 21:47:10'),
(147, 3, 'Melakukan perubahan profil pribadi', 'profile', '2016-07-24 11:25:01', '2016-07-24 11:25:01'),
(148, 3, 'Melakukan perubahan profil pribadi', 'profile', '2016-07-24 11:25:10', '2016-07-24 11:25:10'),
(149, 3, 'Menghapus proposal', '', '2016-07-24 11:31:17', '2016-07-24 11:31:17'),
(150, 3, 'Menghapus proposal', '', '2016-07-24 11:31:23', '2016-07-24 11:31:23'),
(151, 3, 'Menghapus proposal', '', '2016-07-24 11:37:44', '2016-07-24 11:37:44'),
(152, 3, 'Menghapus data dosen', '', '2016-07-24 11:38:09', '2016-07-24 11:38:09'),
(153, 3, 'Melakukan perubahan profil pribadi', 'profile', '2016-10-19 23:13:25', '2016-10-19 23:13:25'),
(154, 3, 'Melakukan penambahan surat masuk baru', 'surat_masuk/3', '2016-10-20 08:31:20', '2016-10-20 08:31:20'),
(155, 3, 'Melakukan penambahan surat masuk baru', 'surat_masuk/4', '2016-10-20 08:31:39', '2016-10-20 08:31:39'),
(156, 3, 'Melakukan penambahan makalah baru dan Lolos plagiat!', 'makalah/1', '2016-10-24 14:37:09', '2016-10-24 14:37:09'),
(157, 3, 'Melakukan perubahan proposal', 'makalah/1', '2016-10-24 15:09:41', '2016-10-24 15:09:41'),
(158, 3, 'Menghapus data mahasiswa', '', '2016-10-24 15:19:58', '2016-10-24 15:19:58'),
(159, 3, 'Melakukan penambahan kategori baru', 'kategori/6', '2016-10-25 22:57:34', '2016-10-25 22:57:34'),
(160, 3, 'Menghapus data kategori', '', '2016-10-25 22:57:44', '2016-10-25 22:57:44'),
(161, 3, 'Melakukan penambahan kategori baru', 'kategori/7', '2016-10-25 22:58:09', '2016-10-25 22:58:09'),
(162, 3, 'Menghapus data dosen', '', '2016-10-25 23:09:44', '2016-10-25 23:09:44'),
(163, 3, 'Menghapus data dosen', '', '2016-10-25 23:09:51', '2016-10-25 23:09:51'),
(164, 3, 'Melakukan penambahan dosen baru', 'dosen/27', '2016-10-25 23:10:46', '2016-10-25 23:10:46'),
(165, 3, 'Melakukan perubahan data dosen', 'dosen/21', '2016-10-25 23:34:00', '2016-10-25 23:34:00'),
(166, 3, 'Melakukan ploting dosen pada proposal', 'makalah/1', '2016-10-25 23:35:18', '2016-10-25 23:35:18'),
(167, 3, 'Melakukan ploting dosen pada proposal', 'makalah/1', '2016-10-25 23:36:08', '2016-10-25 23:36:08'),
(168, 3, 'Menghapus data kategori', '', '2016-10-26 12:52:33', '2016-10-26 12:52:33'),
(169, 3, 'Menghapus data kategori', '', '2016-10-26 12:52:37', '2016-10-26 12:52:37'),
(170, 3, 'Melakukan perubahan proposal', 'makalah/1', '2016-10-26 12:53:03', '2016-10-26 12:53:03'),
(171, 3, 'Melakukan perubahan proposal', 'makalah/1', '2016-10-26 12:54:04', '2016-10-26 12:54:04'),
(172, 3, 'Melakukan penambahan makalah baru dan Lolos plagiat!', 'makalah/2', '2016-10-26 12:54:27', '2016-10-26 12:54:27'),
(173, 3, 'Melakukan perubahan proposal', 'makalah/1', '2016-10-26 12:55:01', '2016-10-26 12:55:01'),
(174, 3, 'Melakukan perubahan profil pribadi', 'profile', '2016-10-26 15:38:39', '2016-10-26 15:38:39'),
(175, 3, 'Melakukan perubahan data kategori', 'kategori/7', '2016-10-27 15:06:25', '2016-10-27 15:06:25'),
(176, 3, 'Melakukan perubahan data mahasiswa', 'mahasiswa/18', '2016-10-30 12:06:08', '2016-10-30 12:06:08'),
(177, 18, 'Melakukan penambahan makalah baru dan Lolos plagiat!', 'makalah/3', '2016-10-30 12:08:33', '2016-10-30 12:08:33'),
(178, 3, 'Melakukan penambahan makalah baru dan Lolos plagiat!', 'makalah/4', '2016-10-31 15:34:23', '2016-10-31 15:34:23'),
(179, 3, 'Melakukan perubahan proposal', 'makalah/4', '2016-10-31 15:34:47', '2016-10-31 15:34:47'),
(180, 3, 'Melakukan perubahan proposal', 'makalah/4', '2016-10-31 15:34:48', '2016-10-31 15:34:48'),
(181, 3, 'Menghapus proposal', '', '2016-10-31 15:35:00', '2016-10-31 15:35:00'),
(182, 3, 'Melakukan penambahan kategori baru', 'kategori/8', '2016-11-04 16:08:29', '2016-11-04 16:08:29'),
(183, 3, 'Melakukan penambahan kategori baru', 'kategori/9', '2016-11-04 16:12:40', '2016-11-04 16:12:40'),
(184, 3, 'Melakukan penambahan kategori baru', 'kategori/10', '2016-11-04 16:17:07', '2016-11-04 16:17:07'),
(185, 3, 'Melakukan perubahan data kategori', 'kategori/7', '2016-11-04 16:27:58', '2016-11-04 16:27:58'),
(186, 3, 'Melakukan perubahan proposal', 'makalah/3', '2016-11-04 17:25:21', '2016-11-04 17:25:21'),
(187, 3, 'Menghapus data kategori', '', '2016-11-04 18:03:14', '2016-11-04 18:03:14'),
(188, 3, 'Melakukan penambahan kategori baru', 'kategori/11', '2016-11-04 18:03:24', '2016-11-04 18:03:24'),
(189, 3, 'Melakukan perubahan data kategori', 'kategori/9', '2016-11-04 19:42:39', '2016-11-04 19:42:39'),
(190, 3, 'Menghapus data kategori', '', '2016-11-04 19:43:06', '2016-11-04 19:43:06'),
(191, 3, 'Menghapus data kategori', '', '2016-11-04 19:43:11', '2016-11-04 19:43:11'),
(192, 3, 'Menghapus data kategori', '', '2016-11-04 19:43:20', '2016-11-04 19:43:20'),
(193, 3, 'Menghapus data dosen', '', '2016-11-04 20:16:36', '2016-11-04 20:16:36'),
(194, 3, 'Menghapus data dosen', '', '2016-11-04 20:16:41', '2016-11-04 20:16:41'),
(195, 3, 'Melakukan penambahan kategori baru', 'kategori/10', '2016-11-08 08:35:01', '2016-11-08 08:35:01'),
(196, 3, 'Melakukan penambahan makalah baru dan Lolos plagiat!', 'makalah/4', '2016-11-09 14:57:11', '2016-11-09 14:57:11'),
(197, 3, 'Melakukan penambahan makalah baru, namun terdeteksi plagiat!', 'makalah/5', '2016-11-09 14:59:31', '2016-11-09 14:59:31'),
(198, 3, 'Melakukan penambahan kategori baru', 'kategori/11', '2016-11-18 23:03:06', '2016-11-18 23:03:06');

-- --------------------------------------------------------

--
-- Struktur dari tabel `users`
--

CREATE TABLE `users` (
  `id_user` int(11) NOT NULL,
  `no_id` varchar(50) DEFAULT NULL,
  `id_role` int(11) DEFAULT NULL,
  `prodi` varchar(30) DEFAULT NULL,
  `no_telp` varchar(20) DEFAULT NULL,
  `name` varchar(50) DEFAULT NULL,
  `email` varchar(50) DEFAULT NULL,
  `password` varchar(500) DEFAULT NULL,
  `updated_at` datetime DEFAULT NULL,
  `created_at` datetime DEFAULT NULL,
  `remember_token` varchar(500) DEFAULT NULL,
  `image` text,
  `status` int(11) DEFAULT NULL
) ENGINE=InnoDB DEFAULT CHARSET=latin1;

--
-- Dumping data untuk tabel `users`
--

INSERT INTO `users` (`id_user`, `no_id`, `id_role`, `prodi`, `no_telp`, `name`, `email`, `password`, `updated_at`, `created_at`, `remember_token`, `image`, `status`) VALUES
(3, '5302412110', 1, 'pendidikan TIK', '085641161238', 'Rendi Pradipta', 'pradipta_rendi@yahoo.co.id', '$2y$10$tawcpz0CME5PDlHsFMiarupFzFcUTbSE6hwiue5.zaAqqVQZ890fi', '2016-11-19 21:40:51', '2016-04-21 07:56:01', 'XZjakp3EOZwOqELmXcAUcmkOhKwSyUWIE1AhVGgF2Rgo8BFIOyqQxvsxwXtW', 'dist/img/avatar.png', 1),
(6, '111114', 3, '', NULL, 'penulis1', 'penulis1@gmail.com', '$2y$10$tawcpz0CME5PDlHsFMiarupFzFcUTbSE6hwiue5.zaAqqVQZ890fi', '2016-06-03 21:12:37', '2016-04-21 07:56:01', '4rXDfTnb6pBotVMmNj35GU3ZDoQa6l0VXZlmzksVr04pdKUcbtA1M09yvpAH', 'dist/img/avatar4.png', 1),
(12, '111116', 2, '', '1234', 'jikuna', 'jikun@gmail.com', '$2y$10$oYoz6YNaGPXUEwF8oQq1EetpIG6SsnplHeoeJmsT8OnIQ5r36YgQK', '2016-05-19 08:25:36', '2016-05-19 08:06:39', NULL, 'dist/img/noprofile.gif', 1),
(13, '111117', 3, '', NULL, 'penulis2', 'penulis2@gmail.com', '$2y$10$N0I2Fh1aZx2g222C6m/e4eP6UUvxcqSldj/AYUdMaPKKw2ctwulRO', '2016-05-19 08:40:50', '2016-05-19 08:40:19', NULL, 'dist/img/noprofile.gif', 1),
(14, '111120', 3, '', '', 'penulis4', 'penulis4@gmail.com', '$2y$10$uxchlZ..bS54ZmloLW5iV.GYpH5hPKr/myCpvFgvtf66xXyFzssHy', '2016-06-05 22:19:49', '2016-05-22 19:39:42', 'uPaqxWb4rmtaSA4xFij4RgWFaj5rKvM1sFZCvrfkTAa1GrTTmjoBiAZGcX0x', 'dist/img/noprofile.gif', 1),
(15, '111121', 3, '', '', 'penulis5', 'penulis5@gmail.com', '$2y$10$Nw4Fc6J9wefklGxBjslBpe72cTAZaLcx4BdkTbnUPNkUMKWmPBP.6', '2016-06-05 22:20:30', '2016-05-26 09:05:13', NULL, 'dist/img/noprofile.gif', 1),
(16, NULL, 1, '', NULL, 'penulis6', 'penulis6@a.com', '$2y$10$hY0gz1FN3nW0.NvWwh.IK.6ybqeIVCOHc9o5ayIuZ6WNNeo6QeKzG', '2016-06-03 05:44:10', '2016-05-31 07:19:43', 'Ck62vm0EyhqjRHX7k5ncUbCPKXJYEXyYmnjgl6KZUDmr60IJs84Q9PA6pLuv', 'dist/img/noprofile.gif', 1),
(17, NULL, 1, '', NULL, 'editor6', 'editor6@editor6.com', '$2y$10$B7MGMwgl4QtMx8JT7L0mju6W77hf.ksOvbippHpYnRpYmt1ZkT3jm', '2016-06-01 18:54:12', '2016-05-31 22:33:51', 'YLmbvMGutZRIiBwF56IoTFFycZBeT6d6yxCOthy02poKv3a7m6fTudqZUxYL', 'dist/img/noprofile.gif', 1),
(18, '111122', 3, '', '', 'penulis7', 'penulis7@penulis7.com', '$2y$10$g62ePt1HObUqKNJwbOrrCenr/8Mq8c326/4JkrL1S/728EeVeB152', '2016-10-30 12:09:39', '2016-06-03 05:44:40', 'vf40oHOOybOtHHRtdSodQ3zVtaIztAdvdpQsWkEuTX8veNrjB75CLB9JcwuX', 'dist/img/noprofile.gif', 1),
(19, '1111118', 2, '', '', 'editor7', 'editor7@editor7.com', '$2y$10$Odtw9EMyNUFGCCW8KuK29OvAJxBPsYlHwCSKw8frC2TiTTmhPdCJa', '2016-06-05 22:17:49', '2016-06-03 06:17:06', NULL, 'dist/img/noprofile.gif', 1),
(20, '111123', 3, '', '', 'ardi', 'saya@admin.com', '$2y$10$SVKGqJJubop4Rrdrn8I9T.Y/nZuQSw47kyFi4gjGxrr2f9HDI.w6e', '2016-06-05 22:22:33', '2016-06-03 20:07:20', NULL, 'dist/img/noprofile.gif', 1),
(22, '111124', 3, '', '1234', 'penulisbaru', 'penulisbaru@gmail.com', '$2y$10$FWjJW.yEvjwiTdoY9nwhJ.zimPYP9MrCScqiOwOCwHvh/NMPeKQka', '2016-06-05 22:22:34', '2016-06-05 16:06:57', '8PT2OIIZW8LJv13tMwKmXylADPCQcawaWAPgSYZsrk9CEJsli96B83PuOxMU', 'dist/img/noprofile.gif', 1),
(24, '999999', 3, '', NULL, 'Ardian Rizqi', 'volvoxgroups@gmail.com', '$2y$10$npatOebDF4/h6dKYVmSPOuCvPqLkMoPvxanpq.fm9jxE8mD5BIFpS', '2016-07-10 15:18:52', '2016-07-10 15:03:34', 'RnYyAm8vxpKdSfQhbpENiXtLRgjjXeIOjqQbp3owU4HBRuP8WLm54cYHMcix', 'dist/img/noprofile.gif', 0),
(25, '1111110', 3, '', NULL, 'q', 'v@a.com', '$2y$10$nNuM1D8b80CJAxT2zsJEAuvgE.J8gXzTLivNyP4GIs8FiQaUSFmxq', '2016-07-10 15:19:32', '2016-07-10 15:19:32', NULL, 'dist/img/noprofile.gif', 0),
(26, '123456', 2, '', NULL, 'cek dosen', 'vaa@a.com', '$2y$10$qsAD7/0SEkE06K8uC.2fF.YozZ4sDWAJiM6fDVn/mhaAE0U9M/e4u', '2016-11-19 21:38:16', '2016-07-17 17:44:48', 'GWd0V3yLbUq2o1yIxy81am3I5DPuBNA0V4N4a0oZIuVOXlhJAGRroUP5x65e', 'dist/img/noprofile.gif', 1);

--
-- Indexes for dumped tables
--

--
-- Indexes for table `history_plagiat`
--
ALTER TABLE `history_plagiat`
  ADD PRIMARY KEY (`id_plagiat`);

--
-- Indexes for table `jenis_dosen`
--
ALTER TABLE `jenis_dosen`
  ADD PRIMARY KEY (`id_jenis_dosen`);

--
-- Indexes for table `katadasar`
--
ALTER TABLE `katadasar`
  ADD PRIMARY KEY (`kata`);

--
-- Indexes for table `kategori`
--
ALTER TABLE `kategori`
  ADD PRIMARY KEY (`id_kategori`);

--
-- Indexes for table `komentar_makalah`
--
ALTER TABLE `komentar_makalah`
  ADD PRIMARY KEY (`id_komentar`);

--
-- Indexes for table `makalah`
--
ALTER TABLE `makalah`
  ADD PRIMARY KEY (`id_makalah`);

--
-- Indexes for table `pengaturan`
--
ALTER TABLE `pengaturan`
  ADD PRIMARY KEY (`id`);

--
-- Indexes for table `status_makalah`
--
ALTER TABLE `status_makalah`
  ADD PRIMARY KEY (`id_status`);

--
-- Indexes for table `stoplist`
--
ALTER TABLE `stoplist`
  ADD PRIMARY KEY (`kata`);

--
-- Indexes for table `surat_keluar`
--
ALTER TABLE `surat_keluar`
  ADD PRIMARY KEY (`id_keluar`);

--
-- Indexes for table `surat_masuk`
--
ALTER TABLE `surat_masuk`
  ADD PRIMARY KEY (`id_masuk`);

--
-- Indexes for table `timeline`
--
ALTER TABLE `timeline`
  ADD PRIMARY KEY (`id`);

--
-- Indexes for table `users`
--
ALTER TABLE `users`
  ADD PRIMARY KEY (`id_user`);

--
-- AUTO_INCREMENT for dumped tables
--

--
-- AUTO_INCREMENT for table `history_plagiat`
--
ALTER TABLE `history_plagiat`
  MODIFY `id_plagiat` int(11) NOT NULL AUTO_INCREMENT, AUTO_INCREMENT=97;
--
-- AUTO_INCREMENT for table `jenis_dosen`
--
ALTER TABLE `jenis_dosen`
  MODIFY `id_jenis_dosen` int(11) NOT NULL AUTO_INCREMENT, AUTO_INCREMENT=3;
--
-- AUTO_INCREMENT for table `kategori`
--
ALTER TABLE `kategori`
  MODIFY `id_kategori` int(11) NOT NULL AUTO_INCREMENT, AUTO_INCREMENT=12;
--
-- AUTO_INCREMENT for table `komentar_makalah`
--
ALTER TABLE `komentar_makalah`
  MODIFY `id_komentar` int(11) NOT NULL AUTO_INCREMENT, AUTO_INCREMENT=31;
--
-- AUTO_INCREMENT for table `makalah`
--
ALTER TABLE `makalah`
  MODIFY `id_makalah` int(11) NOT NULL AUTO_INCREMENT, AUTO_INCREMENT=6;
--
-- AUTO_INCREMENT for table `pengaturan`
--
ALTER TABLE `pengaturan`
  MODIFY `id` int(11) NOT NULL AUTO_INCREMENT, AUTO_INCREMENT=2;
--
-- AUTO_INCREMENT for table `surat_keluar`
--
ALTER TABLE `surat_keluar`
  MODIFY `id_keluar` int(12) NOT NULL AUTO_INCREMENT, AUTO_INCREMENT=15;
--
-- AUTO_INCREMENT for table `surat_masuk`
--
ALTER TABLE `surat_masuk`
  MODIFY `id_masuk` int(11) NOT NULL AUTO_INCREMENT, AUTO_INCREMENT=27;
--
-- AUTO_INCREMENT for table `timeline`
--
ALTER TABLE `timeline`
  MODIFY `id` int(11) NOT NULL AUTO_INCREMENT, AUTO_INCREMENT=199;
--
-- AUTO_INCREMENT for table `users`
--
ALTER TABLE `users`
  MODIFY `id_user` int(11) NOT NULL AUTO_INCREMENT, AUTO_INCREMENT=27;
/*!40101 SET CHARACTER_SET_CLIENT=@OLD_CHARACTER_SET_CLIENT */;
/*!40101 SET CHARACTER_SET_RESULTS=@OLD_CHARACTER_SET_RESULTS */;
/*!40101 SET COLLATION_CONNECTION=@OLD_COLLATION_CONNECTION */;
